# sha -> derived tags (space-separated). rigid: literal path components + filename subsystem; fn:A_* from diff tokens; merges tagged 'merge'.
ae3f50d1b295dea0503d0a21f5a6399c4d7d1e44	f:compatibility
9e0301c1a1cf7be1649d8e5ffdbe9f3256db7082	f:midi f:music sound
7642c2cdaab6ed4611c8f31adba4d4fb8f8548ce	menu
3dcb05e5d261c8b8a6db5df73c977385ee048f37	f:actors f:keys g_shared
a7fd04a235aa575cb80752593324eeedc93fb910	merge
cd3a3d4472f436d314de994dfe109d8efb343b24	actors f:inventory shared
115dbd0b58876fd3fcb0fc0c9e52f06e8d366c76	actors f:constants f:inventory f:playsim f:pspr fn:A_WeaponOffset shared
661c2e5919f7f35d6b553e4e6a778bb5583e23a4	f:acs f:playsim
362e21a6b32e3aa1b773afcf9dd8fb4a28a34722	gl models
fe966916d75bd53aa8a8ba884bc550cac35514cd	f:oalsound sound
5e4be101f1d80db77727236eb0d2af3380c4e4be	merge
9e847c252bf47b0884037089addbb584d1dabb10	f:maputl f:playsim
aff8b0057584460114ba8ea97609a24fab8f9239	f:actors f:strifeitems g_strife
6949afc334ac423250f61fc7ba64cc0262409efc	f:map f:playsim
52e19c59b350bad2ebdb60ed91eaf4afc05234dd	f:framebuffer gl system
03b31796cc213dbc7cfb282ce12c2fb48c60e4b6	merge
ebca170e73d95583a5a669c4820d56f3d5e1c645	f:oalsound sound
cd8213f067a9564af377791903eab17c2cc41036	f:actors f:portal f:skies g_shared
99bfc64af6c89c85f2ced7515ff65c91a4c51218	f:renderstate gl renderer
4998d4a84d2693b2555ae4e055064b47b192a5cf	f:codeptr thingdef
2ba26693d1123af8f20d80f470f267b8b51e16f1	actors f:codeptr f:constants thingdef
b91ed5dc5da371cf51722ea6d5f2229712285d59	actors f:actor f:codeptr f:constants thingdef
616f84209b3102a864be98959cb4ac9a5518a0b9	f:framebuffer gl system
39f64383cb90ec611dadba05bc003374fc0217c1	actors f:codeptr f:constants thingdef
952219a0184abf8c9f4776acc0873a5bc1ae07d4	actors f:codeptr f:constants f:local f:map f:playsim thingdef
852ed6cd04eb50c53b45fc71c1764ce13112e5d6	f:map f:playsim
769521b2e19114b635d33d5a49c362ba8997e78b	f:main f:net
078e27e61f4acf9149db8852d64afdfd5f6429f4	f:mugshot f:sbar g_shared
d4b258f15bc7f8d09a5d798ef728c5a38f3bc31e	f:map f:playsim
9ab620814df9b04b4dc784dcdd6796742a6c0050	f:interaction f:playsim
0726a88ab979f0097059a56562e1c53845046e2c	f:segs f:swrender
220255e6a420b223550b929fd2295a43d53da7e5	f:map f:playsim
12b84d9f716344d86aa86c12e9dd35571c486ed4	merge
43d93a19a0251d6bebb45d916bab883dd0c6a60b	f:playsim f:sectors
f8c12f45330cfefaa09eff326ba26dfe391f29d9	f:sound
cc881303627a7ee485415df6b480d228de91819d	f:map f:playsim
77e30bb7d73760e8cacecc893013ac35212ed377	f:local f:mobj f:playsim
15933f9c728758363a1b023a541c77795a0714c3	f:hwtexture gl textures
0cc57c614103a93862400c667ae6ee16a0f0d1bb	cocoa f:system f:video posix
2709391ce97867b226c3ca083fb1844820f876f4	merge
966e6797e49061093a5a28a0b28edaee5bb0b59a	f:main f:swrender f:utility f:vectors
2e4b8dd416ae3437fc6322a68ac4814ba94d7e7e	f:portal
15c711f2a16b75ec8d1dffc57022a41f4dfeceac	f:flats f:walls gl scene
d5eb1008a43548353d15c2c8cdee5993a5f73477	f:flats f:walls gl scene
b90173ed21bc5caece2eec530c3c5a37c64618a9	dynlights f:actors f:dynlight gl
ad713b1c2589507e6bce269fbf9dec3cbd23ea50	merge
841a5795ae8275eb28815b1d936bb04ccc103cfb	f:version
6753cddce13b22c50210394c607fe5d2482bba11	f:weapon gl scene
8334189d6658e7068fd761a3c4003903ecf70716	merge
f4e4221da70a84668ebd89d2ca75349f7872523a	merge
fbf845982be7fc2f3df832cf6accf3cb302991d9	build
ba1574e65a210478b84a3434cd817c9030f78d08	f:oalload sound
fa46965a71559b8fe479098b83efbf044655604a	f:oalsound sound
0b7b78c5d233a6066d92e872ac0b943821ed0fe2	f:oalsound sound
e298f8389b452890c1b7306fdfe073a23fdd71a7	f:oalsound sound
66c61a7c8b8e15bbc731c87242c0cee682df98d9	f:oalsound sound
26a8a8a1ba583aed21949109afdf8ec28fe1cc68	f:oalsound sound
e1c8890c5e9d46981150d2cea2deae474722aafc	f:oalsound sound
c3cef91a4f1a0953676fe3271f77750de34b9b18	f:oalsound sound
12c9281a7e484daee75e935297c84457d76e3b27	f:oalsound sound
bf5ac9b4764f57eb355bf7e904f615809a218519	f:oalsound sound
55294c58065ae5b0724068f2f7549088e5c08ade	f:oalsound sound
52995f8fc2973e1bd1fdd3361b920d7eb2695439	f:lights f:playsim
c193bb77994b4b80f851a5c71915f8b5e1a0d5ac	f:codeptr thingdef
d61ec05c0f744d4eb68742b4a451b0648ea8fcbf	compatibility f:20 f:drawinfo f:wall f:walls gl scene
2b92048a5b1185cfe73d97f444284100cf0ec1fa	compatibility f:20 f:drawinfo f:vertex f:wall f:walls gl scene
51baa7d137486bf07c40017e471aa4340c2857e1	compatibility f:20 f:wall gl scene
0b2821d696dba4cd12a518d7469a4bb216b7511f	compatibility f:20 f:flats f:wall gl scene
c9d4c6803960b7ddd7905a3066d941a78e961673	compatibility f:20 gl
4412f99b385151c6ce5edf7f8cfbca7e1780c836	compatibility f:20 f:flats f:wall gl scene
ec7b4b1ba4bf8ac54ec50ff22752b23d82d4dc71	compatibility f:20 f:walls gl renderer scene
8817f891923a9d675e9fa964710083770b827396	f:sprite gl scene
7b65e6d424f67551c976ef6d6e5d8e24a5954f7b	gl models
317730584fafd63edac3b765d014741f33b1534f	f:lnspec f:playsim
bb378f2d9410af9d575bf4eb6a751cd2904b4628	merge
0b833be06e10f7f6a7c7b122f3b63774289cff99	f:lnspec f:playsim
3334b28a02da663b904280de951b3a158c75aace	f:main glsl shaders
bdb7594e60812155d89d6887ca426198bec98750	gl models
5f095082c0bdc5390ef31224577f0880930cbca3	gl renderer
9f91fa8f4377a55b5837584f64f2f9820992851b	f:func f:warp2 f:warp3 glsl shaders
2c888165777235fbc3d4e5f830c7a5aa89d4b4ae	f:warptexture textures
54571beacad6974597c581e1f446f4e1561aace6	gl models
fd8a59bd249f936a702765a0025b4869e3bfc172	gl models
ab8a64743320413e70b85a40b098814fc18fc598	compatibility dynlights f:20 f:actors f:dynlight f:spritelight gl scene
0a943719748a4b672628211313f7b7fd53885abf	compatibility f:20 f:load f:wall f:walls gl scene system
4ea3339e40d8770c04af24a44e8eaf3afce3aa09	merge
be3b126f7b9a3e20d68a0ff9825a7424536a9ea0	f:actors f:skies g_shared
0f8f08edfd5c9657f5429ad332ad57fe2ec4a53e	f:sprite gl scene
b6af4677f362869250c1092e892db568a7b2809a	f:voxels gl models scene
534500f36d5c87e3262cd289d73abbc39713610e	gl models
f7fda94ec9d2e9aa7b49549411062f95c90df7c5	f:voxels gl models
0e14f00b51aee74c2aec6c9e48ecd4289a4e3abd	f:interface f:material f:samplers gl system textures
4d7be0e20e0b400963661e487924407aa11074fc	data f:renderstate f:vertexbuffer f:voxels gl models renderer
ce714ac5190db7d64e368ab99972295f17c657ed	merge
942138b307672f552f6137bdcde196a749c2c637	f:material gl textures
a576243ff28af07760a504a9a326b51382973b81	f:lnspec f:playsim
6f2b0a62939aa76acf0c671e070c966a82113f22	f:hwtexture f:material f:texture gl scene textures
ec037bfd1a6d1725fdfcf7fe9badfcffcac79a8e	f:walls gl scene
16bea6cf1fdc59dc8a724571477d20597e43cbb3	f:sprite gl scene
9ec3093a3429a5c483c3a3165ca23e519631af9d	f:sprite gl scene
f9022f3054ee5fcfdf1eb7935f53d9e32c457e0b	f:gammacorrection glsl shaders
def785e4620eb20cf017b19947803260604e59e4	f:actor f:data f:namedef thingdef
673dab7f23c933146d460187f9f4f5b54b59bd0c	f:sprite gl scene
4c4b97316ec345c12a8900b7ad5c0def828b50d1	f:material gl textures
333560086de84cddacccff034afb887d76dc728b	cocoa f:gammacorrection f:sdlglvideo f:system f:video glsl posix shaders
44b019413c43c1fd814fd266caf652207af40fcf	cocoa f:gammacorrection f:renderstate f:sdlglvideo f:shader f:system f:video gl glsl posix renderer shaders
a163220e8c25b3eb5bbba85c0740d73cff3f09f4	f:sprite gl scene
0bf7c3e362cc40852b0244dfd2ac8cd89a629b19	actors f:actor f:codeptr f:data f:mobj f:playsim f:properties f:version fn:A_SetFlatAngle thingdef
f2f3fa6d090af6531a3e94976566fa001bb26146	f:framebuffer gl scene system
4fbe77fb82f7a5b761fdbfc2e0bf4c9e2c95e15b	f:acs f:playsim
b2e67c2c7e42b1eb2da8ebba630d696c50b60457	merge
f41dcc75d1fc8bebe986d2e8fffb0ff2314573ac	actors f:actor f:properties thingdef
65e1589543edd9d1d86628cd5c1616bada75e149	f:game f:level f:mapinfo f:playsim f:renderer f:setup f:swrender f:swrenderer f:texturemanager f:video textures
0d402618a3d24c8194604f1a760aa3f89a86f6cd	f:advsound f:fmodsound f:oalsound f:sound f:soundinternal f:system sound
3ed95510545914d3e1408c8212f6f90067bf55b3	f:mobj f:playsim
980a31075521762a1a17925c59a9127cb39c0317	f:sprite gl scene
b443ac8f719e02050382efd1b7c097d6d75d6113	f:playsim f:trace
9ba547e6e3c835b9555097b9956e91ae2996f06e	f:data f:mobj f:namedef f:playsim f:version thingdef
26acf8e994517ca078253bdce106753407832b2b	compatibility f:20 f:scoped f:view gl scene stereo3d
3aee8a3eeebd4c820b41b87f097ef39c11db7c14	f:mobj f:playsim
a8248433e95080d8bc2d94910ea6a49f14b2c596	actors f:actor f:codeptr f:data f:mobj f:playsim f:version fn:A_SetFlatAngle thingdef
50ba1ecde8298abb6af43c140ed92ee514e35716	compatibility f:20 f:interface gl models system
4fb17561bc2fecc21d2f01f851b659ca75cd05c2	data f:geometric f:matrix f:sprite gl scene utility
47064e24c97af7f1afdabaf6ba8962bdcdcb0854	f:shader gl shaders
5ead3503b22ca1f4a27d640f60841a1b830cc7e3	merge
24526f7da5f1e80acc8f932a7d9a116515b96933	f:clipper f:material gl scene textures
a17ec55d0dee70f76f5d9720136c6bd00af790c8	f:enemy f:playsim
737646b45d33d2313c38b9a51d08044007d5958e	merge
1deb9742de264c29005746f61adb19d5175cc4ba	f:shader gl shaders
138c6ea25e7b6c49336249f5a07cd9e382ca6fac	cocoa f:system f:video posix
7d03ed4dc76a9fa71f5ab63a1b48b6e7a30ded0b	f:bsp f:defs f:extract f:glnodes f:man f:nodebuild f:playsim f:polyobj f:setup f:swrender
265783e1f602824e36ba184965136e4b6cfdaec9	f:nodebuild f:utility
6d95c9d54468d69584a516e965f278571ab4ea35	f:sprite gl scene
c4590a2615a1ec96c7981b7f7629b56fd49ff34d	f:language f:menudef
ed6cf6cf1e8ab11d2d0ed2ba133fc614c0e492ac	f:menudef
5a3300530334766a98f5c70cff1e5fa8c46df44c	f:sprite gl scene
b320787102ab0ef6502517f595a6fdeccf851366	f:sprite gl scene
51991ef22d3a510a2faf13687ae79ed1b1621535	f:wall f:walls gl scene
ca95371a2791ed0b6212c6e6460be36003ada6cc	f:load gl system
8011958ebeed95b5d0407ed9af2c58f7f58e2bff	merge
d84e0792829566a9ecdf946090cb370d0149cb64	data f:portal f:portaldata f:sprite f:wall gl scene
c29e96d369f6479f5ffb90a59fc0f9f93f680895	f:interface gl system
50ab301bd8646e56e22b8465ad56d74c59eee3cf	f:interface gl system
4400d0cfcc4df9ca11d49f0ec495b580d4c53d02	gl renderer
32412c7f754efc20f536517feb11534a89655378	f:interface gl system
6757447f1bfe21288b9754583c7f7256836cc9ce	f:framebuffer gl system
461c97d25b3b7e98cc5c69d5f8ba2d295263e6fb	f:shader gl shaders
f387199442d580fe5da4f2fff94752679692aaec	f:voxels r_data
86b647ed41f1ad0095b48142a5ae3c01a29d7f1f	f:hud f:shared fn:A_KeepRatio fn:A_VirtualHeight fn:A_VirtualWidth g_shared
2161ad2c4b74887d5b9c686c4f6cb1cf6f4ba903	f:actors f:keys g_shared
c3759646e7f1d78fe1389a8e9e48f6cabc60e0d9	f:animations f:warpbuffer f:warptexture textures
8fa5fb6a9548cd6aa2f9ff6289617ff339b19cff	cocoa f:system f:video posix
893d0c8915203ce4d25766872fbe508fea024706	f:interface f:load gl system
3816b469386578e776666977db69da18ac18b68b	cocoa f:sdlglvideo f:system f:video gl posix system
de6f13f0b4dfd68affd8dce6b3ae7aaa1a09887b	f:extlist f:load gl system
a95c6b9644b14f7d3e1cbd4a22b36dd02f5f2b01	f:bsp f:segs f:swrender
09730bff73a241dc388e1d60ba1a5803b941de1b	f:plane f:swrender
2b710ec73dd69174a2f588b93585c82bca0ce10b	merge
8309d8f634eda3bf6f00beedb6a59b68ae291bfa	f:map f:playsim
a2d20b5a27089bcf02207410efe6897f708654c5	merge
b9687b4a57814e1a9fd5cfb58ce9c8cd4f78b72b	f:actors f:quake g_shared
70bf6493645b622c7994c83c743769ff4e09a0bf	f:main f:portal gl glsl scene shaders
dc772a9f348a2a91e2e42e729890cfd5bc8baeb9	merge
4a72c7d2f1ec6bb6d4e9bc0ecf86e1f8e673a9bb	f:actors f:eternity f:farchive f:playsim f:quake f:saveg f:version g_shared xlat
f3d273c94f791a0813ff7d8ffce0414c2192d6c4	f:segs f:swrender
8f3921190feb9fdbe88433ef1297af77cfe2061c	f:main f:plane f:swrender
96228ca15f642b20070e4938e97b83b4fd3b67b7	f:segs f:swrender
21283b18f447dc3ee5ff85a1a14db1302a7af2b7	f:bsp f:portal f:renderstate f:shader f:shaderdefs f:sprite gl glsl renderer scene shaders
e3fad118d2722072b323db92533bd2faef3ae8b6	compatibility f:20 f:material gl textures
27a3b6aafd3218dec2cf49149027cd4cb466efa7	merge
3bbb5c7237678bf18ef369e2de563d0e40bc8d36	f:warpbuffer f:warptexture textures
434e39e62fb0d9f912e3bd4f023fbb4c92727f38	compatibility data f:20 f:clipper f:drawinfo gl models scene
60a78a0d9b0110cc02f9f50dad84d242a8d9c791	merge
af2a1769d81870da220e707d38e4bc28346392d9	f:main f:swrender
ef98757c7c8d95145e9be10e52d68d9aebd5fc9b	build f:actor f:basictypes f:bot f:effect f:enemy f:floor f:lnspec f:local f:main f:man f:playsim f:polyobj f:pspr f:swrender f:tables f:texturemanager f:things f:udmf f:utility f:warptexture textures
9f0c5d590977255a8a7485aa9a7f315c2e3a489a	f:plane f:swrender
027b8d29b8cf5b976cfe5cdea07e021a94b80370	f:main f:sky f:state f:swrender f:swrenderer f:tables f:utility
f301cf7c57fcd03802268f6c598703286cb87b82	f:main f:swrender
26f54b0ba49d3f32b95d9849f066d835ff18003a	f:main f:swrender f:tables f:utility
8171637a575d7a35220e6f2dc5df03e475a9a9ac	f:swrender f:things
ae7d0480577ab67c167dfa53862e3f3bc64325f8	f:plane f:swrender
44adff459abb6d49581db91ad99e913be4c33ced	f:doomstat f:draw f:main f:plane f:swrender
31d842a89416375a2e970b36a0cad177982fa910	f:plane f:swrender
ac69ed3361097719477695bad36a62ecc0e95191	f:segs f:swrender
d4806f82cafa8c2aae27aa84dab310866c26abbb	compatibility dynlights f:20 f:drawinfo f:dynlight1 f:win32gliface gl renderer scene win32
ee7a4daa8c3548931e43061f1f68e4fe272968e0	f:drawinfo f:win32gliface gl scene win32
6f11a658932807cd20c381f8d3bb421da0b975e5	actors f:actor f:actors f:codeptr f:playsim f:quake f:sharedglobal f:spec g_shared thingdef
64d01a3bb1177beb389b2aebd2d58ca5e2a20900	f:swrender f:utility
0fc7055f5113c5fd53e03ed98a8a32bd7ab57562	f:actors f:quake f:sharedglobal f:swrender f:utility g_shared
38d92b23b96bd20c35fd41affa26332feb5a43d7	f:acs f:playsim
3fd0d27efa16f8149d5be585fb8ab276ef149205	f:dobjtype
a14c0c80636728e022ae80cdba8e6bdee3495739	f:swrender f:things
3be33b5725a822c2c1ffed2826cc399ca6a8ef7e	gl scene
15480feb96f314bfc0517ad367e0a10c42c1e9e6	merge
3a17d6aa78026f3f32b039ef4224245ad0241978	f:actors f:quake f:version g_shared
762d186657b873a30b82b58200e5d76845b25e25	f:swrender f:utility
be9b25e76057b092b6f9a633c81793cd612024dc	f:actors f:codeptr f:mobj f:playsim f:quake f:swrender f:utility g_shared thingdef
c972caa9f3381d175c06af90cd70d00af83f9c46	actors f:acs f:actor f:actors f:codeptr f:mobj f:playsim f:quake f:sharedglobal f:spec f:swrender f:utility f:vectors g_shared thingdef
660aff562d2fbcc9c9e2a1ecaaa8f15c42e9cf22	f:actor f:data f:map f:playsim thingdef
262f3575aed8a101d96490cf350bf3a1b43cb82e	f:commands f:mugshot f:sbar f:sbarinfo g_shared
ebca8cc5b0613a8a6a002ef12b137b6f3a3b30a4	f:misc f:specialpaths
934b1923d0b28640138d5aed2eb3132d3ab2a559	f:map f:playsim
044bf4ada6b0bbe926b8ecc1fb92775cc805c50c	f:map f:playsim
f5afa30ee6193c9038722c31e282e2bb6e5adbec	actors f:actor f:codeptr thingdef
61b165ccc4993921cbf58258fca7f99e819a5bf1	actors f:camera f:movingcamera f:sharedmisc shared
d970be48f96cc149addb6abecb49440dd9592fcb	f:segs f:swrender
a029c7b6648c855740a7692e899281868353612d	f:3dfloors f:swrender
ee43c4ff95ebe317d3108ede324ef8824e9ba37f	f:segs f:swrender
8bda3564127596ccc85879bd0616b4b7175c3495	f:plane f:swrender
73823e6a095207a2a3ab91751ec58ab5be1b3e8e	gl scene
a26d81e060de758e39e7c97cd991cc36e2c361f3	f:segs f:swrender
fab38d092b5b1cc736aa2916523a12cd5823da16	f:3dfloors f:map f:playsim
86f38475b0e36073c1963fae1cc4d51b8a581f64	f:main f:shaderdefs glsl shaders
09f54b09409ddb65debc0a186eed06d1cca40252	data f:flats f:gllight f:matrix f:portal f:renderstate f:shader gl glstuff renderer scene shaders
066d5c63e2599039bf69a2e1d4aa634af975f700	f:decal f:drawinfo f:renderstate f:sprite f:walls gl renderer scene
3faf5afa3aec40b5df9f334d915430631a740f7b	f:drawinfo gl scene
b06c86db38a657e842872466289876779bd4b6a6	f:wall f:walls gl scene
6e1b21d51378ec8372d190a0291b849db134a2e5	cocoa dynlights f:dynlight1 f:sprite f:system f:video f:wall f:win32gliface gl posix renderer scene win32
89f36fb963bfbd51b370da773515a66727e080a5	compatibility f:20 f:skydome gl scene
9d71c91f01d5000a13a136fb453256dca0f97233	f:material gl textures
924b72b633848fd821b3008979ada7ed77581955	compatibility f:20 f:renderstate gl renderer scene
913e3df7e3e0e957f3407585499fb4fc5c058315	compatibility f:20 f:bitmap f:interface f:material gl system textures
7e6e2bc0a84c47a9795b08a5326b682128ade21b	build compatibility f:20 f:interface f:renderstate gl renderer system
eb2705785390fa50da6fb0d62894de1995cadd35	data f:interface f:renderstate f:skydome f:vertexbuffer gl models renderer scene system
3b1500438dc4a78cfb02f0a64926858e13b90b20	data f:hqresize f:interface f:renderstate f:shader f:skydome f:vertexbuffer gl models renderer scene shaders system textures
f066457a48b623e82434724af2cec01b04db4dbe	data f:hqresize f:hwtexture f:interface f:main f:renderstate f:shader f:vertexbuffer f:win32gliface gl glsl renderer shaders system textures win32
ee9a40f5e94458a83502330d6343e8a13b8c08b0	f:anaglyph f:stereo gl stereo3d
090d13b9154352cbcc0648228fa1c9443555e15b	f:flats f:interface f:renderstate f:shader f:walls gl renderer scene shaders system
8b5c741358fa3e3b3f21fe0fdd2530cf3c17802a	f:win32gliface win32
6e25d3f618a039ad7ad038425d394409a2bfd0d6	f:main f:oalsound f:sound f:system sound
204d0c8572a6397fc0ac778d991f5b7432caea1c	f:decoder f:except f:fmodsound f:mpg123 f:sndfile sound
97bed58d7d5b800b8017df50eb50ab4cb825b8fd	f:load gl system
fc38728309f585f306dc48a3c7879c8c9e54e2f0	f:main glsl shaders
172290224b09395fdf380ceb2fe45a4250edc08a	f:eternity f:lnspec f:playsim xlat
22b7a38539498e08990dce7c05598d0ba1510566	f:flats gl scene
f77c4642cb9dc736336a667ad9ee419e9cd3d957	data f:decal f:defs f:drawinfo f:flats f:renderhacks f:setup f:sky f:swrender f:vertexbuffer f:wall f:walls gl scene
2914cdc939171644277821b63a2af52987a03a96	merge
0f99d7d73f4971505a227862b3a08b1483589d6d	f:3dmidtex f:actors f:buildmap f:decals f:defs f:glnodes f:interpolate f:linkedsectors f:lnspec f:plane f:playsim f:portal f:saveg f:sectors f:segs f:setup f:slopes f:spec f:swrender f:udmf f:version f:writemap f:xlat g_shared r_data
31845cd16b884e4110b30bcba7831076144c5af7	f:segs f:swrender
593f6c29ad9c7f190d32795a08007c12d9d72130	f:menudef
e96ed6bf8db6bd35ee9cd488d5338691078549d4	f:console f:cvars f:dispatch f:main f:netinfo f:optionmenuitems menu
fc54dd1ff01ed4df281e43f9f8126cb1c0751bbc	f:console f:cvars
3a0d046f7e7b2873f5bf393b39358fc95361c088	f:draw f:video
96a0bee65102e2c3abc789fdcda419c3a012204e	f:expression f:func fragglescript thingdef
3cabd5f0edb49b9c884cdf7e32d84cf845b8fbf5	f:swrender f:things
991f49e321e19752ebe24411f77ffa7d35476edf	f:swrender f:things
b8e3e1f0957f1d43c4ec3b26bf770c1ef1e94770	f:vectors
565bab8bd3aff6a56c6219771a030e6499b3fb01	f:main f:swrender
f420ccd2873f13993e9afdbffe6b646a2cce933a	f:base f:lnspec f:playsim f:spec f:teleport xlat
eaabb5e986362dd5af5b00cb270360de5a2ba23b	f:swrender f:things
0d17459c363382d98bf2c8ab5497c0f825c66785	f:interface gl system
6bba84458cbece1b5c46092e1a01523da2c14cf6	f:effect f:map f:playsim
78da8b5a604b51cf4eba6c88838d4f8346aa6189	merge
5fcdb7b80dfaab3e534daff32668aa2e6c94a1ed	f:version
c246d1c1adb1a1d58cc516fda06b57a0297092a7	merge
3c13d8085b76ecbdcef38dd76745c744ac3250e8	f:swrender f:utility
9d9219795af4e2023909b01865d736a1fc2133f8	f:wall gl scene
bf369002999d154f55c302c4422e9a1ffef912a7	merge
2447f7bc38425e2f883cf58db825b2553ea4fde4	f:automap f:buildmap f:defs f:interpolate f:map f:playsim f:scroll f:swrender r_data
38f12133875995bcca4871ed7fc80611e01aa603	f:renderhacks gl scene
e56d643924ec4c3b0386b831d5910b7176d20a3b	merge
04e614daec4ead4f80e6efddeb4579a20e439d09	f:bsp f:defs f:plane f:playsim f:saveg f:segs f:swrender
a17e0b70d24f5bcad629bed9f7e61fa25b3387f0	f:material f:sky f:walls gl scene textures
47834907dac976c3537c561551c3795bb6b249b7	merge
35a6994d0a24f9f3c64af5a9c7fa9ebd70da9169	f:3dmidtex f:acs f:defs f:interpolate f:plane f:playsim f:scroll f:segs f:swrender f:writemap r_data
be8d1b46a7ccf1e552a0eb99224abdf6e74057a4	f:defs f:swrender
6450752399a5c89453252f1c081a99a353e0076e	f:bsp f:clipper f:sky f:sprite gl scene
ba37854e44f6664c099bbe192f0bed3142c63791	merge
4d4f31fd83b36bc0e93abd2f06e39da7f250eaef	f:defs f:plane f:playsim f:saveg f:scroll f:segs f:setup f:swrender
f1b3f59bcc557e0a2fd3375d2ae58cceea047f6f	f:bsp f:draw f:main f:plane f:segs f:sky f:swrender f:things f:utility
1f97488945ab15a72f89a4099334aaa42acdd9bd	f:segs f:swrender f:things
cb0fe38dfe3d2f0df47e84694cca66e601e99ea9	f:bsp f:swrender
b2b3e50c5c81ac9b9b880917a5405f7f3a0006b4	f:bsp f:segs f:swrender f:things
3ef5a678d5176fe926717732b44ca8d21a36d31f	f:bsp f:draw f:drawt f:plane f:segs f:sky f:swrender f:things f:video f:xs
4a1cc618228aaf6bdbe55fc73e852649b8d72da1	f:main f:swrender f:things
ec8d038c991807ea0f75d65bed1eb662aabd0184	asm_ia32 f:bsp f:draw f:main f:plane f:segs f:swrender f:things f:tmap2
4416d88eb225c70063a5e1827537b17d3cf0bf65	f:main f:plane f:segs f:swrender f:things
ded3f9245234481634cba582c9985e42a2d421cc	f:3dfloors f:bsp f:defs f:draw f:drawt f:main f:plane f:segs f:swrender f:things f:utility f:video
bab0ed451a1f7c881fce0286703184ad925cbdbc	build
c786b65727f42b4702e1f2f2b6908ffccf0c05c2	f:interface f:material f:samplers f:wipe gl system textures
3c7d0c971fea4a00747893ed2183bf4c47a146fa	f:playsim f:saveg f:version
20d3a72307d813f13b2fc9dd27139cf7e471e4b2	merge
f299248c8ae2cad36c1683407dba2906c7ab53b8	f:renderhacks f:sky gl scene
382a6e8b9fb44cc97042fcc20fe054531c16caf0	f:actor f:defs f:map f:playsim f:portal f:swrender
afa3009f93cb8f41272a313140f2427f47ab3556	f:ceiling f:main f:playsim f:swrender
6cfd82f5009177c5a206677e3908b3abcdc0d307	f:cheat f:misc
6aca7604eb37ba8e436261015603b4c9a2f1d311	f:acs f:cheat f:conversation f:func f:misc f:playsim fragglescript
7b35f32f3de012ccb0ccabe9086cffddcfe0bd00	f:actor f:mobj f:playsim
ed070cfe06b2e4b91a0975fcb45c1cd2c08cf8b9	f:eternity xlat
ad9b9479ec424aeb59c7d22a17b085e51b0539af	f:acs f:actors f:morph f:playsim g_shared
27cc3d6289a6e1a8d26dfdb83eb430adf19e8d4e	f:3dfloors f:acs f:playsim
ba7260c1761c2f6846235bbc96650ab4eb728baa	f:map f:playsim
c3eec6db4d4535798d32d393d62ae653f8553f3a	f:playsim f:saveg f:spec
074bce643a22432a2a59c5c1f6fe4532022992fe	actors f:actor
1c7b512cc07002d502911d10b7cb679884859fd3	data f:defs f:fakeflat f:flats f:playsim f:portal f:portaldata f:saveg f:sky f:spec f:swrender f:wall f:walls gl scene
9c6e7753d807b8e2e81d1f80e8eb2c5dc5cfa71d	merge
e5dc92f998dcc397c509e1a719ce251a5a55e0cd	f:actor f:dthinker f:game f:level f:mobj f:playsim f:portal f:saveg f:version
082042818b7608a960f9b76caf1dbb056ebbabd8	f:actors f:bsp f:defs f:dobject f:dobjgc f:eternity f:farchive f:game f:level f:main f:maputl f:plane f:playsim f:portal f:saveg f:sectors f:sharedglobal f:skies f:spec f:swrender f:things f:trace f:version g_shared xlat
3532dd9ea1a8feaac0da4110d8d28ba9c8841f87	f:3dfloors f:enemy f:mobj f:playsim
aa12772e079f37cb48cba3602eaeacb2cabbc3c8	f:bsp f:defs f:swrender gl scene
1f32f5a2582e167faa3723d784f323bd47886b1e	data dynlights f:actors f:bsp f:defs f:dynlight f:fakeflat f:portal f:portaldata f:renderhacks f:sky f:sprite f:swrender f:walls gl scene
b0a0fb5ff0ca243b5dea77eb6781253ca2eced4e	merge
60966f472f146a8e935b406d240eaf4fe1e64bbe	actors f:actor f:actors f:codeptr f:enemy f:exp f:expression f:fighterquietus f:info f:playsim f:thingstoblowup g_hexen g_strife thingdef
06216d733e8153c9b9cfe370125b38bc7253e3ec	actors f:actor f:actors f:codeptr f:enemy f:exp f:expression f:fighterquietus f:info f:playsim f:thingstoblowup g_hexen g_strife thingdef
05843d3b130cd83cc3e8395c116f8ce050030ca0	f:vmdisasm zscript
5d3e413d425e0ef2218c6857af3bc16b65f422b3	actors f:actor f:codeptr thingdef
39df62b20e3d46c6f3d145e9b1be2b157daa67d0	actors f:actor f:actors f:codeptr f:enemy f:exp f:expression f:fighterquietus f:info f:playsim f:thingstoblowup g_hexen g_strife thingdef
322b9fc0ae714c49759861802e83c5c3c479c792	f:defs f:effect f:enemy f:map f:maputl f:mobj f:playsim f:portal f:sectors f:sight f:swrender f:trace f:utility
d667f8f23fe90b499bacc5a6983c849af9086643	f:language
c795f29cc479eb5b85f55b5cfdfc191a3d84d080	actors f:actor f:codeptr f:parse thingdef
e83bc53678e098007df318afb2c18dcb6271d864	f:exp f:expression f:namedef f:vmexec f:vmops thingdef zscript
30a530b178c2487228f36602c885feeecc896160	actors f:hereticweaps heretic
8b35c08aa044b138b837745814f5da230a0de51a	merge
e48c4d3e445e436333647a853e7fe1220b28fadb	f:language
69cbb7a38267009df403f7a29aa71ed187fe4d9d	f:enemy f:playsim
b13c265ff40910091908e640c0afbb16c8441502	merge
573d80f144c2913a6f99f0f0258500713e8ce5ba	f:bsp f:playsim f:sprite f:trace gl renderer scene
d2735d763213f8858bcdb33e7d804ce782035886	f:playsim f:trace
5e822fd60b362c449466859fdcf78b604ae22758	f:playsim f:sight
8dee0be9ab1989332ea01ffb3ffd960b55c765e6	f:actors f:morph g_shared
a30eb4d709387b1db5dce71308d33e09a84bff11	f:optionmenuitems menu
6bfdd10a5ce242beb558a1b54db43bf9d39217f6	f:optionmenuitems menu
741f0546015f938836fd2aa2fa182ae7911e7123	f:sprite f:wall gl scene
990f5a79b47920142522a41d7acd9689b1508fc2	merge
2327107f32a388c90f15614a96955bbc580f7f44	f:actor f:dthinker f:game f:level f:mobj f:playsim
467f83377353a2e52bf830dc4e1ca201198b1da4	merge
155efb249a1a442b2088b35407a0985174ba2d31	merge
961a4c852476e7513028612568276b2c760c409f	f:defs f:portal f:swrender
42e88ef1206bcaacd43f4435f9bc21c5f5cf3d41	f:defs f:playsim f:sectors f:swrender
c30d5d42a299209454b5dca7ba5f2b36286e6950	f:maputl f:playsim
8c1eb201eb97d142b083c5987aeac3dfc94df4d5	f:glnodes f:playsim
a90bef9c68deaaff994ed32939da336d80f85cde	build
c5c032911c4a00b0d2225d6f0d94c91ff6406de1	f:swrender f:things
66c4bc1fee720ed5aaf2b2135449404c5f94e55d	f:swrender f:things
bf629d259088e3f862a3d4238bdd49787150f78f	f:fmodsound sound
2661a94fe93138e161fb3c99545785ab5cdc7fd3	f:map f:maputl f:playsim
8f61c1cdd82966c7701b0a70deb96ea1fd7b0da3	merge
89b2cc45a214eec959cb64dee5d07227b659b386	f:map f:playsim
54d78df2678633b257ac39e414ced9348f1ca724	f:actor f:defs f:local f:map f:mobj f:playsim f:setup f:swrender f:udmf f:user
f66202aef1e90d91c55e50cff6b59729414b15a2	f:swrender f:utility
08514de768e048657ad39d9b6134e564f203057e	f:actors f:wraith g_hexen
3ed7a25d61e5c4594cb1134c5cccdd62c75de2d4	f:man f:nodebuild f:playsim f:polyobj f:portal f:saveg f:version
0d7bd368face5f2eaac658c89b12ff05b223a248	f:bsp f:portal gl scene
faeb0303fe5c0cf148a2fc0d448016d733029683	dynlights f:actors f:dynlight gl
357869a7b5a5c66b405d352cfde3344e783d6bb0	merge
f27c762319df378f960c267ea6755533fc3ae57b	f:actors f:heresiarch g_hexen
59133a70093c6eeddd975bb3a6f39399fe79842a	f:playsim f:saveg
dcc77e5fb21be76d478afdc1734772237df995e6	merge
a199fe182548ac9d5d11cd29cd9697175500203d	f:playsim f:saveg
8a010ab871129712b9e9552c72ec090dbbaf56ab	f:flats gl scene
a1e8d83724d3d86b1b0f92970d007abbaa479eed	f:acs f:playsim
5e73cdc670ec02946578262e91d5bd4661af38a6	f:playsim f:trace
0a35027f67e94c9237fc83eef9c030db33d39088	f:portal gl scene
bc2a5b3f1617662bb58a601723b4a20d16d03cc9	f:automap f:map
430f3419b06be666013a8fd6a48824c759a16f72	merge
6a27267500c8b9017cf8454f9e6ed055700ac3bb	f:man f:playsim f:polyobj f:saveg f:version
95de1faa808b6036b380f8e5b1ff16ac466e5119	data f:portaldata gl
01983cdee120a794baa981d1d9d4317501addc63	merge
7ac0cfbbb9f0419ef7de0f8e6041519b10ba48a0	f:local f:map f:playsim f:swrender f:utility
e7c0fd26ba95b81c0b55bc789e507f8b0c1c32f8	f:actors f:heresiarch g_hexen
6db95182cfe57cd9a88d6face35a50538f0f927a	merge
0f6a567055b573141d6ad19c3bc8c94f6debf86c	f:effect f:man f:map f:maputl f:playsim f:polyobj f:trace
eb30bf6e141c6814db2a0eb159f973a759bcf614	f:portal
cd75a469172aed3598e0ee380757071e3a6d63e5	f:playsim f:trace
b345c8c37752c82f6872cc644af4a5086f3d88aa	merge
6dfb4bdd4104d64aa8e5667df9951b7adeebbc02	f:dsectoreffect f:linkedsectors f:playsim
dce9bf2760a9d7413d2106b94d6963851d8b68de	merge
b73c6e847a4911fda99dd8be663e0f23f0270ec3	f:codeptr thingdef
24776edd133d0a489e16c0ec9941e4137cc06146	f:bsp f:swrender
94cec02acc0057645dd203d3d7862c8be6ae861d	f:pngtexture textures
ed211ecbabab1d8451aa8b2f40610c0abe430087	f:playsim f:spec
f0c2cd2d50d9a0d08c6ae28cd4577d98ff966d8f	f:pngtexture textures
a0a530945d3399cbfbf75fdc2f4b2dce4947f468	f:flats f:sky f:wall f:walls gl scene
328047ea28a92c9df0419891671e7cd2f2109da2	f:quadstereo f:stereo f:win32gliface gl stereo3d win32
77f05a00101cc3a1c2b31b5f79087f4ce0a83515	f:actors f:korax g_hexen
caf80e74c4ebf5324b5ab5c1a9a96c5f29bd4dcc	f:material f:walls gl scene textures
bac3f1ee9b90744f6b917851e7e7ff5a11193551	f:language
ee3712ffeb25b1e3e559e9dcab5cd0834b87144f	f:language f:menudef
812cdc86fb9d6e9f0b262554607d5ef23f82c182	merge
bffb7444a03b28bfaa3aeb7b7fafe44d71cb43e1	f:bsp gl scene
0f7fce8bbb166539079837126ddddeab7ff967ae	f:swrender f:things
d65769222954c679cf569a4062f35c6fcdad9398	merge
d66a28fcde250fe2fb26d502fdaefcdeac60a22f	gl models
d0b30f31e1f8f696a7c3d0b7ed003f9e6bc25ff1	f:walls gl scene
37f43617d95e0a2481986cb278b08ec2758bd62f	f:bsp gl scene
d88a5ac353ec15150865d0dbe7d7503b25535e58	f:main f:plane f:swrender f:things
45cfea17f5b1dfecf4c458c8aba4d11f83d9b1ff	f:swrender f:things
efce248a98b9af1cf477a935f8d579eb5afbbd32	merge
21b45fc0eb1f1e31800a2655d83a16d79e05a29a	f:info
bec3208efd332a1ca6dcc4d5d115a16c94f5e32c	f:bsp gl scene
a1a022581d24e75f975b64b61b0d70963f3c6e3f	merge
3f0ed5d2529b7d6b4870303d28a0c8a22149b563	f:actor f:info f:properties f:swrender f:things thingdef
a411b93e1dcafa81b657c2ae74e91e9feb43ca30	dynlights f:actors f:dynlight gl
e1a683b9ecd2a9e62fdabbf9bc8b93185f2711a4	f:actors f:artifacts g_shared
5d528fe31782e9ff1846d646c9ae663a6baa8429	f:acs f:playsim
09d0cb5fd54ef9009bf3b48e65f378167ee3ac8f	merge
7a2e9572252f73f48322df514f7863e83d8bb5a8	merge
a97f67edb61730e11c3bb428e7191ec29be5257d	f:3dmidtex f:playsim
aec1c85c0825677c7e00bac7ccb4260e22437e8e	f:multipatchtexture textures
ae6df617ba9cc8901c3efe76b0486f9f9276fc37	f:map f:playsim
e72bfa8addf343dbd949d41e889af577449e2da5	f:sound
99ca6499308a8df3c629c2f31cadb233b40b60f4	f:acs f:playsim
56f8974b6631c08ebe519c3615cae3e9930b7083	dynlights f:actors f:dynlight gl
273c1ea51053dfc1327dd6514acc2575596c564b	dynlights f:actors f:drawinfo f:dynlight gl scene system
77bfffaee0c1d9255a40cfe0394eb7e5d7538b26	f:crash f:system tools win32 zipdir
bf2b61f61cab8abcca44bd97b2fcb2e9fa4f5e06	data f:setup gl
7ce670951b5970945d1b1b31d72c0299c7e6b50b	merge
db86385cf69fcf7a0a9b040dfe14d59945b5ebb0	cocoa f:acs f:actors f:advsound f:ancientzip f:anim f:console f:cvars f:data f:dijoy f:dobjtype f:doomedmap f:doomtype f:draw f:drawt f:effect f:font f:game f:gl f:hud f:lnspec f:main f:man f:map f:musicinterns f:netinfo f:nodebuild f:palette f:plane f:playsim f:polyobj f:rawps2 f:resourcefile f:sc f:scores f:shared f:sound f:sprites f:states f:statistics f:stuff f:switches f:swrender f:system f:text f:things f:trace f:udmf f:user f:video f:weapons f:x86 g_shared posix r_data resourcefiles sdl sound textures thingdef win32
bd8b8911d5ecec00bc63abd0132ca603f34b0734	f:framebuffer gl system
76f00131ff545fa2ab296580a77d2bd0bb40df0c	f:codeptr f:local f:map f:playsim thingdef
76c18820cb2a0432b8902567eba1e3194b0418bf	f:lights f:playsim f:spec
c12a85ee85f17ff823cf64c855b435cd4caca733	f:playsim f:spec
93c334059a8334eecf27779125e0c6ffc114c0b9	cocoa f:console f:statusbar posix
fe973ba442c8b2864d2ca2d54dd9482c47555e4e	build f:game f:pch2
08b0be11a6dd080cbce4a1a0286c9dfb700863f6	f:game f:pch
9cc873ecdd57e13feed842d009fbfe660f5fc96b	build
12129b0f074745f15d97f27d9d3e6aa5189a99c0	cocoa f:music f:opl f:softsynth f:system oplsynth posix sdl sound timidity win32
ef08e29d51fdbfdbf59c22ba1cdd694470016880	f:gameconfigfile
f7adbc58bd1b82bc40360108011cda22e55742be	merge
d48c0ce25c9d24c94b9ce4b1a0beb948f88ed6bf	f:effect f:mobj f:playsim
f6d296e1030543c475382047e4aba3386cd8d3bc	f:framebuffer gl system
355bc750019d5fdef42be24af6ed73d26073d17b	merge
bde94879ad594f3bd90876c9a3ae7f422efa4f29	f:stereo gl stereo3d
84c8f38038c625026b46608b62be76ef40a60ad8	f:material gl textures
dc753fca6e7a7589394d264b8093ab92a7c34c2b	merge
072a5e60aefe9d686d66c6876730fb10e074b9f9	f:framebuffer gl system
9a48adf81a48a9b450424ac13baf90ef8cf44ccc	f:draw f:text f:video
c79a1b6a45126d5326299a7003d53993222f4ed0	f:map f:playsim
8b8c879994cc33c1e251cdcfa30727163990ef14	f:codeptr f:local f:map f:playsim thingdef
dc72e7f3c2dfda9d476793ba657b1c791380619b	build
1f1a0ca84767cb4fa116e79cf41ddbf6acb3bbbb	f:actors f:artifacts g_shared
bcebeadedc639e51cd5657e1149f4400d0270a40	f:acs f:playsim
c6fa01dfbffa145b955db86a79b826e7127769a0	build f:anaglyph f:menudef f:quadstereo f:stereo f:win32gliface gl stereo3d win32
7a7e1652fcd68d7cf33feb48e3ee46c45132bb4c	f:walls gl scene
daa112e2ac8c963befd07cfa7cb3284183271e55	build
2e16f3d77e146b379e4a3eff999cafaf963923fc	gl renderer
fde1f28d71ef68926c0c21ac62ef6ed53fc79017	merge
a827bab5762bb532d0e9aaf4fee5afe9116763ae	f:d3d9 f:draw f:fb f:text f:video win32
1f0fd85d0e0a7308dd19004ad520491d5b1b195f	f:framebuffer gl renderer system
bc42dd26c80c69d28d295d983b320080dd239ad0	merge
e2ae7d8f5d86b81fbad2c256f01dcee6450ab6e0	f:d3d9 f:draw f:fb f:video f:win32iface win32
c502a4b3cc225b90b8bb816857c19e8898541f3a	merge
43dd75985900132931cdb62b724124e610d41299	f:d3d9 f:draw f:fb f:video f:win32iface win32
ca317a87ea71345a7f404a10d435d8cd1f221758	f:map f:playsim f:trace
bc7e159be0d62e43824100dd00fdf2d532d15b08	f:ceiling f:dsectoreffect f:floor f:func f:playsim f:spec fragglescript
caae61de4c8f104a50ef2d2c4fb85f60e72f5fb6	f:ceiling f:func f:playsim fragglescript
919f99db61e3c4054ff48522be165cd5ab7b6b39	f:mobj f:playsim
39d03f12b1fe9fe1dfdd4289489655a4022bf183	f:script f:variable fragglescript
06dc96b062953e6b274c6d483a2ac1bc9d740e1f	f:farchive
3f28478eb21f765acbaf4474568427738f887494	merge
8535a973cf3e905e5229a3db94d5d8737d67218f	f:ceiling f:defs f:doors f:dsectoreffect f:floor f:func f:pillar f:plats f:playsim f:swrender fragglescript
e505bfd7a3c65716e87d8bdf80ad548d4e67d774	f:ceiling f:defs f:doors f:dsectoreffect f:floor f:func f:pillar f:plats f:playsim f:swrender fragglescript
fb2234396c4b9139fa4e592f572c6e3647b1d7cc	f:dsectoreffect
74c9a7bf67378e3ba32d64249b747607c2f44e7d	f:actors f:fighterplayer g_hexen
fdf9d94b26805621880fff6340bf88554ef3e2a2	merge
7404142edff99f89ff86c7d25165c0a6a2d710eb	f:playsim f:setup
25d7eaed0a375c6930cf78fe838873dd24d7c260	data dynlights f:actors f:dynlight f:portaldata f:setup gl
3e94832bfde22d6f734477286d775436206ae7bb	f:walls gl scene
4d5671d654fe501b67b9933753476771af74d1eb	data f:defs f:drawinfo f:geometric f:material f:portaldata f:renderhacks f:sky f:skydome f:swrender f:walls gl scene textures utility
eaf055dff46dc09629644bf6a914b11ac25913f7	f:material f:texture f:wall f:walls gl scene textures
4ac373437543547923eb4e343e88ae0ba7cdf0b3	f:sections f:wall f:walls gl scene unused
ddbb8d79c1535ab3beca146e9d08ae4178043a2c	f:portal gl scene
5cd9e58af57ffc880abec2c3eefa2cd6b18cde85	merge
58002f7f965cb3933df777d3f750c9c00cc55348	f:exp f:expression thingdef
0cbdb9ab723d9b8875a2bf98caa42c7d8866d77a	f:main f:swrender f:utility
7df1a8ae816f7ce5944d8120088f2e8698c02477	f:portal gl scene
47e20aead442a3e0b468e873630d426737bf036f	f:map f:playsim
ee3e3e35e621914b34cc9e18c8066ba0bdfbf91a	f:wall f:walls gl scene
485a1bd0a5c61579ea157c0867326a2bb7305c0c	f:flats gl scene
32bbec7cadbea9d5ca318030a29eaacaa921795d	f:mobj f:playsim
4af859094c7db491ef91d96dc7ae7b23fecc3164	f:sprite f:weapon gl scene
88542bed781ff9c59ae27689f7b6221713e01d6a	merge
1d286d5bd5bda8a58955af90cc98a611e7634887	f:acs f:playsim
ddb2f6b6cbe3347940c9f1bd4a3a65f383b8a68c	f:mobj f:playsim
1eeaee1ac78900acfaed243b264b3431789b45e3	f:automap f:map
a1c03c9a62d1b44e50323c8cd1b9c87fcaa44653	f:map f:playsim
790e13e5cb5ce802cfc5be81f51b9fccf658271a	f:playsim f:sight
7ebb961917ba87a09dbd02028c064f4e5b55ebf9	f:playsim f:pspr f:swrender f:things
7f23a91488b97989957132082852a72feb3dbec7	f:playsim f:pspr
14b370df66fb50d0247b3ec4d5796ea5a6597a8a	f:automap f:map
37ddd20b569edcd567cbb7c9eb6478459c2740e5	f:sprite gl scene
5409ada0e36bcfc9e71f39e6583e59fddf18e174	f:input f:system win32
4b10177e46e0473c8f6f6179e8e58040db527289	f:defs f:playsim f:setup f:swrender
3923039a1bbda2f910ba7af11a74b79b514ac623	f:playsim f:sight
3d446133771d0cb28e05a4ebed951a8a49d98a02	merge
dbad946fe3ad6dd0813b402ba54b8486feb19536	f:defs f:sprite f:swrender gl scene
b774fed93e524256f45c7f2a518e71c1b9d3cf00	f:effect f:playsim
b93d4a796ad4be1831d0a5fd4775fcc2ff1c9a66	f:automap f:map
b796a5fed6833768313824ff07be7420af3ff12c	f:playsim f:setup
a0d0d9339eb725dfbeabe41a3176fa542da5eeba	f:flats f:sprite f:wall f:weapon gl scene
9196683e4f34ae90be92d0cab007bd361c4d47ff	merge
8ad49f5d333f120f1a03cc9f9103ad3b046d1048	f:playsim f:user
8cbdbdaf7085ec3f532e15d1a4a4693f78f350a8	f:maputl f:playsim f:sight
d4a2e9696ec20701e5fc8d062d0583b99cff80f3	f:playsim f:spec
1a5a00a76e5b610ff2fceeacadfa3dc0565c4df6	merge
04b0a13bd36fee07c057fcd7310291858924f4dd	f:maputl f:playsim
ad13a55f0d40274ecae0930ca21db51ff7bac2a4	f:defs f:swrender
f606ba315f18c4c070395f5b42c1c41a85017ab0	f:playsim f:sectors
1d83ea6177a400981856db069f77f378f408b7a7	f:acs f:playsim
55cbeb0253288e7828875b0b6d41891876c18c8b	f:mobj f:playsim
d39694a33d5c43815110bccc3432e8091b904905	f:codeptr thingdef
3c8423d810613cc1d20919379191ad3264457b65	f:properties thingdef
57e0c978679f5f6fac43922a5e1b3f3dce0b16ab	f:parse thingdef
6f60253590427d382430ee1dd21bea1df22fb090	f:dobjtype
2dff6a08d1dc9bda8eba3ca29dc85fb8e2536b17	f:map f:playsim
21692359ccb1f89bcfb457e78b936f4bacbfe917	f:enemy f:playsim
75863200382192489c0c09d53988b4e6c5198bfc	merge
c346ac6143b73cb32462d4799f3b64e744ed1eff	f:map f:playsim
32c32ea73912ed19c1687e2ab6498eee92af62d0	f:sound
123d503492be950924a83586546aa9c4513dc799	merge
da91422e14aee77172f9d98ba9733b5b488fba77	merge
f6b33acbb1ca042c5488ead2bb50be776e4b45bb	f:geometric f:renderstate gl renderer utility
cbcde3a950abf62d2989063034506ab020b9e00b	f:hqresize gl textures
7486e24cd95cbb4f9a1696d8ad0074e0bd57b3cb	merge
5d099590cd5fb5e0b5c31f3bc95e7371d161ace2	merge
fadc7d650da1dcb81d162b5dda1534acb81466c1	f:defs f:swrender
7de8c2b5eb0fc9c62a008f475efa325f67d4cbdb	f:acs f:playsim
77f9643c8ff167fe738ba4111e985aa664738582	f:parse thingdef
17972b5d06213f48a1b5bd57c11ebf8831631738	f:parse thingdef
fd27c8db9e426d29132ba3594f88d1a838619904	merge
c90a1c0c9627d2cb4d5ad105ae7020582c8b2cab	f:parse thingdef
7c8cff64e682cb6ce39b4b111937a094b9571945	f:dobject f:dobjtype f:expression f:tarray thingdef
15208188de87bbd34c9a648a275d0758f7519eec	f:dobjtype
85c82184417c1cb9fe4919d16304fbda67b576cc	f:dobject f:dobjtype f:farchive f:version
da496bbe62602ccdc7aae006f0409dcd909f558d	f:parse thingdef
806d9d7a953cb8d935656cd41c63e1cb75abcd2f	f:dobjtype
3357af32e59ef8be735685a941c5c5a44cb5fd7e	f:expression f:parse thingdef
0cc2705b99f641012d2622d7f8c36de2692ba390	actors f:actor f:codeptr fn:A_LogFloat thingdef
1011e26eb98393a8b5e582df4e1d58d70012e5ee	f:map f:playsim
6d441e25dbb2eab32a55272776d8850c0ac6d68f	f:actors f:doomweaps f:strifeweapons g_doom g_strife
447ce0abe7270b4de3452fe17ebf6f97198392f6	merge
603af1bb92002332f22e6431ad75259cce7bd72b	f:sprite f:walls gl scene
330ca07f69a477ca077c9645f8ab1cc6b8abc6a1	merge
3f5e0c682eab9e369f65667a43ae86cf35ad5118	f:maputl f:playsim f:sight
70b8afc5ec560b579c4d1c00503df0fa5e90adc0	f:codeptr thingdef
02a586e6b212594ededbbfea521fad3cd69d14cd	f:codeptr f:playsim f:spec thingdef
3ee42f6aa663b9cc3b2fab4729a84b20e36ea1c7	f:acs f:actors f:armor f:artifacts f:game f:hudmessages f:level f:lightning f:mobj f:playsim f:saveg f:sbar f:sectors f:shared f:spec f:user f:version f:weapons g_shared
4e5ba49acafeca2fd2e6d04bb06d121ac29eef04	f:defs f:map f:playsim f:sectors f:swrender f:trace
fc5f98a0be0ef2374c6295beede78a0d46d571c2	f:defs f:plane f:playsim f:sectors f:swrender
fede16ce68f3d9a21cf529396bf22e7914daecd5	f:maputl f:playsim f:swrender f:things
252a6e903829e48ee0afc1abdcf2dfe18e90a4ec	f:sprite f:wall gl scene
58eb64a7e0267959f66cec458d325dea50fdce11	dynlights f:actors f:defs f:dynlight f:swrender f:wall f:walls gl models scene
7a6039b44cea1d336284ac150c208b151d2df8ce	f:defs f:swrender
5a2eac8f15f0ca478cd88fd341067e8d09b42ad5	data f:bsp f:clipper f:defs f:flats f:geometric f:setup f:swrender f:vertex f:vertexbuffer gl scene utility
42edd7db2264622b034c21db32e762957ef64972	f:commands f:sbarinfo g_shared
81f29556bf3493da8e290442082ae01c627aefc3	f:commands f:sbarinfo f:tarray f:templates g_shared
8a20f901a352fb439562d021f6b8ef5648aecbe3	f:walls gl scene
af78937a15e06fd1ca72031dcf52ead26ff96c76	data f:clipper f:clock f:defs f:drawinfo f:flats f:portal f:portaldata f:renderhacks f:scoped f:sky f:skydome f:sprite f:spritelight f:swrender f:view f:wall f:walls f:weapon gl renderer scene stereo3d utility
f36489098f5a6eaeaff6d6cc3bde219a8250cbac	f:portal
28ac65b25b1ebef5045d1193399f0876b3798bd1	f:cmds f:console f:map f:playsim f:segs f:swrender
348c384bb63ddbaf295d73703574187f804450d6	f:clipper f:skydome gl scene
f7553fcd51ff4d91c1f45728f61c50aa32ad5938	merge
6ffb5fa164ccdb8c7942a3727f989937b84f0f9e	f:swrender f:utility
9b5a4b6d436c3b867e9f5bba8c1710feaadfdd6c	f:automap f:defs f:func f:linkedsectors f:lnspec f:map f:playsim f:setup f:spec f:swrender f:writemap fragglescript
9a07f812698df3d4f6266a7f357831e1cbc0ad23	f:actor f:bsp f:defs f:main f:segs f:swrender f:things
6a150f724819b512c908650e668e7112f961b47d	f:playsim f:setup f:swrender f:utility
3db90ff4c1ed5cbcea890bb2a6f93bef428535a0	f:actor f:playsim f:setup
60e25b32a8273200185cdd41850486de14868680	f:effect f:playsim f:setup f:swrender f:things
931774ab382a34761adac2705b6a5d8ab28bcf46	f:automap f:map f:maputl f:playsim f:sight
b3659305ce02399d0a2475963cd82fdb5923b935	f:map f:playsim
96a02f922dee72288c591362f16bf5d1132f589c	f:playsim f:setup f:writemap
046ee3e803d22dc090c042e2f25b72d407dec075	f:ceiling f:doors f:floor f:local f:playsim f:spec f:stuff f:system f:timer f:wi posix sdl
bb13590e07f7590634fbd4e7c8637256b0db3aff	f:3dfloors f:bsp f:defs f:local f:main f:state f:swrender f:utility
ccfb2ac233a27f29b0c379a05535765d7fd2fa51	f:swrender f:utility
8680391e0b578800bedeb3d64eb7291dff93d21e	f:automap f:bsp f:defs f:effect f:fixed f:local f:main f:map f:maputl f:misc f:plane f:playsim f:swrender f:system f:things f:utility posix sdl win32
a5e14425aa667bf560fbc6eb5dc03099697085cc	f:plane f:swrender
a27181cb0b1fc700202fb8c8da10f3e70fb04cf2	dynlights f:glow f:portal f:sprite f:walls f:weapon gl scene
466c4c75dfc799f96a030cd71c85a37ddc5cf171	merge
a93296be80a8061d82ed4c9e9d819e31ce6fcf12	f:actor f:bbox f:defs f:local f:misc f:playsim f:swrender
6445615b5d0fc3872a46c00e7135f348f1f49d1a	f:actor f:defs f:enemy f:glnodes f:map f:maputl f:mobj f:playsim f:sectors f:sight f:sound f:switch f:swrender f:teleport f:things f:vectors
8f5ac9b73f1341d3590aa67962a56c4d52d46e2c	f:defs f:glnodes f:maputl f:playsim f:sound f:swrender f:utility
9412ce45d67a3027c7584550cae883c37d8dbcae	f:actor f:actors f:basictypes f:bot f:bsp f:cmath f:defs f:doomdef f:effect f:func f:local f:magestaff f:main f:map f:maputl f:playsim f:portal f:pusher f:setup f:sight f:sound f:spec f:swrender f:trace f:utility f:vectors g_hexen math
6b065b807428622cb84695794b0e8169d552583c	f:bbox f:defs f:man f:maputl f:misc f:playsim f:polyobj f:portal f:setup f:swrender
c6ada2397c72abbe74f0a1d00b80fa34073d0ac0	f:fakeflat f:flats f:portal f:sky f:wall f:walls gl scene
a5c4e2dab3b0985260440e7eb212325fd9f38c03	merge
8fd76f0c8aa7cf79bf6e0a90b3ef204e5dedb7be	f:advsound f:automap f:blockmap f:checkposition f:defs f:local f:man f:map f:maputl f:plane f:playsim f:polyobj f:portal f:setup f:sight f:sndseq f:sound f:spec f:swrender f:trace
f41afde5452e338590ae2c4135e951ee7d4efbe1	f:defs f:enemy f:man f:maputl f:playsim f:polyobj f:portal f:setup f:swrender
7a2c8fdc1cd6fc33ab37c7103b6a96cfb36e14ca	f:acs f:automap f:defs f:interpolate f:lnspec f:man f:map f:nodebuild f:playsim f:polyobj f:saveg f:sound f:swrender f:utility r_data
1666418510434649ef435b32015ac0004cfa746f	f:interpolate f:swrender r_data
cf44d2e37a85fa1f4687be135256680e6e055e5e	data dynlights f:actors f:clock f:defs f:drawinfo f:dynlight f:dynlight1 f:fakeflat f:flats f:portal f:sky f:sprite f:swrender f:utility f:vertexbuffer f:walls gl renderer scene utility
251172c7f0c31cdd9994e7e2bae76b557f25f736	merge
d54a2364b9bcef99359705cfd29f5eb460ec0ec6	f:interpolate f:swrender f:utility r_data
27bad66f61e460a29e78841c2923e0cd82e81c98	f:defs f:playsim f:sectors f:swrender
66929cbaffced136ed8f2d7dde65bf932da55fb7	f:3dfloors f:acs f:actor f:automap f:bot f:bsp f:cmds f:console f:d3d9 f:defs f:doomdata f:draw f:effect f:enemy f:fb f:finale f:fixed f:local f:man f:map f:maputl f:misc f:move f:plane f:playsim f:polyobj f:segs f:setup f:slopes f:sndseq f:sound f:swrender f:things f:trace f:udmf f:user f:utility f:vectors f:video f:wipe textures win32
ced30e7bbb5e3f12071f5ca88fe799a40e02ae02	f:acs f:buildmap f:defs f:dsectoreffect f:floor f:main f:map f:netinfo f:playsim f:swrender
c2e291039996f49e06da2cca0725cd0d8e945395	f:actor f:map f:playsim
0eb35d6c6e79a06ec105270654ece7bd58a5ad71	merge
77f2530236c11476b3813aa416d13991f6fbe2eb	f:3dfloors f:3dmidtex f:acs f:actors f:bot f:bsp f:ceiling f:compatibility f:defs f:doors f:dsectoreffect f:edata f:floor f:func f:hereticweaps f:linkedsectors f:lnspec f:local f:man f:map f:mobj f:pillar f:plats f:playsim f:polyobj f:portal f:scroll f:sectors f:segs f:sight f:slopes f:spec f:strifestuff f:swrender f:thingstoblowup f:user fragglescript g_heretic g_strife
1648a71e45c00296094f0505c79f8d8b2f7f8fa6	f:acs f:playsim
b37ef48e99a5729a21356e30ab36f1f671eebd5a	f:acs f:playsim
35121544b4eb5d8dbdad1aedd9889b12db539cc7	f:acs f:playsim
b6e3358b1cf62e39bd4f6c7d54ffacf546bd3cec	actors f:actor f:codeptr fn:A_SetUserArray fn:A_SetUserArrayFloat fn:A_SetUserVar fn:A_SetUserVarFloat thingdef
299019ea158d794e599e5bdf739d98285e64d9f6	f:dobjtype
feb5ab31cc920cdc1053d35cef907c83ec5e8592	f:dobjtype
e2711a74e784a0980f7ca2085fe2af1406df1f34	f:dobjtype f:parse thingdef
cadd8f2d4a7f20cfff557486d22abd718182e7ce	data dynlights f:actors f:dynlight f:portal f:portaldata f:walls gl scene
e4d68e17fd4e3ff3236fe0c54bc26e948c37a7c3	merge
ff0b37158234758e3ee92aef67944de4f9b03641	f:3dfloors f:bbox f:defs f:edata f:glnodes f:main f:man f:maputl f:misc f:playsim f:polyobj f:portal f:sectors f:setup f:slopes f:swrender
59bb0032853012dbd1afd4f5bd5948fcc15f9d7a	data f:fakeflat f:flats f:geometric f:portal f:renderhacks f:renderstate f:setup f:sky f:sprite f:wall f:walls gl renderer scene utility
37e6429cf3617dce76b4a750ef2f08a53eb25897	merge
84d547adfbd958d9b5afb45c643971d374eb9918	f:defs f:swrender
25f5e8449a62613d5e622e9174112ccc7228a208	f:3dfloors f:acs f:actors f:bsp f:buildmap f:ceiling f:defs f:doors f:dsectoreffect f:floor f:func f:interpolate f:linkedsectors f:local f:map f:maputl f:mobj f:pillar f:plane f:plats f:playsim f:portal f:pusher f:sectors f:segs f:setup f:slopes f:swrender f:things f:thingstoblowup f:trace f:udmf f:utility fragglescript g_strife r_data
a87c292f10fb4629cb4cab277839c9c77de09935	data dynlights f:actors f:drawinfo f:dynlight f:hqresize f:material f:portal f:portaldata f:setup f:sprite f:spritelight f:walls gl scene textures
ae1426898904ab76b933f3de6556c8c4c6cedc97	merge
c7ae4688a3f502b894f579eee4f2b528cefbb2b7	f:bbox f:bsp f:buildmap f:defs f:enemy f:extract f:glnodes f:interpolate f:main f:man f:map f:maputl f:misc f:mobj f:nodebuild f:playsim f:polyobj f:portal f:sectors f:segs f:setup f:sight f:slopes f:switch f:swrender f:things f:udmf f:utility f:writemap r_data
8d071f85b3e2c558b64288a791f365fcb6ad94bd	f:playsim f:user
c776a0fb54768449116ceeac3f25311ea941c9a6	f:defs f:local f:main f:net f:playsim f:spec f:switch f:swrender f:teleport f:terrain
0a238e7e18ec07156458af94fe1a8076bf7abf84	merge
a92de84cf795af39b1387417761cf432d87bba16	f:actors f:game f:level f:lnspec f:pickups f:playsim g_shared
0283df4c42b7955a76eb32c07dfe34960ca54a56	f:maputl f:playsim f:pusher
9145181b79939ff764092e692e9eea1cc1bd8265	merge
8c3c18b0085aeb486d6e13a774dde0b158defb42	f:playsim f:pusher
d87f861e872d1f4e8ed0db126577077d23e7a733	merge
263051a77bea81109cc309621d245bf7bf4eb32f	f:actors f:blend f:draw f:func f:game f:interaction f:level f:lnspec f:pickups f:playsim f:sbar f:shared f:statistics f:swrender f:video fragglescript g_shared thingdef
59920095af280ba4bc7df1d34256b885e7fe8761	build f:doomstat f:lnspec f:playsim f:spec
05504b65d2b038c3c94b12e587fdc17b99f566ba	f:actor f:defs f:lnspec f:map f:mobj f:playsim f:scroll f:spec f:swrender
a46a4c81b1f3cac8061369e113ab71e369332b28	merge
fd46909b1a89402cfcadbf0bfe991fe1835d0c9a	f:lnspec f:playsim f:sight f:spec
b5f333798ed09e9c66570eb9b110ebf3dc8a1a85	build f:dobject f:dthinker f:game f:level f:lnspec f:man f:playsim f:polyobj f:scroll f:spec
a99ebc2356f9c80730501dbac7eadf489bade22a	f:defs f:dehacked f:main f:man f:maputl f:mobj f:playsim f:polyobj f:sight f:sound f:swrender f:terrain
5e1c79c05019f8ae85c3bac1115f5cf57e54084b	f:effect f:local f:mobj f:playsim f:sound f:switch f:user
2fff7005ada1679a3cffc21df03326552c383cf4	f:actor f:checkposition f:enemy f:game f:level f:mobj f:playsim f:sight f:spec f:user
217414cb1c2e1c40e97bd644f8947b9bd80ad0c9	f:local f:mobj f:playsim f:vectors
7b256dda3d5b6ce85b5e4f25cc48a905816abcd8	f:local f:map f:maputl f:playsim
8b4a33794ad43dc8e9ffd8ad254a72fbd315c90b	f:local f:map f:mobj f:playsim f:user
fe744a589c7301c2d38dd29460756e99a7dd3cd9	f:map f:playsim
0baaa3cf63ec38b60aafd9dc2399892927b4c9fb	f:acs f:actor f:effect f:enemy f:local f:map f:maputl f:playsim f:spec f:switch f:teleport f:trace
eae6f7e9eaed5301095f02c7fed92b5c6517ed0a	f:map f:playsim
4eee1c7af194088ef45728473da14af5fc649dfc	f:codeptr thingdef
228c447a02c1ca32bb654378f03905907798e461	f:codeptr thingdef
6ab95da2fcc71906fad8e53c2974fd765fe52b04	f:actors f:movingcamera g_shared
23d311dd04c5f5a9bfda03a2fde2d195038b516f	f:defs f:local f:map f:playsim f:swrender
26ff2f73d7f552cdac3f5d8f52f7697c86abbe2e	f:codeptr f:local f:man f:map f:maputl f:mobj f:playsim f:polyobj f:portal f:swrender f:utility thingdef
1877eca2ab8742d87e99c7cee4ee32aca299a1c1	f:defs f:local f:map f:mobj f:playsim f:portal f:sectors f:spec f:swrender
6e93264016367ef59fd517798dbaa6a0ea2cf774	f:checkposition f:defs f:doors f:lights f:lnspec f:local f:map f:maputl f:playsim f:spec f:swrender
00ea8662b811f6da0334192ced319c444793ee8a	f:buildmap f:enemy f:interaction f:lnspec f:mobj f:playsim f:spec
0c39bdd04cd538a1cfb493be86e2b51ee7ebc60c	f:draw f:multipatchtexture f:plane f:playsim f:segs f:sky f:stuff f:swrender f:texture f:texturemanager f:things f:user f:video f:wi textures
dabed04d2a376e07043bea59cb7a2cd51d153825	f:3dfloors f:3dmidtex f:acs f:basictypes f:cmath f:d3d9 f:defs f:effect f:enemy f:fastsin f:fb f:lnspec f:local f:maputl f:mobj f:oper f:playsim f:switch f:swrender f:tables f:things f:vectors f:writemap f:xs fragglescript math textures win32
35bb686281cee1dd91972c9646b5d5437186101e	f:3dfloors f:automap f:bsp f:defs f:floor f:func f:map f:pillar f:playsim f:setup f:sound f:swrender fragglescript
30b57fd7b04c478490bf74f47bdc994d0d4ecfda	f:3dfloors f:files f:game f:gi f:level f:mobj f:playsim
696fde69b819b04fb197312dd8b1c08631d4fd5e	f:bot f:codeptr f:func f:mobj f:playsim thingdef
c2e7858e053476faf42f755eeb07c89c905c0c66	f:actor f:actors f:dehacked f:fastprojectile f:main f:map f:mobj f:net f:player f:playsim f:protocol f:user g_shared
558e04cb9919de16857b8b7358bb325e6a2fcd24	f:console f:dehacked f:main f:net f:netinfo
e42b0171b31337f1f73d5e8f397e6fb9dd50efab	f:actor f:automap f:bot f:doomdef f:enemy f:func f:local f:map f:maputl f:mobj f:move f:playsim f:portal f:think f:user
8e13d13916ed9a99b792e54aae02bd108cf30c48	f:actor f:automap f:defs f:map f:mobj f:playsim f:sound f:swrender
fb8e03d5eb3c2bcf3606c87fc1e4a62168dcc40b	f:3dfloors f:3dmidtex f:actor f:actors f:automap f:bot f:cmds f:codeptr f:console f:defs f:fastprojectile f:func f:man f:map f:maputl f:plane f:playsim f:polyobj f:sdlvideo f:sentinel f:sound f:spec f:switch f:swrender f:things f:writemap g_shared g_strife posix sdl thingdef
2cf3b20ea8c4850621d81bdf9e0e0d88c3fd3a1d	f:acs f:actor f:interaction f:mobj f:playsim
1125101b37ced04c2d5236631bc30f36bbb684e9	f:actor f:automap f:defs f:enemy f:map f:maputl f:mobj f:plane f:playsim f:portal f:swrender f:things f:utility
2b33601d00cde63b6353525a9c73d9de77df4f1a	f:dobjtype f:man f:parse f:sc f:vmexec f:vmops thingdef zscript
8cdfbeea01c91416ae9436213dc5a2663bd90502	f:actor f:data f:defs f:mobj f:playsim f:swrender thingdef
b958a5d74852c5eb59c45feef26ac9d4d6a5b6b8	dynlights f:actors f:dynlight f:dynlight1 f:framebuffer gl system
ad74493d5e7875d118080bbb05b579757232cba3	merge
3a598d672e3e28b77239e827d7b5b15651dec382	f:actor f:dobjtype f:man f:parse f:plane f:sc f:swrender f:vmexec f:vmops thingdef zscript
8b6b5e7b1c38b0dc992f480579374de155995b16	f:actor f:actors f:automap f:defs f:enemy f:fastprojectile f:map f:maputl f:mobj f:playsim f:sight f:spec f:switch f:swrender g_shared
a3b687bc4e4108f8df4407617723df4a47b55a12	f:actors f:codeptr f:doomweaps f:enemy f:painelemental f:playsim f:strifeweapons f:vm g_doom g_strife thingdef zscript
21340c6eba15281a19b225b001d58c6e3f0c3021	f:acs f:codeptr f:effect f:enemy f:local f:maputl f:playsim f:pspr f:things f:vm fn:A_CheckRange fn:A_Face fn:A_SetPitch thingdef zscript
b70fee8ed88351ef714e1c92fc9658e962d11f9e	f:ceiling f:lnspec f:playsim f:spec
f76524f4595307d6c384399bbdea63fd61c79dce	f:actors f:codeptr f:doomweaps f:enemy f:local f:map f:playsim g_doom thingdef
4d22b346f4524074a8e38509734da30d32a05e7a	f:acs f:codeptr f:main f:map f:mobj f:player f:playsim f:properties f:user thingdef
7a26318bf0245bf44e8261a400d64533b18c07eb	f:acs f:actor f:defs f:doomdef f:enemy f:local f:map f:mobj f:playsim f:properties f:sectors f:spec f:swrender f:terrain f:user thingdef
6c9e5b03c80e3e7ac7091a69691cfc3bf493044a	f:acs f:actor f:data f:enemy f:info f:map f:playsim f:properties thingdef
e0775107739d50919a85457db14d7bd0ccb812f0	f:actor f:enemy f:mobj f:playsim f:properties textures thingdef
c66ff5939d1cf52607686766ed55bbf2046aa3d1	f:actor f:dehacked f:main f:map f:mobj f:playsim f:properties thingdef
8add60ed3855787ed29af07097d62e0ff019142a	f:playsim f:sectors
53ea00b9ccb186c45ecbe1e59cc6d4a3480e193c	merge
a9ef8cc6374cff47cb1b99a31399e852fbf735ea	f:actors f:quake g_shared
4874fe23614c71519bcd2df8d1c311ab33cd799a	merge
c8ba6f0611e710a4988f7fb9f0290a4aea5dfe88	f:actors f:quake g_shared
75bcec411eb5aef9713a6f51907be0c36df0fd78	f:portal
deafa0bce0b145af71067833940ecf4f12b2e880	f:playsim f:spec
59406c12730dc22feb113861fc28db569f77f5f5	gl renderer
f568a35756f68fbccfd66c2c8960a267f34800fb	merge
41387622f2b9de21ce6440874e3d3c854fdcd600	f:automap f:d3d9 f:draw f:fb f:map f:video f:win32iface win32
5bf806e478a9e87de885db86266d10533172e555	f:3dmidtex f:bitmap f:multipatchtexture f:playsim textures
37bb81685056882d2de50d88195e0fda643d60e0	f:voxels gl models
86d1b2955a77b649bb366671bda87724957c9bb9	f:draw f:renderstyle f:swrender f:things f:translate f:voxels r_data
379d5bc0c5112e0f23ac4b842f2281219acd3f05	dynlights f:actors f:dynlight f:playsim f:spec f:weapon gl scene
609defe078e4e863c3701b9e91fa4b50cd297d9c	merge
f62c988a0e6339bc38685a88add39383abcb813a	f:weapon gl scene
09d8b4af80713c4a176c4d4be0ab31deed724371	cocoa f:swrender f:system f:timer f:utility posix sdl win32
c83ad9df6cd44bad3755be17a3c8626782119ac1	f:basictypes f:info f:playerdisplay f:readthis f:tarray f:zstrformat menu
eac0bfeaebe7f06d5c75f4d907a9bfc69be4c046	f:cmd f:func f:oper f:parse f:script f:variable fragglescript
4a7960232594fef677f4053df2b07d6b128e9b2b	f:acs f:actors f:armor f:artifacts f:automap f:commands f:decals f:enemy f:func f:game f:hud f:hudmessages f:level f:map f:mobj f:oper f:parse f:pickups f:playsim f:quake f:sbar f:sbarinfo f:shared f:skill f:strife f:swrender f:things f:trace f:utility f:vectors f:weapons fn:A_Alpha fn:A_AlphaF fn:A_Bottom320x200 fragglescript g_shared g_strife intermission thingdef
6557f3b8c834c62d4d640beee90c3c8d2de2b3b7	f:actors f:bot f:enemy f:pickups f:playsim f:properties f:pspr f:quake f:sharedglobal f:swrender f:things f:think f:utility f:vectors f:weapons g_shared thingdef
2dbd79cc8d768ffeba5158f202fedaf6fb713ebd	f:acs f:action f:actors f:bridge f:codeptr f:decals f:effect f:local f:main f:map f:mobj f:net f:playsim f:quake f:randomspawner f:spark f:swrender f:trace f:utility g_shared thingdef
70d87f94f2a19da8862ab6c14d14c13f44b395fa	merge
b16e696157dc6ed9466e3b96d2a3b5e95221a101	actors f:actor f:codeptr f:constants thingdef
0d1fbcf65fdc7b66140277343fba5c43728ea7a2	actors f:acs f:actor f:actors f:codeptr f:playsim f:quake f:sharedglobal f:spec f:swrender f:utility f:version g_shared thingdef
7c87479eea5f655dc3dd1e6ee3716f0294350eff	f:acs f:codeptr f:defs f:effect f:local f:map f:mobj f:playsim f:sound f:spec f:swrender f:things f:udmf thingdef
f60eac8dc09d0bbf207674606e6bc4cb8b44b1cd	actors f:acs f:actor f:bot f:buildmap f:checkposition f:codeptr f:compatibility f:defs f:doomdata f:edata f:enemy f:map f:mobj f:move f:playsim f:properties f:setup f:slopes f:swrender f:things f:udmf thingdef
f8cf4bcf3d76abcf461ac3f9ecc7daf3f7ac6386	f:acs f:actor f:actors f:bot f:codeptr f:effect f:enemy f:entityboss f:fastprojectile f:func f:inquisitor f:lnspec f:local f:main f:map f:mobj f:net f:pickups f:playsim f:programmer f:setup f:sound f:spec f:strifestuff f:strifeweapons f:teleport f:things f:tick f:user fragglescript g_shared g_strife thingdef
2a0d5a621a948f43aec46e11b917394efec8aac9	f:actor f:actors f:fastprojectile f:mobj f:movingcamera f:pickups f:playsim f:randomspawner f:system g_shared win32
eadecaf407c0670177c19cc8fc0b580aad3b4b6a	f:decal f:spritelight f:wall f:weapon gl renderer scene
eee5143b26ec07cb196a75e1521924f3110fbb96	merge
301f5abadcc65e5f9a2db835318edb1caf6f9e82	f:acs f:actors f:bridge f:camera f:decallib f:decals f:defs f:main f:map f:mobj f:net f:playsim f:segs f:sharedglobal f:swrender g_shared
6b3c0ecbd30ee2d8f933a649e8fdcd33f64f35ca	f:acs f:automap f:cmd f:defs f:main f:map f:mobj f:player f:playsim f:properties f:setup f:spec f:swrender f:teleport f:tick f:user f:utility fragglescript thingdef
af427b80bda47750222d0fd01de6fcc563b4953b	actors f:acs f:action f:actors f:armor f:artifacts f:cheat f:codeptr f:commands f:dehacked f:gi f:hud f:info f:inventory f:main f:misc f:parse f:pickups f:player f:playsim f:properties f:sbarinfo f:shared f:soundsequence g_shared shared thingdef
1eb106e2c59b0d39fc7edc04ad75a810454d2625	f:actors f:artifacts f:d3d9 f:defs f:draw f:fb f:properties f:swrender f:things f:video g_shared thingdef win32
bd7df76059239151f259058f8e1e41fe5dd43e58	f:sprite f:weapon gl scene
19b85f806edf3ba75e3d3f1a7a2a96106a52aa82	merge
a652c061f607678d2055098536f43a45e9daf0dd	f:3dfloors f:3dmidtex f:acolyte f:acs f:actor f:actors f:alienspectres f:bot f:crusader f:defs f:enemy f:entityboss f:gi f:inquisitor f:local f:loremaster f:main f:map f:minotaur f:mobj f:morph f:move f:player f:playsim f:portal f:programmer f:properties f:rebels f:sbar f:sentinel f:spec f:strife f:strifeitems f:strifestuff f:strifeweapons f:swrender f:teleport f:things f:thingstoblowup f:user fn:A_Alpha fn:A_AlphaF fn:A_CleanNoMove g_raven g_shared g_strife thingdef
5a4b97418776aa6d7684b7154295dde525115761	f:actors f:func f:minotaur f:spectral f:strifeweapons fragglescript g_raven g_strife
f3d6ca04fc498c1c397d5cf69553797e27b45296	f:actor f:func fragglescript
cf79e1cb6dc8f5c21226f1808d2b186f185dbe89	actors f:actors f:codeptr f:fighterquietus f:flechette f:fog f:inventory f:local f:magestaff f:mobj f:playsim f:wraith fn:A_RaiseMobj g_hexen shared thingdef
4155e84a1ce4b41cf6fae89303901a57a1029fb0	f:acs f:actor f:actors f:artitele f:cheat f:codeptr f:doomdata f:flechette f:game f:heresiarch f:interaction f:level f:magestaff f:main f:map f:maputl f:misc f:mobj f:player f:playsim f:portal f:properties f:sight f:skill f:switch f:teleportother f:user g_hexen g_raven thingdef
c830801da32be85e15474d37d1fc132d87a4f014	f:actors f:bats f:bishop f:bot f:clericmace f:codeptr f:dragon f:fighterquietus f:firedemon f:flechette f:flies f:fog f:func f:game f:healingradius f:heresiarch f:hexenspecialdecs f:iceguy f:interaction f:korax f:level f:local f:magecone f:magelightning f:magestaff f:mapinfo f:maputl f:mobj f:playsim f:spec f:spike f:summon f:vectors f:wraith fn:A_AccelBalls fn:A_Chase fn:A_DecelBalls fn:A_SlowBalls fn:A_SorcOffense2 fn:A_Weave g_hexen thingdef
f1602882c85338c9c621eb586ea1ecc43cdea9a9	f:acs f:actor f:actors f:armor f:artifacts f:blastradius f:boostarmor f:cheat f:clericflame f:clericholy f:clericstaff f:codeptr f:coin f:conversation f:doomweaps f:enemy f:flechette f:func f:healingradius f:heresiarch f:hexenglobal f:korax f:local f:magestaff f:misc f:mobj f:pickups f:playsim f:strifeitems f:strifeweapons f:tables f:thingstoblowup f:user f:vectors f:weaponpiece f:weapons fn:A_CHolyWeave fn:A_KSpiritWeave fn:A_Weave fragglescript g_doom g_hexen g_shared g_strife thingdef
4e60ea0252d432be5770ddbf61d67937876285f6	f:3dfloors f:acolyte f:acs f:action f:actor f:actors f:artifacts f:automap f:bsp f:buildmap f:codeptr f:commands f:conversation f:data f:decals f:dehacked f:doomdata f:doomstat f:draw f:edata f:enemy f:fspic f:game f:hereticartifacts f:hud f:interaction f:lnspec f:main f:map f:mobj f:morph f:multipatchtexture f:olddecorations f:plane f:playsim f:properties f:renderstyle f:sbar f:sbarinfo f:segs f:setup f:shared f:sight f:strife f:strifestuff f:swrender f:things f:udmf f:video f:wizard f:xlat fn:A_Alpha fn:A_AlphaF fn:A_FillColor fragglescript g_heretic g_shared g_strife intermission menu r_data textures thingdef
b29058c1ab3fe7382323fba578bd0e235a3cbfea	f:actors f:hereticartifacts f:hereticmisc f:hereticweaps f:ironlich g_heretic
b54b34a5122da241e79c577cdfab2f96287a295d	data dynlights f:actors f:clock f:convert f:dynlight f:flats f:portal f:portaldata f:sky f:sprite f:spritelight f:stereo f:walls f:weapon gl models renderer scene stereo3d utility
48afdd7dcbdd7d12e10dfaaa90d575d011c51c4a	merge
904a027bd2555f00c92cc8c72018011d891d12f0	merge
11e613f5784164bf904a7b6044078fe58a99010c	merge
a66f9cbf5a6a6d4b3ad2d1f7803773990f2f8f3b	f:actors f:strifeweapons g_strife
2d2eeb49f032b533b312f5a84360b00c04d6e486	f:actors f:artifacts f:chicken f:hereticweaps f:ironlich f:playsim f:pspr f:strifestuff f:strifeweapons f:swrender f:things g_heretic g_shared g_strife
1ff4bb419c0965d6f3e2f775696cf981378ecd7b	f:acs f:action f:actor f:actors f:buildmap f:chicken f:codeptr f:dehacked f:doomdata f:heresiarch f:hereticmisc f:hereticweaps f:knight f:lnspec f:main f:mobj f:playsim f:properties f:setup f:things f:udmf g_heretic g_hexen g_shared thingdef
7ebb96f15c5383cdfe0349dd00ace7489e87e723	f:effect f:map f:maputl f:mobj f:playsim f:portal f:sectors f:spec f:swrender f:trace f:utility
289cdfbefdc623ec075e6719c293e9eaf12980d2	f:3dfloors f:acs f:action f:actor f:actors f:artifacts f:blastradius f:codeptr f:enemy f:flechette f:game f:heresiarch f:hereticartifacts f:hereticweaps f:korax f:level f:map f:minotaur f:mobj f:playsim f:serpent f:spike f:swrender f:terrain f:things f:user f:wraith fn:A_RaiseMobj fn:A_SinkMobj g_heretic g_hexen g_raven g_shared thingdef
f38dbc5055ccd7c95b58a9fb101eff41e8480d15	f:zcc-parse zscript
071a5718cc15829ea0a317b2320ef0c904e3f9c7	f:zcc-parse zscript
c0dd39ffd4037f8134e4a53465ab26ba7952c2c3	f:zcc-parse zscript
260cf6848f95d7f34091ab0c3194ba509459dd54	f:parser f:zcc-parse xlat zscript
baa6dc0568a88f9a556fced497654583ddf4f004	build
afa5f22b3135c4424bf29d70653c2c097baf9fc7	f:actor f:actors f:clericflame f:defs f:func f:mobj f:playsim f:swrender fragglescript g_hexen
cff8e51811459463032aaaa1bbe6b261114968f2	f:3dfloors f:3dmidtex f:acs f:action f:actor f:actors f:blastradius f:bot f:bridge f:camera f:cheat f:clericholy f:codeptr f:data f:dehacked f:doommisc f:doomweaps f:draw f:dsparil f:effect f:enemy f:fastprojectile f:fatso f:func f:heresiarch f:hereticweaps f:hexenspecialdecs f:iceguy f:info f:interaction f:korax f:magelightning f:main f:map f:misc f:mobj f:move f:movingcamera f:net f:olddecorations f:pickups f:playsim f:properties f:randomspawner f:revenant f:sentinel f:sight f:spec f:spectral f:spike f:strifeweapons f:swrender f:teleport f:things f:user f:utility f:wraith fragglescript g_doom g_heretic g_hexen g_shared g_strife thingdef
2a394d0cb8308afa64b75b70fd32dd5330a92764	build
7f3e1777a7e983461ec0b5f6acd9bccb98f63912	lemon tools
8362c6a8567625363c28155c090a10cf503fb164	f:3dfloors f:acs f:actor f:actors f:artifacts f:bot f:checkposition f:chicken f:clericflame f:cmds f:codeptr f:console f:data f:dragon f:dsparil f:enemy f:fastprojectile f:firedemon f:flechette f:game f:hereticmisc f:hereticweaps f:hexenspecialdecs f:info f:inquisitor f:level f:local f:magelightning f:man f:map f:minotaur f:mobj f:move f:pickups f:pig f:playsim f:polyobj f:programmer f:properties f:quake f:randomspawner f:rebels f:sentinel f:serpent f:spec f:specialspot f:strifeweapons f:teleport f:things f:user g_heretic g_hexen g_raven g_shared g_strife thingdef
3897f109ed74e55b788e1fc33099aa651479daa4	lemon tools
4641549e0e81a4595d0e8e61a5d0fd58688adb74	f:lempar lemon tools
ec5108b2e5fde31764eff4daa02cce6ab75ee78d	f:lempar lemon tools
4a24f7adcf9e0e7b362c8771a256b690b0b16297	f:lempar lemon tools
25972d79a791dbe73f4ea9a6165fb72244f990ac	lemon tools
ab4c3a0c5ee5b18a41bdc2ba39ca9d057398b5b2	f:lempar lemon tools
8a18e5c7eb57c8e56bd91815078229a46219060c	f:lempar lemon tools
75f6d3a4388a3397cc2ea10b3d4d203b42c9739d	f:lempar lemon tools
7306279a87cd08143f09129663d9af8b12df12b9	f:lempar lemon tools
be870502fd36215f5298fc87d80fe908664e75e1	f:lempar lemon tools
e9501e8688f1d54a9a96ec50b829fd2eaec08b31	f:lempar lemon tools
59b14415ffe5cf62c3b1ed2e88714d9d378960f9	f:lempar lemon tools
bcdef59c3c8c222c23b8184c48cedcc5cc88357c	f:lempar lemon tools
5286a7fef3c900c06e26a9b7ae9e5e32c6b91d5f	lemon tools
daa68a0c88c8fd120fe169193387fe01841624d4	lemon tools
123db1926c65ac6b8c9a25f02f02510af963c6d1	f:lempar lemon tools
fd3507c4c351d4cc15e0ee06f0e6e78a9e309a82	f:lempar lemon tools
3d5867d29e8932d238084e5c66dead1b4502f82f	f:lempar lemon tools
2b5cef0c177f7900c68c4dee512da8009308f949	lemon tools
00de97aca2ef41fe0c74a6b9638300ea171ecf04	lemon tools
23f69b6fbc37a94120ff2fd30b0bd0a770464d0f	lemon tools
9413ea15b6d58bb6aaba2633168cc3c07b8ab5b0	lemon tools
06455b49c0493a7d03a2c262d4a8535df1049aae	lemon tools
dd0d0e036c059392e24f1a2cbbca3e4c10e9ffd8	lemon tools
e59ef08cc83491eeff0dd67eec72d0c8f920b894	lemon tools
249aed455bd1a9b0c19a73a85a967efa04a703d5	lemon tools
c5e4f05fe28a8b72314fc8c66667469c9f06bd5c	lemon tools
cb7eb1abc5293aef64e8bb14f0a25fbf87f419c3	lemon tools
e20dc913b77451027e86bd6c29755122820843ed	lemon tools
54ff482d8fb76e8facd8b4b1fb871de9440b0608	lemon tools
3d7a8e8348bc20e3b487b91ae9ebf079456bd950	lemon tools
031cebb1384f079464ec19eb4ab523a4d740bc69	lemon tools
2e8d5e763b1d700685c7112e3650dfe905da7fee	lemon tools
a656bb4f72c450f8feb66411402ab4b4e07ea019	lemon tools
7e8b9219a8844896ce946f166da6f099412ecd7d	lemon tools
961188bc817b8be024d4a81a63d31842ef685987	lemon tools
1c592c960198894d7ebc7cbb119037e230ddeff1	f:lempar f:zcc-parse lemon tools zscript
cafbc8b50aab3353cc19632bed7bca5872d9a8ed	lemon tools
288f01a0c2f43e03a7e9fed5588dadac1a97ea57	f:compile f:zcc zscript
b81080ce087c6de48890a32c593f42bbd3f52b8c	f:actor f:actors f:codeptr f:doomweaps f:dsparil f:enemy f:hereticartifacts f:hereticmisc f:hereticweaps f:ironlich f:knight f:local f:mobj f:playsim f:specialspot f:thingstoblowup f:wizard g_doom g_heretic g_shared g_strife thingdef
0bdb65c47796de13490a4e9a370736b22a1f6ebe	f:acs f:action f:actor f:actors f:automap f:bbox f:blastradius f:bridge f:clericflame f:cmds f:codeptr f:console f:data f:debris f:dehacked f:doomdef f:effect f:enemy f:entityboss f:fastprojectile f:func f:heresiarch f:iceguy f:local f:magelightning f:main f:man f:map f:maputl f:misc f:mobj f:net f:olddecorations f:painelemental f:playsim f:polyobj f:portal f:properties f:quake f:sentinel f:sharedglobal f:spec f:spike f:strifeweapons f:things f:trace fragglescript g_doom g_hexen g_shared g_strife thingdef
ec58e700786cabd67c8550edcab3b75ed6dcf0bb	f:3dfloors f:acs f:actor f:actors f:bot f:buildmap f:checkposition f:codeptr f:data f:fastprojectile f:hereticweaps f:inquisitor f:korax f:local f:magelightning f:map f:mobj f:move f:painelemental f:pickups f:playsim f:randomspawner f:sentinel f:stalker f:strifeweapons f:swrender f:things f:user f:wraith g_doom g_heretic g_hexen g_shared g_strife thingdef
6e2421bd37afadcc603bd459e878107137ebd0da	f:acs f:playsim
ada5097e34d688a4e65070828575eadaa3271585	f:acs f:actor f:actors f:advsound f:armor f:artifacts f:automap f:buildmap f:codeptr f:commands f:data f:decals f:dehacked f:doomdata f:effect f:enemy f:game f:main f:map f:mobj f:olddecorations f:player f:playerdisplay f:playsim f:portal f:properties f:sbarinfo f:scriptedmarine f:sound f:spec f:sprites f:swrender f:things f:trace f:udmf f:user f:utility g_doom g_shared intermission menu r_data thingdef
5875e91f396bc3b26f04018e4f63d343b15c5bb2	f:actor f:actors f:archvile f:bbox f:bossbrain f:defs f:doomweaps f:fatso f:keen f:local f:map f:maputl f:misc f:mobj f:painelemental f:playsim f:revenant f:sectors f:spec f:swrender fn:A_Fire fn:A_PainShootSkull g_doom
f1d2c7755a233d76a8a2f8ebd5cdbaa9ffbebc96	f:actors f:revenant g_doom
a4f5846c7c36b4eedb7c71f3938d36d594471134	f:actors f:bishop f:clericholy f:fighteraxe f:fighterhammer f:fighterplayer f:func f:hereticmisc f:hexenspecialdecs f:lnspec f:local f:magelightning f:mobj f:playsim f:quake f:strifeweapons fragglescript g_heretic g_hexen g_shared g_strife
a43dccaa86f7f556f68934a9c69f400e020cefc5	merge
51b05d331d7431f35b0caa8bfb25ab3d06459581	actors build f:3dfloors f:3dmidtex f:acs f:action f:actor f:actors f:alienspectres f:archvile f:artifacts f:automap f:bats f:bishop f:blastradius f:bossbrain f:bot f:bridge f:camera f:cheat f:chicken f:clericflame f:clericholy f:cmds f:codeptr f:console f:conversation f:crusader f:data f:debris f:decals f:defs f:dehacked f:doomdef f:doomweaps f:dragon f:dsparil f:effect f:enemy f:entityboss f:farchive f:fastprojectile f:fastsin f:fatso f:fighterquietus f:firedemon f:flechette f:flies f:fog f:func f:game f:heresiarch f:hereticartifacts f:hereticimp f:hereticmisc f:hereticweaps f:hexenspecialdecs f:hud f:iceguy f:info f:inquisitor f:interaction f:ironlich f:knight f:korax f:level f:lnspec f:local f:loremaster f:lostsoul f:magecone f:magelightning f:magestaff f:main f:man f:map f:mapinfo f:maputl f:minotaur f:misc f:mobj f:morph f:move f:movingcamera f:mugshot f:net f:oalsound f:olddecorations f:painelemental f:pickups f:pig f:plane f:player f:playsim f:polyobj f:portal f:programmer f:properties f:pspr f:quake f:randomspawner f:rebels f:revenant f:sbar f:sectors f:sentinel f:serpent f:shared f:sight f:sound f:spark f:spec f:specialspot f:spectral f:spike f:stalker f:strifestuff f:strifeweapons f:summon f:switch f:swrender f:system f:tables f:teleport f:teleportother f:terrain f:things f:thingstoblowup f:think f:trace f:udmf f:user f:utility f:vectors f:version f:wizard f:wraith f:writemap fn:A_FaceTarget fn:A_SkullAttack fragglescript g_doom g_heretic g_hexen g_raven g_shared g_strife math sound strife thingdef win32
0ef9ee23b11fba9abf0a0e270d694ba7e5e4e172	f:actors f:quake g_shared
2adf8d524c63c720856c66bbbad6ec889d4b8e8d	f:actors f:heresiarch g_hexen
aaae9f2e0526006b301cec9fa7b9cf0aaa302341	f:ast f:compile f:dobjtype f:errors f:parser f:zcc f:zcc-parse zscript
51a98d0e5dca868c390b9ea9ca1932ce242a9172	f:mugshot f:sbar g_shared
f332a098cdb353b299fb87e487997752193f59df	f:acs f:actor f:actors f:bot f:cheat f:chicken f:clericholy f:clericmace f:clericstaff f:cmds f:codeptr f:console f:doomweaps f:enemy f:fighteraxe f:fighterhammer f:fighterplayer f:fighterquietus f:func f:hereticweaps f:local f:magecone f:magestaff f:main f:map f:misc f:mobj f:pig f:player f:playsim f:possessed f:pspr f:reaver f:rebels f:scriptedmarine f:strifeweapons f:templar f:vm fragglescript g_doom g_heretic g_hexen g_strife thingdef zscript
39de225fa72711204f6cd1c31993c513fb86fc4f	f:action f:actors g_shared
aa09cbdada93f0b3d01f22b4aed58c0d5d7d8dbd	f:actor f:actors f:blastradius f:bot f:bridge f:camera f:clericholy f:codeptr f:conversation f:dragon f:enemy f:fighterplayer f:firedemon f:flies f:func f:hereticweaps f:hexenspecialdecs f:interaction f:korax f:magelightning f:man f:map f:minotaur f:mobj f:move f:movingcamera f:mugshot f:playsim f:polyobj f:revenant f:sbar f:spec f:spectral f:teleport f:things f:think f:vectors fragglescript g_doom g_heretic g_hexen g_raven g_shared g_strife thingdef
ec3be2531a2b44bb5596b03ed7d873fcbf73e0e7	merge
9b134a78e37024eced0e5700b0aa158e8a5b7874	f:multipatchtexture textures
9b1442915f6b14ec10eb0d085b41c545210c4f9d	f:actors f:fighterplayer g_hexen
b140d71c491e4ceab4c5bb7d1d4348488876ad2e	f:action f:actor f:actors f:artitele f:camera f:clericholy f:codeptr f:conversation f:dragon f:effect f:enemy f:fog f:func f:hereticweaps f:korax f:lnspec f:lostsoul f:main f:map f:mobj f:movingcamera f:net f:playsim f:strifeweapons f:swrender f:teleport f:teleportother f:user f:utility f:vectors fn:A_KSpiritSeeker fragglescript g_doom g_heretic g_hexen g_raven g_shared g_strife thingdef
b20956e2070a71f0581348838a7666c80db45767	f:fmodsound sound
29a7fe33f3a17a49ee655c8b46e43c24b97a552f	f:actors f:enemy f:flechette f:fog f:func f:hatetarget f:korax f:lostsoul f:main f:net f:painelemental f:playsim f:script f:strifeweapons f:vectors fn:A_SkullAttack fragglescript g_doom g_hexen g_shared g_strife
671291227e588746e5eb6239e729a30054c4a49c	f:acs f:action f:actor f:actors f:alienspectres f:archvile f:artifacts f:artitele f:automap f:bats f:bishop f:bot f:bridge f:camera f:cheat f:chicken f:clericflame f:clericholy f:clericmace f:clericstaff f:cmds f:codeptr f:console f:conversation f:crusader f:data f:decals f:defs f:dehacked f:doomweaps f:dragon f:dsparil f:effect f:enemy f:entityboss f:farchive f:fastprojectile f:fatso f:fighteraxe f:fighterhammer f:fighterplayer f:fighterquietus f:flechette f:flies f:fog f:func f:game f:hatetarget f:heresiarch f:hereticartifacts f:hereticmisc f:hereticweaps f:hexenspecialdecs f:iceguy f:inquisitor f:ironlich f:korax f:level f:lnspec f:local f:lostsoul f:magecone f:magelightning f:magestaff f:main f:man f:map f:minotaur f:misc f:mobj f:morph f:move f:movingcamera f:mugshot f:net f:painelemental f:pig f:plane f:player f:playsim f:polyobj f:portal f:possessed f:programmer f:pspr f:quake f:randomspawner f:reaver f:rebels f:revenant f:sbar f:scriptedmarine f:sdlvideo f:sentinel f:sound f:spark f:spec f:spectral f:strifestuff f:strifeweapons f:switch f:swrender f:teleport f:teleportother f:templar f:things f:think f:user f:utility f:vectors f:version f:vm f:wizard f:wraith f:writemap fn:A_Face fn:A_KSpiritSeeker fn:A_PainShootSkull fragglescript g_doom g_heretic g_hexen g_raven g_shared g_strife posix sdl thingdef zscript
91ad7f5f2e2883f1cac6399332858d9a32e53548	f:map f:playsim
1f64d7ee2281d02dfb9ae19064f8bc4aeb367b76	f:wipe gl system
c64eee5b1594d4e5eed9f6f97b7707e75a36c3ca	merge
f4f489b33d08bdc77ed9dcc0fac22fa3cf61ff6b	merge
a07f264782db0101cacfda5a669cef21ea9b3e9c	f:acs f:playsim
d07bf08e56b07b0a7a87f5b78399d42335fe55eb	f:acs f:defs f:map f:playsim f:sectors f:swrender
801ac9128aeddb4aaa8ab418e320227cfd9913f8	f:playsim f:trace
6c94c49d6f150f818488c378cd49447f3d700f40	f:map f:playsim
df63dd288a18f6b71b382e2f842888a9354581bd	f:map f:playsim
448e66f19b164104778ab57f603cce73f8e3925d	f:maputl f:playsim
51ab60178a492e7fb10eb4db9ffd28530385e51b	f:automap f:language f:map f:menudef
93be5aca05c995a6c05990d17c26957b364aadc1	build cocoa f:common f:doomtype f:dumb f:main f:music f:pcxtexture f:system f:wad f:zip posix sound textures tools zipdir
0269aeea80b5a203e88b7dc815c6d7863a29b89e	f:language
0040b272ed8585d5d9a8c995bb216440a4a3a8fd	f:portal
8b4f4d06ad0fe5716f856800654aeac1b250d728	merge
b73d6e42af5a56e8283579e3a2d8dbcc5c4ecd89	f:maputl f:playsim
8a03b99b9ccbbb14d4b2cac7353797a8ad6901ae	f:multipatchtexture textures
4a295dfa3ddcc1464cc83d34c34f0495e41fcdb3	f:zcc-parse zscript
8c027aef8b51903860c8fd44f8776c23447b6576	f:portal
0a92138edf0e1f7c7366cdf0cf74f51ca9d8706f	f:map f:playsim f:portal
ae1571158c059fbc72dd635b36e20006ef880dba	f:map f:playsim f:portal f:sprite gl models scene
f0192a2349e04426c30b8d0f72f981b5dbcf9370	merge
651817fad7920b179350472c1522d09911c890c4	f:acs f:action f:actor f:actors f:alienspectres f:archvile f:artifacts f:bats f:bishop f:blastradius f:bossbrain f:bot f:cheat f:chicken f:clericflame f:clericholy f:codeptr f:conversation f:crusader f:data f:debris f:dragon f:dsparil f:effect f:enemy f:entityboss f:fastprojectile f:fatso f:fighterquietus f:firedemon f:flechette f:flies f:fog f:func f:game f:heresiarch f:hereticimp f:hereticmisc f:hereticweaps f:hexenspecialdecs f:iceguy f:inquisitor f:interaction f:ironlich f:knight f:korax f:level f:lnspec f:local f:loremaster f:lostsoul f:magecone f:magelightning f:main f:man f:map f:minotaur f:misc f:mobj f:morph f:painelemental f:pig f:player f:playsim f:polyobj f:programmer f:properties f:quake f:randomspawner f:revenant f:sentinel f:serpent f:sound f:spec f:spectral f:strifestuff f:strifeweapons f:summon f:teleport f:teleportother f:things f:thingstoblowup f:think f:user f:wizard f:wraith fragglescript g_doom g_heretic g_hexen g_raven g_shared g_strife thingdef
4116719a5a54c56ed6772efa96df45be85d3243c	f:mobj f:playsim
c7c2beee2c766d6933e47564a2f1528df31ca39d	actors f:actor f:actors f:blastradius g_hexen
346fae82c7d263ac9214add32193b4cd5d92bc50	actors doom f:lostsoul
161d03231a21fc3c310447395ee40d3ace518308	build f:acs f:actors f:asin f:atan f:bot f:buildmap f:camera f:cmath f:codeptr f:const f:cosh f:decals f:effect f:enemy f:events f:exp f:expression f:fastsin f:flechette f:func f:glnodes f:hereticweaps f:isnan f:log f:log10 f:man f:map f:maputl f:mconf f:mobj f:move f:movingcamera f:mtherr f:nodebuild f:playsim f:polevl f:polyobj f:portal f:quake f:readme f:setup f:sin f:sinh f:sqrt f:swrender f:tan f:tanh f:things f:utility f:vectors f:vmexec fragglescript g_heretic g_hexen g_shared math thingdef zscript
7edd5e2dace007411cf534a20141ee0f6a2c4417	f:parser xlat
9843f16cc09328d2f871bb484cc6ef65dda8893a	f:doomtype f:expr f:io f:joy f:misc f:mlopl f:vectors f:video f:zcc oplsynth zscript
f8ebfb541e4f56ca978ed1f22152fc3dad601c71	f:acs f:actor f:actors f:bot f:buildmap f:camera f:codeptr f:draw f:effect f:enemy f:func f:glnodes f:loremaster f:man f:map f:mobj f:playsim f:polyobj f:slopes f:swrender f:teleport f:things f:udmf f:user f:utility f:vectors f:video g_shared g_strife thingdef
2e588c20996766396b59030a8703b5e19b371367	f:zcc-parse zscript
7de2139e9fefac1d9c0d9b4de5bec47c56f51a60	merge
95d36670cf263c04ef528644f68872740fa31752	dynlights f:actors f:dynlight gl
3d367d585df63e810606d9cb4ffa8ebdbe0f77cf	f:codeptr f:dthinker f:enemy f:map f:maputl f:playsim f:spec thingdef
3063312f7f01529b7cef8f9a23fed18fca3bd923	f:enemy f:playsim
a605913f425ebe6790b859648f1c65a8c4773001	f:mobj f:playsim
7134f53638de8e7b68f01961b642f33a8fbe645a	f:texture gl textures
40ceb0fef6477bcac8a838a4a239d9cd5dfa2d15	f:playsim f:sectors
b3f7a57518f7b698d48de17c1066cf2c86082d40	f:map f:playsim
03118d441f03fdaffe90240abe988c9222f438f7	f:main
76489e76386426dd86841b67994c3ec766e71cdc	f:game f:level
174e00afe7c408ba8c32a964fe15eac64a49397a	f:mobj f:playsim
48b6b6e0576fd7b21bfc415079cfffcee0da090f	f:segs f:swrender
03e3410d7f1c8c090d02f3b4afde9068a925b5f1	merge
015cbb1061dbc3513269aa9a2bb24a0d12d54a8d	f:bsp f:swrender
365c192a1de6c670075be03f7bd25707fb854711	dynlights f:actors f:dynlight f:dynlight1 f:flats f:walls gl scene
0a1e22aa7a5b10b651252f9da728e618b688edd9	f:maputl f:playsim
42521ffd6f49e70955cf9c89379914ccecb60297	f:actors f:bsp f:map f:playsim f:spike f:swrender g_hexen
7c47e6ddb23fe139954761d0289e3a41865f16a8	f:eternity xlat
6787dfeafb7ae34b33b1ed2928d6f431a646ed33	f:eternity xlat
024efc9e61cab7b24ec89301dc1a23562e140f6a	merge
209b495e10faf02d851f634882176eb07de25498	f:dehacked f:main
899389e6a4ea3ef0d351be98c303a520928dbb07	f:actor f:codeptr f:map f:maputl f:mobj f:playsim f:portal thingdef
9d877f75e3380a0ccf9ea45f7c1f8bcd5a781f9c	f:iwad f:main
c2e7123a36df62d81355e5d32aa331dc8e371d4f	merge
1815b076eec3e960df0deae575adb1d2c9ac0074	f:main
e11a0986cea3e04ed9ec4ab4f437d612246b6dfd	f:bsp f:main f:plane f:swrender
4ebdcb7b6de4ca46eac3e9f6860e5f9094299974	f:playsim f:trace
f852ead99a4a04c1c6cde3a2e385e40ce752abdd	f:playsim f:sight
f35d96679979f49dda73aa6eeda84f801ecfb8ae	f:portal
50d2145ba041c55d4f81e1b3b72545948db5be83	f:portal
2cd74118f656a6a4afba3c8d78150267ba62cdac	f:actor f:defs f:playsim f:sight f:swrender
bd29f0994f1330d0133a9efcfb43c14f416582e5	f:playsim f:sight
cc2885c2ded8afc906b79a7feab2f89e864f804a	f:map f:playsim
3c25b2c066e55f58e09c02c27bacf464c145ed10	f:actionspecials f:actor f:defs f:doomdata f:local f:map f:maputl f:mobj f:playsim f:portal f:sight f:swrender
f82c2170476edf121c14ef16f995ac9ee60b19b6	f:mobj f:playsim
e277fbe81d9ee45442d7d979042fc252a6cb2e11	f:ceiling f:lnspec f:playsim f:spec
8b9a0da5efe97ee0f8210cf41ba3c3da50789809	f:codeptr thingdef
af50a79e551c55b806311c7142d133c56051501f	actors f:actor f:codeptr thingdef
fe4bc31d59e4d6b5743227926dbb37f2d4466def	f:map f:playsim
a65b0d7d4c79c0c696a1929b5a5f62873d44877e	tools zipdir
72edd7d4555c4f61da67b0787e252f3402e913f1	f:acs f:playsim
13a7507c4d0a5c04378009086a5a87528563fa6b	f:map f:playsim
8f71906fc3f1bb75530ac6f90f5a7499ab05d381	f:map f:playsim
7d7112f42719f2fabc0da7faf1d796d6e6777950	f:actor f:actors f:map f:playsim f:spike g_hexen
5175d56129422622bd9ca8505288b7d2dd2211df	f:actor f:actors f:basictypes f:codeptr f:decals f:local f:main f:map f:mobj f:net f:playsim f:portal f:revenant f:sharedglobal f:trace g_doom g_shared thingdef
90553bb61c07406c75afbab838077cec99624ecd	f:local f:map f:playsim f:swrender f:utility
a0b2915b8fd4c253f156eb2d376ca56637ef4752	f:playsim f:trace
74592334e436c3d505b498df74f0966f01380065	f:playsim f:trace
ae4cc9669bdd84844bca943066dd2c66b5f1bb75	f:playsim f:trace
983e8bc6a5714f0d317d2458f8346c6d6c01a98c	f:playsim f:terrain
97577dc2d70c2a49a0c8e90eb40c21608a6f1c6e	f:playsim f:trace
cf7f7b0d547a084bab42165c338fe9f9f9e03fbb	merge
87d6e03cc279506e887c9652547922c515320a44	gl scene
26a05857d01e27a7532d865a7b7b859ac27a3d78	f:swrender f:utility gl scene
c455c60480691ef3bd970cb48a6335b12a3b840a	f:map f:maputl f:playsim
b9c72e372b72e17a7675f785c222c18c60ffc921	f:actors f:weapons g_shared
d1f17e0b4692d7ea3446e42a69a74ff9570410d1	f:playsim f:udmf
e290bc6fd073bba60b0b8e9b1428d75166f05790	f:lnspec f:playsim
caf2ca0df7adba708f47ce231d2bd3aad8788c42	f:codeptr f:expression thingdef
ef9f3da31de97fa8c3645f6c8465847412c2ad94	f:portal gl scene
e9e30a6431e151f84b5aa1cb22c276f89f7cd56e	merge
dbd89c2702987278536bb85c346b54df18a07561	data f:portal f:portaldata f:wall f:walls gl scene
b427f27e3b52d6469188af26580a344691df020d	f:portal
af1b70376b04418a48e3047b614c2196940d005f	f:weapon gl scene
9b23b410219b035fcbe245647ccad70f841436cd	f:file f:wad resourcefiles
7ceb6d86dd2ea769f2b09dcaa7e47b4edca35667	f:portal gl scene
93323b64f8bb43136f17d1362c31f07e94fbbd9a	build
e4a74f4bbe2574b10edd482de3b7ba21c77a9105	f:expr f:parser f:zcc zscript
5c1ec2c0bf233f40811580788863187cf0da94fd	f:language
ec4b3da93de3bdb45c7aa007044bfef78376165f	f:language
964ff4606344d8a07e85064becf65d93545ca68d	f:ast f:man f:parser f:sc f:zcc f:zcc-parse zscript
078d37e073bd0359ed752644ed3b938da7a595ec	f:parser f:zcc zscript
0bcbacea536a39c74ea1b954aca870efc3816107	merge
0c37a90e32b8c7e1f0ae8f208d90c5ed663d8074	f:playsim f:trace
9f805daa735bec6cbefef769393da791abf786ba	f:map f:playsim
81b634a798a1ef49963b921e9373e0ed2c293851	f:codeptr f:map f:playsim f:trace thingdef
3c2ed52442cb3eac66ddaeb191b598da1d47fe23	f:video
16d8af6b77cb8468c5191750150bfd684c7a1158	cocoa f:sdlvideo f:system f:video posix sdl
79f07143410af621bde29efaba21d4a4d340e1dc	cocoa f:hardware f:system f:video posix sdl
a28c8091fc329bb1ef8acc12f281f360851c559f	f:menudef f:videomenu menu
a4705c84047baee72f23db8709a686e8a663a843	f:hardware posix sdl win32
3ac49682184b9092e3b02a898c674b6e392d3ffd	f:video
afb1d438c2611c4e7564c5114868eced67dd6cc0	f:draw f:video
73c7e513912704e91fac53fab72f874767a5b594	f:draw f:video
97821a3036f7ba8281f88d39bf2d750bf84c5c61	f:draw f:hardware f:main f:sbar f:shared f:swrender f:utility f:video g_shared posix sdl win32
e3d35f4fe8ada73dced41746f4b94045787d7ce4	f:dobjtype
6d68f69674966b7e48941488448d7edb930abcdd	f:expr f:zcc zscript
2587e82a671ee9b35fe3fc7a1f8062f4b5b47785	f:map f:playsim
b8abafb486ac512f26efe68ad64119c2383e3f3b	f:map f:playsim
ec258c9588a6bbeabf8768188dbb8f8260ff069d	f:portal
14a0567343a3160944963471eb45cff78e4dbb46	f:main f:map f:maputl f:playsim f:portal f:swrender
ede07f93b245c18bfab4aae31748c2b95bb46a23	f:bot f:game
74c326e9b236754f705b05ece38b4abe3b437633	f:optionmenuitems menu
4d2b9fbe1b4fc848aaf62ab07a4cb29dd512fac0	f:listmenu menu
d8c009bb41142e5731305c857a5a880db94649cf	actors f:actor f:actors f:blastradius g_hexen
81a5273b586f580b50a13d13195bc75f5abf2dc9	f:game f:language f:menudef f:messagebox menu
59ad6206de43e1b1a17f2a384a27dbd15f72006b	actors f:codeptr f:constants thingdef
7f672039bfd73f2f0d3fce53d0cc51991c685fd3	f:codeptr thingdef
fb3769a7307924a4e6d18466d8e4394697313200	actors f:actor f:codeptr thingdef
6f28735b45a4a0a4dbbba0f1b6e991a3f6ca3df2	merge
90cad80422b422038dea28260ffec589d82f6b07	f:maputl f:playsim
6b1485a89fc0f17948dd35cc87944e9cf21795ed	f:map f:maputl f:playsim f:portal
4b23a1c0c79ec59723537313aaa2c4d8d0eeecc1	f:map f:maputl f:playsim
63d838c0a7e39974dfa95b3e5822b300b9b8952e	f:map f:playsim f:portal
f5fd0df0775d7a339fa205198645009b408e29d4	f:actor f:actors f:chicken f:clericstaff f:codeptr f:doomweaps f:fighteraxe f:fighterhammer f:fighterplayer f:hereticweaps f:local f:magecone f:map f:maputl f:playsim f:scriptedmarine f:strifeweapons g_doom g_heretic g_hexen g_strife thingdef
a96d6ab072dae2746d2570f21c058b974f06470a	merge
c160121f4535d9d5aab394e01c585e942a3463c0	actors f:actor f:codeptr f:expression f:namedef f:states thingdef
e3c06e3df7e95d8c661d54624df9d66428cc7ddf	merge
55142078d81c30c80c981f0a5ad5860e73444247	C actors asm_ia32 asm_x86_64 core d3d docs doom dosbox dumb f:3dfloors f:3dmidtex f:7z f:7zBuf f:7zCrc f:7zCrcOpt f:7zDec f:7zStream f:7zVersion f:Bcj2 f:Bra f:Bra86 f:CpuArch f:LzFind f:LzFindMt f:LzHash f:Lzma2Dec f:LzmaDec f:LzmaEnc f:OPL3 f:SFMT f:Threads f:__autostart f:a f:acolyte f:acs f:action f:actionspecials f:actor f:actorptrselect f:actors f:advsound f:afxres f:aldumb f:alienspectres f:alloc f:althudcf f:ancientzip f:anim f:animations f:animdefs f:announcer f:arachnotron f:archvile f:argv f:armor f:arrow f:artiegg f:artifacts f:artitele f:ast f:atexit f:automap f:automaptexture f:autosegs f:barray f:base f:baseweapons f:basicinlines f:basictypes f:bats f:bbannouncer f:bbox f:beast f:beggars f:bind f:bishop f:bitmap f:blastradius f:blend f:blood f:boostarmor f:bossbrain f:bot f:botstuff f:bridge f:bruiser f:bsp f:build f:buildmap f:buildtexture f:cacodemon f:camera f:canvastexture f:cd f:ceiling f:centaur f:changes f:chat f:cheat f:chex f:chex3 f:chicken f:classify f:clericboss f:clericflame f:clericholy f:clericmace f:clericplayer f:clericstaff f:clickrem f:clink f:cmd f:cmdlib f:cmds f:coin f:collection f:colormaps f:colormatcher f:colorpickermenu f:commands f:common f:compatibility f:configfile f:console f:conversation f:conversationids f:crash f:crc32 f:critsec f:crusader f:ct f:cvars f:cyberdemon f:d3d9 f:dagger f:damagetypes f:data f:ddraw f:ddstexture f:ddtarrow f:deadthings f:debris f:decal f:decaldef f:decallib f:decals f:decoder f:decorate f:defines f:defs f:deftypes f:dehacked f:dehsupp f:demon f:demons f:design f:dijoy f:directory f:dispatch f:dls f:dobject f:dobjgc f:dobjtype f:dog f:doom f:doom2 f:doom2bfg f:doomammo f:doomarmor f:doomartifacts f:doomcommon f:doomdata f:doomdecorations f:doomdef f:doomedmap f:doomerrors f:doomglobal f:doomhealth f:doomimp f:doomitems f:doomkeys f:doommisc f:doomplayer f:doomstat f:doomtype f:doomweapons f:doomweaps f:doors f:dragon f:draw f:drawt f:dscript f:dsectoreffect f:dsparil f:dthinker f:duhlen f:duhtag f:dumb f:dumb.vcxproj f:dumbfile f:eaxedit f:effect f:efx f:empty f:emptytexture f:enemy f:entityboss f:environment f:epi1 f:epi2 f:epi3 f:etc.h f:eternity f:ettin f:event f:events f:except f:exp f:expr f:expression f:extract f:farchive f:fastprojectile f:fatso f:fb f:fighteraxe f:fighterboss f:fighterfist f:fighterhammer f:fighterplayer f:fighterquietus f:file f:files f:finale f:firedemon f:fixed f:flame f:flashfader f:flattexture f:flechette f:floor f:fluidsynth f:fmod f:fmodsound f:fmopl f:fog f:font f:fontdefs f:fountain f:fs f:fspic f:func f:game f:gameconfigfile f:gametype f:gccinlines f:gf1patch f:gi f:gitignore f:gl f:glnodes f:gme f:grp f:gstrings f:gui f:hacxharm f:hardware f:hatetarget f:healingradius f:helperthread f:heresiarch f:heretic f:hereticammo f:hereticarmor f:hereticartifacts f:hereticdecorations f:hereticimp f:heretickeys f:hereticmisc f:hereticplayer f:hereticsw f:hereticweaps f:hexdd f:hexen f:hexenarmor f:hexendecorations f:hexenglobal f:hexenkeys f:hexenmisc f:hexenspecialdecs f:history f:hmi f:htc1 f:htc2 f:htc3 f:hub f:hud f:hudmessages f:iceguy f:imgztexture f:in f:info f:input f:inquisitor f:instrum f:interpolate f:inventory f:io f:ironlich f:it f:itload f:itload2 f:itmisc f:itorder f:itread f:itread2 f:itrender f:itunload f:iwad f:iwadinfo f:joy f:joystickmenu f:jpegtexture f:keen f:key f:keyboard f:keys f:keysections f:knight f:korax f:language f:level f:license f:lightning f:lights f:linkedsectors f:listmenu f:lists f:lnspec f:load f:load669 f:load6692 f:loadamf f:loadamf2 f:loadany f:loadany2 f:loadasy f:loadasy2 f:loadduh f:loadmod f:loadmod2 f:loadmtm f:loadmtm2 f:loadokt f:loadokt2 f:loadoldpsm f:loadoldpsm2 f:loadpsm f:loadpsm2 f:loadptm f:loadptm2 f:loadriff f:loadriff2 f:loads3m f:loads3m2 f:loadsavemenu f:loadstm f:loadstm2 f:loadxm f:loadxm2 f:local f:lockdefs f:loremaster f:lostsoul f:lpc f:lump f:lumpconfigfile f:macil f:mageboss f:magecone f:magelightning f:mageplayer f:magestaff f:magewand f:main f:makeduh f:man f:mana f:map f:mapinfo f:mapmarker f:maputl f:md5 f:memarena f:memfile f:menudef f:menuinput f:merchants f:messagebox f:midi f:midistream f:mindefaults f:minotaur f:misc f:mix f:mlopl f:mobj f:morph f:mouse f:move f:movie f:movingcamera f:mpg123 f:mscinlines f:mugshot f:multipatchtexture f:mummy f:mus f:mus2midi f:music f:musicinterns f:muslib f:name f:namedef f:net f:netinf f:netinfo f:nodebuild f:oalsound f:olddecorations f:oper f:opl f:opldumper f:optionmenu f:optionmenuitems f:oracle f:painelemental f:pak f:palette f:parse f:parsecontext f:parser f:patchtexture f:pcxtexture f:peasants f:pfx f:pickups f:pig f:pillar f:plane f:plats f:player f:playerdisplay f:playermenu f:playlist f:playmidi f:playsim f:plutonia f:png f:pngtexture f:polyobj f:portal f:possessed f:prepro f:programmer f:properties f:protocol f:pseudo f:pspr f:ptmeffect f:puzzleitems f:quake f:questitems f:random f:randomspawner f:ratbuddy f:ravenambient f:ravenartifacts f:ravenhealth f:ravenkey f:ravenshared f:rawinput f:rawpagetexture f:rawps2 f:rawsig f:read669 f:readam f:readamf f:readamf2 f:readany2 f:readasy f:readdsmf f:readduh f:readme f:readme-zdoom f:readmod f:readmod2 f:readmtm f:readokt f:readokt2 f:readoldpsm f:readpsm f:readptm f:readriff f:reads3m f:reads3m2 f:readstm f:readstm2 f:readthis f:readxm f:readxm2 f:reaver f:rebels f:register f:rendduh f:renderer f:renderstyle f:rendsig f:resamp2 f:resamp3 f:resample f:resampler f:resource f:resourcefile f:revenant f:reverbs f:rff f:riff f:sampbuf f:saveg f:sbar f:sbarinfo f:sc f:scores f:script f:scriptedmarine f:scriptprojectiles f:secrettrigger f:sectoraction f:sectors f:segs f:sentinel f:serpent f:setcolor f:setup f:sf2 f:shared f:sharedglobal f:sharedmisc f:sight f:sigil f:silence f:skies f:skill f:skins f:sky f:slopes f:smf f:snake f:sndinfo f:sndseq f:softsynth f:sound f:soundenvironment f:soundinternal f:soundsequence f:spark f:spec f:specialspot f:spectral f:speedboots f:spidermaster f:spike f:splashes f:sprites f:stack f:stalker f:start f:state f:states f:statistics f:statnums f:stats f:statusbar f:stdfile f:stealthmonsters f:stream f:strife f:strifeammo f:strifearmor f:strifebishop f:strifeglobal f:strifehelp f:strifehumanoid f:strifeitems f:strifekeys f:strifeplayer f:strifestuff f:strifeweapons f:stringtable f:stuff f:summon f:swap f:switch f:switches f:swrender f:swrenderer f:system f:tables f:tags f:tarray f:teaminfo f:teleport f:teleportother f:tempfiles f:templar f:templates f:terrain f:text f:textcolors f:texture f:texturemanager f:textures f:tflags f:tgatexture f:things f:things.h f:thingstoblowup f:think f:ticcmd f:tick f:timidity f:tmap f:tmap2 f:tmap3 f:tnt f:trace f:translate f:trustinfo f:udmf f:ultdoom f:unload f:urbanbrawl f:usdf f:user f:utility f:variable f:vectors f:version f:video f:videomenu f:vm f:vmbuilder f:vmdisasm f:vmexec f:vmframe f:vmops f:voxels f:wad f:warptexture f:waterzone f:weaponpiece f:weapons f:weightedlist f:wi f:win f:win32iface f:win32video f:winres f:wipe f:wizard f:wraith f:wrap f:writemap f:x11r6rgb f:x86 f:xhairs f:xinput f:xlat f:xmeffect f:xmi f:xs f:zcc f:zcc-parse f:zdoom f:zdoom.exe f:zip f:zombie f:zstrformat f:zstring f:zzautozend filter fixrtext fn:A_ARTIFACTS fn:A_AccTeleGlitter fn:A_AccelBalls fn:A_AcolyteBits fn:A_AcolyteDie fn:A_ActiveAndUnblock fn:A_ActiveSound fn:A_AddPlayerRain fn:A_AlertMonsters fn:A_AlienSpectreDeath fn:A_Alpha fn:A_AlphaChannel fn:A_AltIcon fn:A_BFGSpray fn:A_BFGsound fn:A_BabyMetal fn:A_Bang4Cloud fn:A_BarrelDestroy fn:A_BatMove fn:A_BatSpawn fn:A_BatSpawnInit fn:A_BeShadowyFoe fn:A_Beacon fn:A_BeakAttackPL1 fn:A_BeakAttackPL2 fn:A_BeakRaise fn:A_BellReset1 fn:A_BellReset2 fn:A_BetaSkullAttack fn:A_BishopAttack fn:A_BishopAttack2 fn:A_BishopChase fn:A_BishopDecide fn:A_BishopDoBlur fn:A_BishopMissileWeave fn:A_BishopPainBlur fn:A_BishopPuff fn:A_BishopSpawnBlur fn:A_Blast fn:A_BlueSpark fn:A_BossDeath fn:A_Bottom320x200 fn:A_BounceCheck fn:A_BrainAwake fn:A_BrainDie fn:A_BrainExplode fn:A_BrainPain fn:A_BrainScream fn:A_BrainSpit fn:A_BridgeInit fn:A_BridgeOrbit fn:A_BruisAttack fn:A_BspiAttack fn:A_BurnArea fn:A_Burnination fn:A_CFlameAttack fn:A_CFlameMissile fn:A_CFlamePuff fn:A_CFlameRotate fn:A_CHolyAttack fn:A_CHolyAttack2 fn:A_CHolyCheckScream fn:A_CHolyPalette fn:A_CHolySeek fn:A_CHolyTail fn:A_CHolyWeave fn:A_CMaceAttack fn:A_CPosAttack fn:A_CPosRefire fn:A_CStaffAttack fn:A_CStaffCheck fn:A_CStaffCheckBlink fn:A_CStaffInitBlink fn:A_CStaffMissileSlither fn:A_CallSpecial fn:A_CentaurDefend fn:A_CenterBottomOffset fn:A_Chase fn:A_CheckForReload fn:A_CheckReload fn:A_CheckTeleRing fn:A_CheckTerrain fn:A_CheckThrowBomb fn:A_CheckThrowBomb2 fn:A_ChicAttack fn:A_ClassBossHealth fn:A_CleanNoMove fn:A_ClearFlash fn:A_ClearLastHeard fn:A_ClearReFire fn:A_ClearShadow fn:A_ClearSoundTarget fn:A_ClericAttack fn:A_ClipBottom fn:A_ClipLeft fn:A_ClipRight fn:A_ClipTop fn:A_CloseShotgun2 fn:A_ColorOverlay fn:A_CorpseBloodDrip fn:A_CorpseExplode fn:A_Countdown fn:A_CrispyPlayer fn:A_CrusaderChoose fn:A_CrusaderDeath fn:A_CrusaderRefire fn:A_CrusaderSweepLeft fn:A_CrusaderSweepRight fn:A_CustomMissile fn:A_CyberAttack fn:A_DOOMGLOBAL fn:A_DeQueueCorpse fn:A_DeathBallImpact fn:A_DecelBalls fn:A_DelayGib fn:A_DestHeight fn:A_DestHeightF fn:A_DestWidth fn:A_DestWidthF fn:A_Detonate fn:A_Die fn:A_DoBounceCheck fn:A_DoChase fn:A_DragonAttack fn:A_DragonCheckCrash fn:A_DragonFX2 fn:A_DragonFlap fn:A_DragonFlight fn:A_DragonInitFlight fn:A_DragonPain fn:A_DripBlood fn:A_DropBloodscourgePieces fn:A_DropFire fn:A_DropQuietusPieces fn:A_DropWeaponPieces fn:A_DualPainAttack fn:A_EntityAttack fn:A_EntityDeath fn:A_Explode fn:A_Explode512 fn:A_ExtChase fn:A_ExtraLightOff fn:A_FAxeAttack fn:A_FAxeCheckAtk fn:A_FAxeCheckReady fn:A_FAxeCheckReadyG fn:A_FAxeCheckUp fn:A_FAxeCheckUpG fn:A_FHammerAttack fn:A_FHammerThrow fn:A_FLoopActiveSound fn:A_FPunchAttack fn:A_FSwordAttack fn:A_FSwordFlames fn:A_Face fn:A_FaceMaster fn:A_FaceTarget fn:A_FaceTracer fn:A_Fall fn:A_FastChase fn:A_FatAttack1 fn:A_FatAttack2 fn:A_FatAttack3 fn:A_FatRaise fn:A_Feathers fn:A_FighterAttack fn:A_FillColor fn:A_Fire fn:A_FireArrow fn:A_FireAssaultGun fn:A_FireBFG fn:A_FireBlasterPL1 fn:A_FireCGun fn:A_FireConePL1 fn:A_FireCrackle fn:A_FireCrossbowPL1 fn:A_FireCrossbowPL2 fn:A_FireElectric fn:A_FireFlamer fn:A_FireGoldWandPL1 fn:A_FireGoldWandPL2 fn:A_FireGrenade fn:A_FireMacePL1 fn:A_FireMacePL1B fn:A_FireMacePL2 fn:A_FireMauler1 fn:A_FireMauler2 fn:A_FireMauler2Pre fn:A_FireMiniMissile fn:A_FireMissile fn:A_FireOldBFG fn:A_FirePhoenixPL1 fn:A_FirePhoenixPL2 fn:A_FirePistol fn:A_FirePlasma fn:A_FireRailgun fn:A_FireRailgunLeft fn:A_FireRailgunRight fn:A_FireSTGrenade fn:A_FireShotgun fn:A_FireShotgun2 fn:A_FireSigil1 fn:A_FireSigil2 fn:A_FireSigil3 fn:A_FireSigil4 fn:A_FireSigil5 fn:A_FireSkullRodPL1 fn:A_FireSkullRodPL2 fn:A_FiredAttack fn:A_FiredChase fn:A_FiredRocks fn:A_FiredSpawnRock fn:A_FiredSplotch fn:A_Flags fn:A_FlameDie fn:A_FlameEnd fn:A_FloatGib fn:A_FloatPuff fn:A_FogMove fn:A_FogSpawn fn:A_FreezeDeath fn:A_FreezeDeathChunks fn:A_Full3d fn:A_GauntletAttack fn:A_GenWizard fn:A_GenericFreezeDeath fn:A_GetHurt fn:A_GhostOff fn:A_GiveQuestItem fn:A_Gravity fn:A_GunFlash fn:A_HEXENGLOBAL fn:A_HUDRules fn:A_HandLower fn:A_HeadAttack fn:A_HideDecepticon fn:A_HideInCeiling fn:A_HideThing fn:A_Hoof fn:A_IceCheckHeadDone fn:A_IceGuyAttack fn:A_IceGuyChase fn:A_IceGuyDie fn:A_IceGuyLook fn:A_IceGuyMissileExplode fn:A_IceSetTics fn:A_ImpDeath fn:A_ImpExplode fn:A_ImpMsAttack fn:A_ImpXDeath1 fn:A_InitPhoenixPL2 fn:A_InquisitorAttack fn:A_InquisitorCheckLand fn:A_InquisitorDecide fn:A_InquisitorJump fn:A_InquisitorWalk fn:A_ItBurnsItBurns fn:A_JabDagger fn:A_Jump fn:A_K fn:A_KBolt fn:A_KBoltRaise fn:A_KEYS fn:A_KR fn:A_KSpiritRoam fn:A_KSpiritSeeker fn:A_KSpiritWeave fn:A_KeenDie fn:A_KeepRatio fn:A_KlaxonBlare fn:A_KnightAttack fn:A_KoraxBonePop fn:A_KoraxChase fn:A_KoraxCommand fn:A_KoraxDecide fn:A_KoraxMissile fn:A_KoraxStep fn:A_KoraxStep2 fn:A_LIGHTNING fn:A_LastZap fn:A_LeafCheck fn:A_LeafSpawn fn:A_LeafThrust fn:A_LeftOffset fn:A_LichAttack fn:A_LichFireGrow fn:A_LichIceImpact fn:A_Light fn:A_Light0 fn:A_Light1 fn:A_Light2 fn:A_LightGoesOut fn:A_LightInverse fn:A_LightningClip fn:A_LightningReady fn:A_LightningRemove fn:A_LightningZap fn:A_LoadShotgun2 fn:A_Look fn:A_Look2 fn:A_LookEx fn:A_LoopActiveSound fn:A_LoremasterChain fn:A_LowGravity fn:A_Lower fn:A_M fn:A_MLightningAttack fn:A_MORPH fn:A_MStaffAttack fn:A_MStaffAttack2 fn:A_MStaffPalette fn:A_MStaffTrack fn:A_MaceBallImpact fn:A_MaceBallImpact2 fn:A_MacePL1Check fn:A_MageAttack fn:A_MakePod fn:A_MarineChase fn:A_MarineLook fn:A_MarineNoise fn:A_MaulerTorpedoWave fn:A_Metal fn:A_MinotaurAtk1 fn:A_MinotaurAtk2 fn:A_MinotaurAtk3 fn:A_MinotaurCharge fn:A_MinotaurChase fn:A_MinotaurDeath fn:A_MinotaurDecide fn:A_MinotaurLook fn:A_MinotaurRoam fn:A_MntrFloorFire fn:A_MonsterRail fn:A_Mushroom fn:A_NoBlocking fn:A_NoGravity fn:A_OpenShotgun2 fn:A_PICKUPS fn:A_Pain fn:A_PainAttack fn:A_PainDie fn:A_PainShootSkull fn:A_PhoenixPuff fn:A_PigPain fn:A_PodPain fn:A_PoisonBagCheck fn:A_PoisonBagDamage fn:A_PoisonBagInit fn:A_PoisonShroom fn:A_PosAttack fn:A_PotteryCheck fn:A_PotteryChooseBit fn:A_PotteryExplode fn:A_ProgrammerDeath fn:A_ProgrammerMelee fn:A_Punch fn:A_QueueCorpse fn:A_R fn:A_RI fn:A_RK fn:A_RR fn:A_RailWait fn:A_RainImpact fn:A_Raise fn:A_RaiseMobj fn:A_ReFire fn:A_ReaverRanged fn:A_RemoveForceField fn:A_RemovePod fn:A_RenderStyle fn:A_RestoreSpecialDoomThing fn:A_RestoreSpecialPosition fn:A_RestoreSpecialThing1 fn:A_RestoreSpecialThing2 fn:A_RocketInFlight fn:A_SHAREDGLOBAL fn:A_SPECSPOT fn:A_SPosAttack fn:A_SPosAttack2 fn:A_SPosAttackUseAtkSound fn:A_STRIFEGLOBAL fn:A_SargAttack fn:A_Saw fn:A_Scream fn:A_ScreamAndUnblock fn:A_SelectPiece fn:A_SelectSigilAttack fn:A_SelectSigilDown fn:A_SelectSigilView fn:A_SentinelAttack fn:A_SentinelBob fn:A_SentinelRefire fn:A_SerpentChase fn:A_SerpentCheckForAttack fn:A_SerpentChooseAttack fn:A_SerpentHeadCheck fn:A_SerpentHide fn:A_SerpentHumpDecide fn:A_SerpentLowerHump fn:A_SerpentMeleeAttack fn:A_SerpentRaiseHump fn:A_SerpentSpawnGibs fn:A_SerpentUnHide fn:A_SerpentWalk fn:A_SetCrosshair fn:A_SetFloorClip fn:A_SetInvulnerable fn:A_SetReflective fn:A_SetReflectiveInvulnerable fn:A_SetShadow fn:A_SetShootable fn:A_ShedShard fn:A_ShootGun fn:A_ShowElectricFlash fn:A_ShutdownPhoenixPL2 fn:A_SigilCharge fn:A_SinkGib fn:A_SinkMobj fn:A_SkelFist fn:A_SkelMissile fn:A_SkelWhoosh fn:A_SkullAttack fn:A_SkullPop fn:A_SkullRodStorm fn:A_SlowBalls fn:A_SmBounce fn:A_SnoutAttack fn:A_SoAExplode fn:A_Sor1Chase fn:A_Sor1Pain fn:A_Sor2DthInit fn:A_Sor2DthLoop fn:A_SorcBallOrbit fn:A_SorcBallPop fn:A_SorcBossAttack fn:A_SorcFX1Seek fn:A_SorcFX2Orbit fn:A_SorcFX2Split fn:A_SorcFX4Check fn:A_SorcOffense2 fn:A_SorcSpinBalls fn:A_SorcererBishopEntry fn:A_SorcererRise fn:A_SpawnBishop fn:A_SpawnEntity fn:A_SpawnFizzle fn:A_SpawnFly fn:A_SpawnProgrammerBase fn:A_SpawnReinforcements fn:A_SpawnRippers fn:A_SpawnSingleItem fn:A_SpawnSound fn:A_SpectralBigBallLightning fn:A_SpectralLightning fn:A_SpectralLightningTail fn:A_SpectralMissile fn:A_Spectre3Attack fn:A_SpectreChunkLarge fn:A_SpectreChunkSmall fn:A_SpeedBalls fn:A_SpidRefire fn:A_SpotLightning fn:A_Srcr1Attack fn:A_Srcr2Attack fn:A_Srcr2Decide fn:A_StaffAttack fn:A_StaffAttackPL1 fn:A_StalkerAttack fn:A_StalkerChaseDecide fn:A_StalkerDrop fn:A_StalkerLookInit fn:A_StalkerWalk fn:A_StartFire fn:A_StopBalls fn:A_SubEntityDeath fn:A_Summon fn:A_TeloSpawnA fn:A_TeloSpawnB fn:A_TeloSpawnC fn:A_TeloSpawnD fn:A_TemplarAttack fn:A_TextLen fn:A_ThrustImpale fn:A_ThrustInitDn fn:A_ThrustInitUp fn:A_ThrustLower fn:A_ThrustRaise fn:A_TimeBomb fn:A_TopOffset fn:A_TopOffsetF fn:A_TossArm fn:A_TossGib fn:A_Tracer fn:A_Tracer2 fn:A_Translation fn:A_TroopAttack fn:A_TurretLook fn:A_UnHideThing fn:A_UnSetFloorClip fn:A_UnSetInvulnerable fn:A_UnSetReflective fn:A_UnSetReflectiveInvulnerable fn:A_UnSetShootable fn:A_Unblock fn:A_VileAttack fn:A_VileChase fn:A_VileStart fn:A_VileTarget fn:A_VirtualHeight fn:A_VirtualWidth fn:A_VolcBallImpact fn:A_VolcanoBlast fn:A_VolcanoSet fn:A_WakeOracleSpectre fn:A_Wander fn:A_WeaponReady fn:A_Weave fn:A_WhirlwindSeek fn:A_WindowLeft fn:A_WindowRight fn:A_WizAtk1 fn:A_WizAtk2 fn:A_WizAtk3 fn:A_WraithChase fn:A_WraithFX2 fn:A_WraithFX3 fn:A_WraithFX4 fn:A_WraithInit fn:A_WraithMelee fn:A_WraithRaise fn:A_WraithRaiseInit fn:A_XBowReFire fn:A_XScream fn:A_ZapMimic fn:A_ZoomFactor fragglescript g_doom g_heretic g_hexen g_raven g_shared g_strife game-music-emu helpers heretic hexen include intermission internal it jpeg-6b lemon lzma maparrows mapinfo menu oplsynth r_data raven resourcefiles sbarinfo sfmt shaders shared sm14 sm20 sm30 sound specs src strife strifeteaser1 strifeteaser2 textures thingdef timidity tools updaterevision vc6 win32 xlat zipdir zscript
165d26baa1569685651baf4575e12e73c8cbfd2e	f:gitattributes
8b5137461f55161de747c89bbc666bb77b4ae6a4	f:gitignore
b4a002a07fa6d6c95d7cb5201f46e5665edbc450	f:acs f:actor f:actorptrselect f:actors f:chicken f:clericholy f:clericmace f:clericstaff f:cmds f:codeptr f:console f:doomweaps f:enemy f:fighteraxe f:fighterhammer f:fighterplayer f:hereticweaps f:hexenglobal f:hexenspecialdecs f:interaction f:local f:magecone f:magestaff f:map f:mobj f:pig f:playsim f:pspr f:scriptedmarine f:strifeweapons g_doom g_heretic g_hexen g_strife thingdef
a16f92c508d3b19d9c540a5d11356d9518e60538	f:directory f:file resourcefiles
44a6cafd4b546ac544741aa078cd036627970028	bzip2 dumb dumb_static f:lzmalib f:static f:wadsrc f:zdoom fixrtext game-music-emu gdtoa jpeg-6b lemon lzma re2c tools updaterevision vc6 win32 zipdir zlib
7c9fd12fc032ef489dd39cb10b7ee45b5d909e10	f:exp f:expression thingdef
92f74634d6bbe961dbd795216134c12680bf88b1	f:exp f:expression f:states thingdef
fb8d8dc775708b9c487f3cdbb40a95019adcd519	f:states thingdef
cb1d9597f2d9c990ff291dbad6040948c9593f3f	f:states thingdef
f23c0121c562e33e999a693a8835a7a7fac84033	f:dobjtype f:exp f:expression f:parse f:type thingdef
15b6c117485b32e0ab70529487104611a5fbbcb6	f:map f:maputl f:playsim
5e7ecb3c4452a3ec21c70c7562e1e574bf6fc1b2	f:map f:maputl f:playsim
2584108200b7a72b78189efb82c7be23320040ee	f:actor f:map f:maputl f:mobj f:playsim f:portal f:spec f:switch
6bcaa51968f9804f981448e61473f2bf017a8fc0	f:eternity xlat
0c7aea88dba5beb27dc39e4c26241ce3d848921c	f:effect f:playsim
07771bd56e731a574018967c8f5cd3427141c28d	f:actor f:portal
38c1b8588cd608e7c6038dcd41e5a5365cb8fe4d	f:playsim f:teleport
2b74ee1eef3a164c7ef71317af05c8676d210fae	f:vm zscript
2321c9973f778717da202ae9907c58fc2ea50aca	f:swrender f:things
0cf9cae7f3a2a1056117970d32ff2824bfdf0d26	f:crash f:system win32
6c37ab231099f0adf2884b8ad7955aa8e154c31e	f:menudef menu
7242a0ef94234fa1c789ce2ddbe8d1b651c47835	f:defs f:segs f:swrender
fadc7de63643fb0d1218b088720376aee5ac3309	f:actors f:blastradius g_hexen
0822485593812dcf3be5c9580d27ba96e7927b02	cocoa f:console f:statusbar posix
243f59d96d783fd20799d5f8f43b562e57182e13	cocoa f:console f:statusbar posix
067b421f39222f0b8d68ef505454b20ce33343d8	cocoa f:console f:statusbar posix
64f80456ada5e298227854de5ca390974e02f5f0	cocoa f:console f:statusbar posix
145b7be0a16299c70084c96b3123681fe4e05461	cocoa f:console f:statusbar posix
c687394f727a02741bbbb666c8a07ce026fe97c4	cocoa f:console f:statusbar posix
0fba6563c77604bb2ffc4cf91403bdbbc128aa6c	cocoa f:common f:console f:statusbar f:system posix
d4f87203bd6da64d21f2fba68502e2524492d215	f:actors f:codeptr f:enemy f:maputl f:playsim f:portal f:spec f:spike fn:A_Full3d g_hexen thingdef
8be690fbf28ff9b67be30b2e47f382b050c23c1f	f:expression thingdef
27ac207f4c6597a6b8a53be96b6765cfdf298798	f:enemy f:playsim
4bb0ca58890b1366b0df69065bdfb633c8ae67d8	f:actors f:clericmace f:clericstaff f:fighteraxe g_hexen
c390b989660d6a63844e7b049df999ae9cbbbdbc	f:actors f:clericstaff g_hexen
94f37bde304d9636b009ec478e127c0c0a0aa7f6	f:map f:playsim
e9fa53c54dc007948d066da4ff47d3656c23e9f2	f:map f:maputl f:playsim
b0f1e9b8f301149603b105e4083daef99a24c2af	f:portal
9e3bde09139366a3b131cd71d818eded0fa7e439	f:map f:playsim
ee18fdeb83212f82d311a6dc646f9bb6fb938da7	f:flats gl scene
9a0de6c0fae53c448882829d9a1d328ae869ff1f	merge
3272f180cb2a50948f6c5e1a9857658f15b92d15	f:edata
cd85f6768cfb51aae8a040b95ba66f455bd943ea	build
e305f5211acfa0dd79b41fb35fdba5a1f39884d1	merge
a9ca53bc0057181ad98aae6b5f2f916b4045078e	f:map f:maputl f:playsim
047070d180712e43e7c415d58e37ab9ed8032c78	f:map f:playsim f:portal f:setup f:spec f:swrender f:utility
fcb38a9419750aa0759d68a4c68be1e2f4096f01	f:exp f:expression thingdef
d49f4a5d84c82babba9bd7cee3e44599ba0c5042	f:map f:playsim
3c044ebd5eae3437966eff22f417b5e7ea46c636	f:automap f:map f:md5 f:playsim f:spec
9e016bbfc3596db3b449dbb38590caf32bf8b68c	cocoa f:system posix
202aea61e5864603295b47693ec8ca89c7016d08	cocoa f:console f:statusbar posix
6baa1b06742ab247bd5e243d8eace81869c1f10c	build f:map f:playsim
8d58d63b6054c7aad9e77e6df6102be43640d7e8	f:local f:map f:playsim f:swrender f:tick f:utility
451cac457bab13a72e37972e320ca580f6ddf15a	f:defs f:swrender
7da8112f12a68dafe64dcd1577aa1ed551cb3d27	f:doomdef f:game f:level
f7a3314a0aac589e1b86f76181da3d14313aaeb3	f:tarray
213d7a75c2081f1e08346b1085fbf3d343b2d544	f:portal gl scene
bb4bd76257ff662a48eec631dabbdd89dc4f90b9	merge
60c2a55ec4e9e882c340cce5db6dab70d3301681	f:actor f:portal
d46e109a5be91478f659064e0dfe250b0cd9cfba	f:portal
eafd2519b4285396a4b0c0787ddd6526bc1793c1	f:actor f:actors f:codeptr f:defs f:korax f:maputl f:playsim f:portal f:sectors f:swrender f:things f:utility g_hexen thingdef
fd78686679a81cfcb36c164142311543c9560bc4	f:exp f:namedef thingdef
7f57f68ce1c26fd06beee7b0d5816db1f0ecd7fa	actors f:actor f:codeptr thingdef
a862f728b6720f36c01885149e14109cffd47e83	f:expression f:namedef thingdef
8ee820042f4b386fec2f774c0b0f5e3f1a0e18eb	f:exp f:expression thingdef
d6c6383fca861f2f99f6466a4c50af25d661f583	merge
d8d3889452339c7bf4e8eda4d9b0aa39a23101b3	f:portal
387f3dd03a55260ac5d7dffb0f244593db964c6b	f:flats gl scene
205bbac4117d1da1b07a1fe5dd075cb56fd30451	merge
c7bce8b34601927a0cf4abdc7f1cd36dc7e6d4a4	f:defs f:maputl f:playsim f:portal f:swrender
a9db9987001cd402c78b2af3c1b93932460bbcfc	f:maputl f:playsim
0f871a1d210966ccb816731622c50e02ec343ccf	f:language f:menudef
954f03e531e2a914d551867a378515edee84f86b	merge
208ad14badd70779cb4e5f9cf73fddbef8b134d1	f:playsim f:things
5b99691fd48918657b8463c93e3d1812724de1c1	f:eternity xlat
e11da06e69f52f35fad844a72e16b99b45916694	f:actor f:actors f:codeptr f:defs f:enemy f:fastprojectile f:game f:level f:map f:maputl f:mobj f:movingcamera f:pickups f:playsim f:swrender f:things g_shared thingdef
58d3b04590b47e29561b6ede015a67797391bcf9	f:3dfloors f:automap f:bsp f:defs f:floor f:func f:lnspec f:map f:pillar f:playsim f:setup f:sound f:swrender fragglescript
43ae0155bda0e072d0529f34220b3d8f183838bc	merge
81cca69303ed17c937d980c93b9f6e2ad7316ce6	f:menudef
8362a4516f20debcfbbf1655bead23edbb597c71	merge
8e2a629e5af7720270687d91964f4ec17f90bf10	f:language
21c55a090af4fbf2dfcd3916c692cabcef36ae2a	f:actors f:armor f:cheat f:misc f:pickups g_shared
8ba6f6ced5726a62718396fac52d5fe5857c55f9	f:actors f:decals g_shared
51da78ba29f693260acaee459d51224569b0ca6a	f:compatibility f:doomdef f:game f:language f:level f:main f:mapinfo f:menudef
b01e0fa06e265bc6d321d422d0fd62fccd91f1d7	f:actor f:mobj f:playsim f:swrender f:utility
326907f6abeb674319d011bab4fa0ebae4118098	f:exp f:expression f:man f:namedef f:sc thingdef
01bdd8a7da8e204fc6f2115071213ff446c893ae	f:actor f:mobj f:playsim f:swrender f:utility
58839200e577cebc88ba7ed26824031f7435e089	f:map f:playsim
e3ddc74eb12ce058dd565564488a63d19328664b	f:sprite gl scene
1f09341d2b8020d5da2c1add45c2708bf40248cf	f:expression thingdef
1ffb7ad1099f8f6c7a5d92d09f0333892a620c2e	actors f:actor f:exp f:expression f:man f:sc thingdef
a8e985f4f6c29a231b5913444d4ab3f660599feb	build
78552cc676d5c42f215d7dc6e805cbc1aee274d6	f:zdoom.exe win32
c3ffeb1e9d7a07569a2d9cee972f923ebb0f3394	f:codeptr thingdef
e107d8ff486ef8a5e60c8a75a230fbcc9b0a3fa7	merge
49bfe717ce24206e8a1cfac6ff1728eb298cc834	merge
62f6a5e4bfb53c66bbc4d82f27d3becf081d1647	f:map f:playsim
4b0af5967e13ff56a88c45c846f76146f72e2b2d	f:map f:playsim
ed2b107bc9f4c8710fd1eab7ebe2406128c54173	f:3dfloors f:maputl f:playsim
89ca14a587b0ed95f19718e40a56f3cece3ecd59	f:exp f:expression thingdef
31cf712db3dc2bc563702bf155b8d8467418bf6f	f:actors f:mobj f:painelemental f:playsim g_doom
fe9a12173cb8f4346240fb219bba4a65d3adff22	merge
730145d1fc429cea73824e0606ba768921b1a43f	f:bot f:enemy f:local f:map f:maputl f:move f:playsim
ca2fc47fa31908a4287a839542b5b320d16c88d0	f:local f:map f:playsim
98c7fabb8975955d2390246ec2d08bcd4803d49e	f:3dfloors f:3dmidtex f:defs f:map f:maputl f:playsim f:swrender
abcc6049b9bbcd6e18998cd37268c20caac7433d	f:basictypes f:map f:maputl f:playsim
70c663b253b6ed7c09d0aff287b46ec14962316e	f:codeptr f:vm thingdef zscript
8f536323175e438a0fcbb34cc06ce0a66a67d405	f:language f:menudef
939823a1413d3485e8e9f39adbdc5f6862fe0874	f:menudef
19af8a3a8243af25510dffa76f1c4f6625e39f44	f:states thingdef
e7b9e7e95509832f32dae330eb53e250d5a7eea3	actors f:actor f:codeptr f:namedef f:states fn:A_Bool fn:A_Int fn:A_State thingdef
cab39973df3534521644f827f8e16d7fbdb0f7bf	f:codeptr f:vm thingdef zscript
5e298173f7c7367d7acbf426a8908b1e36d78146	f:codeptr thingdef
81314a6cd6381238ad3f33a1eaafd220aa784b42	f:codeptr thingdef
dfd7e08307af6cca6dab492a5218b31e86f1a2a4	merge
a9018759251767a5c944b5d45dfe02369dc8f536	f:portal gl scene
26967bd0ee205152e4baae829f1e0a2c0ade9910	f:map f:playsim
f8a8d8eed2aaeeeeadd2f8091fd30fccb1e04bd0	f:map f:playsim
58fcd8d742c95bb7976b60e0454ded9ab1e235ca	f:map f:maputl f:playsim
d2630dee8c911a9beb0eaab4bdec580a133009f3	f:warptexture textures
1ba526d4deacfeebc3f5a660fb45b64a20de33f3	f:man f:sc
4b0aac981699413b374225f03548721fa951df4b	f:fmopl oplsynth
92697659befc2c332963cad8339ba741fc77690e	f:language f:optionmenuitems menu
c557c463e41a1e54d68e353ee3c5d976791cfb98	f:language f:menudef
7b49d9d92c48014108f884b41fdbb2bcced6b15f	f:acs f:playsim
b8f8daf1c10ffbf8b0b47578bbae30157e99c15a	f:map f:playsim
166687d971a6f0f4a596afca5e8f7ee81ca2443d	f:cmds f:console f:main f:net f:version
7ede77c1d274cb207b36926bcbf6013408988907	f:codeptr thingdef
85fbcf04282d4266c3b0c73cec9aeb5356519683	build
d1502b10867a6e5709f14df0a4c3228adc868f73	build
3dcc6d03307a000822074a2eafd478f2da9f54dc	build
ef76ab87e76a9b60b923b49fcfe02165df616fd5	build
cb9fa6af6cbf19568bdbf6e35ea9a3cc2de7aa2e	build
0ea39f2dfd3b83a4abcd005d6792addd1dd7d37e	build
a7df6ad42d963784539e995d30f2425c0998ee0a	build
71f66aa91294333652f67fbb8f08315696ad9def	build
c3432a1ddb8432a442c6923eb030170d3eafd3ba	f:codeptr thingdef
cfbb3bcbb2c266bf9b34137bada862355cc64d27	f:map f:maputl f:playsim
d876a95152f3d9f806a7bcb477fa62d246b2888e	f:3dfloors f:map f:playsim
6132f6971af9fa77ed909e77d10318978737ce31	f:acs f:defs f:map f:playsim f:sectors f:swrender
dc37f78566afc6e1edd4566b05355ed58b99a4a2	f:acs f:playsim f:portal f:setup
cb0e7c6ca5a7d8dcd4dd6b2730d48b0610ebd5c1	f:map f:playsim f:portal
9af5dd357fcd3c6777c7c922bbf955191513159a	gl scene
bd67f3b3e5bbc1878509d051d76ed89b8a3b43d6	data f:portaldata gl
4770dc2dfbeaf8749589c4feedc104f26e5aaf6b	f:states thingdef
80d49d6bb91856020e04ba837c4bb7a0668742e3	f:states thingdef
0a539ed2d5c9f9b4bbb6d9af528ee3d3591a9727	f:walls gl scene
6e6ddfbc25380d5e8fa6a62a13267f7cfdd8c324	merge
28799c4b510c44c81eb8a2d35cd15b55270059cc	f:maputl f:playsim
02d75723434f9b7d3debc86f9b8d9e62251ce72c	f:acs f:actor f:basictypes f:bbox f:bsp f:buildmap f:defs f:lnspec f:local f:main f:map f:maputl f:misc f:plane f:playsim f:portal f:saveg f:sectors f:segs f:setup f:spec f:swrender f:udmf f:utility
15040c955e3862f6709195be72c08a09369dd429	merge
3841a5f6265d82a724639fa26be244cdc910abdf	f:actor f:checkposition f:maputl f:playsim f:portal
a31bd78abe33a0c85ee1011fd57d365e84945842	actors f:actor f:codeptr fn:A_Bool fn:A_Int fn:A_State thingdef
cb0fd5967fd8e8f1dbe78b124db52445b458b8b4	f:expression fn:A_K thingdef
a399f40e5fb05dd4bc88b4f31ed521ca7bbde5fc	f:exp f:expression fn:A_K thingdef
aa58c5f519a6f564838245c1e271568bcaf89e27	f:vm f:vmframe zscript
eace79ccad325b9c6181b4e941eeb5a48604be42	actors f:actor f:codeptr f:parse fn:A_Bool fn:A_Int fn:A_State thingdef
fbbaae781b2d1ccded18d59908f7cd3b1417e4eb	merge
b1098ede9306e43ea90814b1ccaee61a0291a26e	f:exp f:expression thingdef
ade780d810c5bf346fc8a8f99e4e272a97c1fc5c	f:codeptr f:vmexec fn:A_Teleport fn:A_Warp thingdef zscript
b8a16600ac870da0be092aeb21d65458b2058aee	f:codeptr thingdef
b2ccd0bd28475793b8f16fb3324ed393bdef5e9a	actors f:actor f:codeptr f:dobject f:dobjgc f:dobjtype f:exp f:expression f:info f:inventory f:mobj f:parse f:playsim f:pspr f:states f:vm fn:A_Jump fn:A_Teleport fn:A_Warp shared thingdef zscript
02474dd1aa60e9f57d536d39a7f8d5c30273af1e	merge
f338e5f1c4c48cc3e53035bc7a4b882248e68319	build
d61ae910b49f4f5368a08d499ba6f3f9bee3f6fd	merge
f650bbfe1511e5c7151bd777ad59be4f5b68f1b9	actors doom f:painelemental
1382a7af8a132c5f48198df1341c50ac61aa3bce	merge
884a265d4a0801411b5e2a463bd97e53f62d3de8	f:actors f:enemy f:fastprojectile f:map f:maputl f:mobj f:pickups f:playsim f:spec f:user g_shared
db6f534df57273fdc9d7c9fda1f22f29216cdcd3	actors doom f:painelemental
4ccbc65f7b8d2ae5eca586bfe25f1db3ee2b4e13	actors doom f:fatso
854f348f8eedd35a08e653ded4e5314bf8bbaf7b	merge
ec88a30a004266520822d3d392fd5838e5073ede	actors doom f:revenant
bd09664d85679062173090c08a36c3c256a51b88	merge
f2125ea4206529095a5ee6e3c8650dd3fddaf3ed	f:codeptr thingdef
022ab95817458805c7218a9ea67805c3dd8d471d	merge
5a779cc1f4d51c7cb94a9ee1ec61c5c579e20f41	merge
42c6245a509cd25f2c56742dbd8c2c26656148da	f:codeptr thingdef
10a3d75556f44a95c76ac3073bbc60f6915ab24b	f:map f:playsim
6e4cf9699a176a879f9ff17e5e1647d8ff0fcd36	merge
094844898801be3832a56203de7f430c37a0963f	f:actors f:defs f:enemy f:fastprojectile f:maputl f:mobj f:playsim f:sectors f:spec f:swrender g_shared
5611df1f3ebd26565f0f6e2e5157dae3f0e7fa2e	f:defs f:playsim f:sectors f:swrender
fd7e6ae604814adc908f300fb0c534a596e25791	f:playsim f:sectors
0ecfc682058e6aba55ef7683a16c36b799f1d066	f:defs f:portal f:swrender
8d53f6176eadb65c0fe4811a0a9819914f7d8192	f:defs f:portal f:swrender
7da9a0463b5ff2dcdd98d8e1178c1883b530e679	merge
bd9907f20f4b887fd70d63288269da84c6283afc	data dynlights f:actors f:bsp f:dynlight f:flats f:portal f:setup f:sky f:sprite f:vertexbuffer f:walls gl scene
93b3982c6221932122303d48ead49dce9879b79c	merge
6d8879f3028fbd59adde75e8d5fc269da29d4902	f:actors f:strifestuff f:swrender f:utility g_strife
56202c49f1f488999bb36e35e9d37a1484e99999	merge
ae02b2fcaf9758ba011288933650e7b20b17f978	f:acs f:defs f:playsim f:sectors f:swrender
5fd6ccb97086d62e350eab63892240e006675035	f:swrender f:utility
0f70d10521d766a0ee4f109bc43793304e9414d7	f:expression f:parse thingdef
1b88052bbac92a59b73bf751f1acff845c1a7cc5	f:actors f:basictypes f:defs f:enemy f:fastprojectile f:local f:painelemental f:pickups f:playsim f:portal f:sectors f:strifestuff f:swrender g_doom g_shared g_strife
45108e9bb8d9c662e2c6265db584a31f3f941fe4	build
22e867890367c8d9d65446d4f4dbe9807bd10c42	f:actor f:blockmap f:checkposition f:maputl f:mobj f:playsim f:portal
c69fd3ac80d25ba0196e1221e2a59a73131daf44	f:sky f:swrender f:walls gl scene
b9037ef3eea271261af18e04795b2ff8227445b2	f:checkposition f:playsim f:portal
f24bf7e622da805236c535e3be74205440ec7468	f:actors f:bot f:checkposition f:enemy f:fastprojectile f:func f:local f:map f:mobj f:move f:playsim f:portal g_shared
960825287337319bc419685324028b319a47f253	f:fakeflat f:flats f:sky f:walls gl scene
5664cee2e59bcf6940dc8cfc21ebea5acfb4d3c4	f:portal
afc631b537deff3593fa7b99190cb7b907be5c20	f:actors f:buildmap f:ceiling f:decals f:floor f:func f:linkedsectors f:plats f:playsim f:strifestuff fragglescript g_shared g_strife
6adb06950603a2c00bdd38febd35c5900b0ec4b8	f:3dfloors f:3dmidtex f:acs f:actor f:actors f:artifacts f:artitele f:automap f:basictypes f:bbox f:blockmap f:bot f:cheat f:cmd f:cmds f:codeptr f:console f:defs f:dobjgc f:doommisc f:doomtype f:doors f:dsectoreffect f:dthinker f:effect f:enemy f:fastprojectile f:func f:game f:gitignore f:glnodes f:hereticmisc f:hexenmisc f:hud f:info f:interaction f:level f:lights f:lnspec f:local f:main f:man f:map f:maputl f:minotaur f:misc f:mobj f:morph f:move f:net f:pickups f:playsim f:polyobj f:portal f:quake f:randomspawner f:saveg f:setup f:shared f:sight f:slopes f:sndseq f:sound f:spec f:specialspot f:switch f:swrender f:teleport f:things f:think f:tick f:trace f:user f:utility f:writemap fragglescript g_doom g_heretic g_hexen g_raven g_shared textures thingdef
405db83393c80544abbd9743b10fb4bae90b53fa	f:defs f:playsim f:portal f:saveg f:swrender
0dce22ce85adb244aecf3c0de777e108b257730b	f:actors f:defs f:hereticweaps f:swrender f:utility g_heretic
5af53c0e623804c56c7a39cda9a22980b3c416a8	f:floor f:playsim
b60069bb2693b5d4ac243897e18b905ed2c9eb05	merge
126c80d597f340f5fc70fdfa74810d029baa51ef	f:playsim f:portal f:spec
c338b9cde312e1c70e347bfdd90cd362624342a1	f:actors f:defs f:enemy f:interpolate f:map f:playsim f:portal f:sectors f:swrender f:thingstoblowup g_strife r_data
141065c3d5e8ffb237a5823766ace7621adae723	f:walls gl scene
d5a1004c41ec69be450859c377030296a02221e5	f:actors f:bsp f:defs f:eternity f:playsim f:portal f:sharedglobal f:skies f:spec f:swrender g_shared xlat
993a840630851aba9de60dcf76874e1fef20b5fa	f:3dfloors f:playsim
a5f6c6c7477b9404abf7260dc250c9f300c755bb	f:confont
71fc4c295f81cb02d41e196a26672b2b0063ef4c	build
ca87e2fa3c5b4110013f7dd348f10e030e6be05d	merge
e42dbb50874ba9211dc36ff2cec43917503ee040	merge
340faef1ecd9a5cf99ad2ea07a1b0c7e34007941	f:Fir_Resampler f:data f:decoder f:mpg123 f:oalsound f:sndfile f:start f:statusbar game-music-emu gme sound thingdef win32
71f230dc08d34415e975be436cc890e6f23bddeb	merge
ce8b2974a3f93ec66995442329765084306b53f2	f:oalsound sound
01bed0527539c3d1cc97061aef19667ae41e0c1d	build
f7e27032dc7693f2737f618b49d2d6efce043535	f:actors f:doomweaps f:vectors g_doom
b818624f5835b4823d77bf735c82406f22cb509c	build
0931134a9c1701ea58c9ef8efe2e68f05acf3514	f:sprite gl scene
e6328c84320e8e41edd8fb568d46c96fedff18db	build f:actors f:flechette g_hexen
d25455736af2d9826272745d075d08ae58fa3ccd	f:parse f:properties thingdef
6df435c8c5902a014ee67ce0b9ff115ed377b425	merge
73cbc59dd9ae3ef6bb154ca72618a32d14240ac2	f:func fragglescript
bf03ea496e343397f732f28f4946dc3d52ce4305	f:ceiling f:defs f:dsectoreffect f:floor f:func f:interpolate f:playsim f:swrender fragglescript r_data
c5c4ec83c2ac7b67dd7759a13ddacb21a37b4db5	f:acs f:playsim
158caf78a0e67943a0ae092a6769aecec8cf3835	f:actors f:automap f:cmds f:commands f:console f:draw f:main f:map f:maputl f:mobj f:movingcamera f:plane f:playsim f:sbarinfo f:sound f:swrender f:things f:video g_shared
34255908b0ecfb036f7149ba9184944e5517b5bf	f:main
584147b8bb26dd2fa2cb84e330d4f77536f30f01	f:actor f:buildmap f:codeptr f:mobj f:playsim thingdef
64dabc3c0b91630bf4ccc0a83ae1621167c92148	merge
33cdb4d8161edf0965958e8c0f89e6d4a82f4864	f:playsim f:slopes f:user
bd16ccb36fc9b12638a92ea5b8d395001512d4fd	merge
dcfdb503075bcddb92df97a91d32cf10147d98ad	f:codeptr thingdef
fefdb266cd048b02b676943f575d9c712c9f1593	f:codeptr thingdef
e04fe0622613bca435ce922765429b729f6873bc	actors f:actor f:codeptr thingdef
646f7a1f9078b23f75601860c419f2fc02e7f84a	merge
d7126861223f3415a81e11a8e7a98ef64e6256ed	f:codeptr thingdef
7e45c49c2f9f32358cbd0ff6cdcb0ba2aa91589c	f:exp thingdef
1098093ead10c5546b02dea33845048daa138980	merge
6a408b1a9963aac6cc4ea193016e35f1d3e54c58	f:walls gl scene
4428d073d50547a9cf422fe9c37ae975e398b6aa	f:expression thingdef
91f0a8791cb44a1ce7b67faec6188ac29782cde9	actors f:actor
1c0cd16d3f4115aca02e679d6c069d08ae2b5fc6	f:mobj f:playsim
d18a8398368ed759f7e17529f0952edc4c3a0106	f:exp f:type thingdef
85a3cd984d2a6cc1b793a44a17551a3e934092cc	f:interaction f:parse f:playsim thingdef
a7254a4af512dd1d2ece095a9e6e40a5a821560c	f:actor
d1b2ef53686d18c6e1a9427df49e194e60dbc806	f:dehacked f:info f:main f:olddecorations fn:A_ActiveAndUnblock fn:A_ActiveSound fn:A_Explode fn:A_FreezeDeath fn:A_FreezeDeathChunks fn:A_NoBlocking fn:A_Scream fn:A_ScreamAndUnblock thingdef
b5029e0976135551032d78ecebbc1b42314aedd8	f:action f:actors f:clericstaff f:codeptr f:morph f:programmer fn:A_BossDeath g_hexen g_shared g_strife thingdef
dd55e0a4c41e2db2fd1ed5d8e12b05204c9f6b60	f:actors f:painelemental g_doom
e2de258498d15a4bc98038dcfc5b61e69ef0b78b	f:dobjtype
3e5d1feecdac5ce1818064e66ade1ed955fd61a6	f:codeptr thingdef
dde93362351c08b9eb5f294e366e50b344a3e861	f:oalsound sound
15177c34f97d91d2c61aaaf80d1bae4295dd13ee	merge
bc616dbf0680370dd43fe5a31d7626f44953ca73	f:actors f:artifacts f:dobject f:dobjtype f:weaponpiece g_shared
e043a89f15b311f144edace819a800ea9ab3ca39	f:enemy f:playsim
e73a7373508f2f9a2e45fcbaf16344046f637dde	f:enemy f:playsim
ebe6cef7cce125381afacb5185fa39759537f1b5	f:enemy f:playsim
4fcc9efea09604150eaaf84d0d841e37a6700aba	f:enemy f:playsim
65b70dedaa482264b04c1516493b377d40b91d06	f:actors f:hereticweaps g_heretic
f33993dcb5f1406ceaaa8527d0cb59bda297de5c	build f:oalload f:oalsound sound
012f10400c3e7230006bb3ad9e7e577f39ca1757	merge
3358181f18ec057793ff88a878bdc3f0b59b580a	f:actors f:info f:pickups f:properties g_shared thingdef
6ce0c9f78ec92f3f579c727f9f4e3e03ef7e0fec	actors f:actor f:actors f:dobjtype f:info f:main f:pickups f:player f:playsim f:puzzleitems f:user f:weapons g_shared thingdef
b484cbf18ab36a3303d8ed7302411367cbfe3f50	f:actors f:dobject f:dobjtype f:info f:main f:pickups f:player f:playsim f:user f:weaponpiece f:weapons g_shared thingdef
ff70cf1ee766d6c4c36090708bb0edcb563de3cc	f:exp f:expression f:parse thingdef
5261acce1d519bf6a1d9b0bd080e6e1b1494e37d	f:expression thingdef
bd981820959c7765172c8d33aec42d34b9814e39	f:skyboxtexture gl textures
d1f741a53dfdb04364951458c6ad46262ac01c14	merge
bcfb437302d83a2b2225ff0849513c66d6644827	f:playsim f:start f:statusbar f:terrain win32
15d5a5256fab237738158c1072b522885a53d08e	merge
78ac944242192813a02169b5073ab959f7357825	f:playsim f:terrain
4d2a52418f653c1e4333a8173c42b9f511db3880	f:7z f:cmds f:console f:dehacked f:dispatch f:doomtype f:file f:gitignore f:grp f:info f:main f:misc f:net f:pak f:rff f:sbarinfo f:specialpaths f:system f:wad f:x86 f:zip g_shared resourcefiles sound thingdef win32
6c92525fcd6613389e5adeefdbd2fae04ebfc51b	f:dobjtype f:expression thingdef
26b657b637ed8ffe6db5eae91bc63e9c7da5aba7	merge
8823b60c0dbfb7e5d342d09728934fb7fdb0e83d	f:exp f:expression thingdef
93ff8562dc09c7ce333e5662ea9095a6d11cf75b	merge
88f61579846e19a4681cfe0d5f7f3a6b63f86587	f:playermenu menu
f0b496205272cde31a9dd406b0b8c3d1df86adc4	f:codeptr thingdef
8d159b8506d5e0c271c8b9dc45b1b927f646ab23	f:actor f:actors f:fastprojectile f:mobj f:playsim g_shared
4c2bcede6157cf30fd829d5d3a26f7cee9270c8d	conf f:c99 f:config.msc f:msg f:stdint f:zdoom re2c src tools util
a116c10574e2ed4972b647d28da3e00761c884d3	f:range re2c src tools util
eb7a908a92ecd8cd3a5e852e5d56f873ec775fcb	gl scene
0678a469de0fe07e75dd92b4300218e868a58f24	merge
1ca22939837c01c9b3c13835be541ff21d7aba66	merge
0a7b17c46944ef1df54e2ed9e3300628fb63f96b	merge
ceba4b0daefbc0e7c95a21bfada6109e9b6b828e	f:olddecorations thingdef
bb821433a93fbe0eb9d519f6c45720fc193dbf1a	merge
124e0458cf51fefb50dcbe6b2b22518867de4958	f:codeptr thingdef
c940c2ba81802e162065c76f9e6452a03b96d7ed	actors f:actor f:actors f:ironlich f:mobj f:playsim f:properties f:saveg g_heretic heretic thingdef
43b4d452db77fac47fd6549369fbd46e522a2fa3	merge
6d0ef7a9da12f640e562133367e1f69afeadc9a4	f:actors f:camera f:cmds f:console f:doomweaps f:edata f:enemy f:fixed f:func f:main f:misc f:movingcamera f:netinfo f:plane f:playsim f:sound f:swrender f:tables f:things f:udmf f:vm f:vmexec f:voxels fragglescript g_doom g_shared r_data zscript
7b42093dc99502bb9c8f8feb67c65a1b0c13fc11	f:expression thingdef
ecef5647d4f11f4154347edfdd27b7cfc02223a6	merge
138cdccaf9a81bb80e1e087453a04ac868de8d5e	f:expression thingdef
2a89a9f1d82f63607104705d4ffdf019cdab4f46	f:expression thingdef
5b74d417fa244173bf74819b55a71a0b9def2a4b	merge
e3bf1dd92b152bb8475918a34ceda98b8728bb5b	f:vm zscript
544d1d6da7f68effa975cef68e8597391583cb16	merge
7fa5cb788b6a53a488b19787506d58dae17e551e	f:acs f:playsim
f625be61a26c5fae313504203a0bdedd62aa15ce	build
111e97e47c40bbb35df6ee4fd86d7a500ee2c1e0	merge
fcb75531663f8f237bf8e6b980bdb7cac2737a6b	f:actors f:archvile g_doom
f2f65d7f316e0f5be54d81373140c6a10afb382c	merge
7226a23d0845f13e04cf1ff49f1e5d6a442a42af	merge
3675492ab42462a8fc1a25f66057c7efe940481b	f:dehacked f:main
f1689c88b89f5dd7d9db32069d109a8510ccfda9	merge
061924528005321900ab46a0021f93d092496b46	f:playermenu menu
10fec95cd5d92c00f3efda102d6b74404aff5aaa	f:enemy f:playsim
f3ab0ff41b88523ca647a4b74bf3a033997193f4	adfa build codegen dfa f:action f:bitmap f:dfa f:emit f:fillpoints f:go ir nfa re2c src tools
43c6c9b5ee31b8c0aeb1fddd29e00651a1e7a899	001_upn_calculator 002_strip_comments adfa build codegen conf dfa doc encoding examples f:001 f:002 f:003 f:004 f:005 f:006 f:007 f:008 f:CHANGELOG f:HiResTimer f:NO_WARRANTY f:README f:action f:actions f:allocate f:alt f:api f:assert f:attribute f:basemmap f:basics f:bitmap f:c f:c99 f:calc f:case f:cat f:class f:close f:cmmap f:cnokw f:code f:compile f:conf f:config f:config.h f:construct f:control f:copy f:counter f:cunroll f:data f:default f:destruct f:determinization f:dfa f:display f:emit f:empty f:enc f:extop f:fgetc f:fillpoints f:fixed f:flow f:forbid f:free f:generate f:getopt f:globals f:go f:hash f:increment f:indent f:input f:ins f:istringstream f:label f:lc f:length f:lex f:list f:loc f:local f:loplas f:main f:main.b f:match f:maxlen f:mbo f:minimization f:modula f:msg f:names f:null f:opt f:opts f:ord f:output f:parse f:parser f:path f:prepare f:print f:ptr f:push f:range f:rank f:re f:repeater f:rexx f:rule f:rules f:sample f:scanio f:scanner f:simple f:size f:smart f:sound f:spec f:split f:static f:stdint f:stream f:strip f:substr f:suffix f:test-impl f:to f:token f:translate f:u32lim f:unescape f:uniq f:unreachable f:used f:vector f:w32 f:warn f:way f:y.tab input_custom ir langs nfa parse push_model range re2c regexp rexx s_to_n32_unsafe simple skeleton src test tools utf16 utf8 util windows
5ee988f60720546326922f0d05fb235ab02fe737	f:fmodsound sound
cbfb24ef3360fa37d4c0dd1dd0a80872cdefac66	f:main
20aa7c75de533866c5659d5af070207acf212975	f:portal
e726143c15c96cced72fb116a7d44d0f02f2e5a1	merge
77b9f41dff156cfee8e0dc86b6d7dc4bc710c1da	f:actionspecials f:lnspec f:playsim f:portal
63735e4118878a97ddd9c862c040e936b9ab90bb	f:namedef
ccf887c9784f0bfb2ecf6c94904ced0a018a3c3b	f:data thingdef
1480fa757913fdf385eb89189707b89533552fd7	merge
7105a87a1e5472a77b3f71109017eb15409d87a3	f:portal f:sky f:walls gl scene
1101546e9c434630ced52a8189e55ced92f2e9d2	build
3683a8ac580967a66a41c1780e61d91a5e7500d6	f:portal f:sky f:walls gl scene
46267f52d6185d87f68f27b59bacef7ef2d403df	build
0ab3051f75fe90ce5f1a14c1c3362475c3b2a39f	f:actors f:hereticartifacts g_heretic
34216ddd8e5055bbe7a40e36ca3396ef72834c7a	merge
275ced288ba438dddd0eadffa1ce55900e3d113c	build
47d33c1ef58c3905595e8f383036d54241f54b83	f:codeptr thingdef
760db90d71ef9138e35e831afb424b62d362ecca	merge
c978aa32b17be97b06ea789b4b92c96207c8e6c9	f:expression thingdef
48dcbabd60bcf09d20b4e8f8903b392601eb5a79	f:expression thingdef
09a17c219846becee661a8c05451b98815658b88	f:d3d9 f:fb f:fmodsound f:joystickmenu f:mix f:music f:playmidi f:playsim f:system f:tflags f:user f:win menu sound timidity win32
089265046569293b6013881349b939fd526333b0	build
297cf52ac9dea46e2a4ca489317f34ac1f2f8c46	f:portal f:sky f:wall f:walls gl scene
d50e874d9b2d1e5b77152683a2bac298d8f81ed8	merge
d76bcee393bcba893ad4fc4245b368cd54667024	f:portal
dce3f0f757a444b7849be5c4695c80927f1cac7f	build
4fb65d74fdfb851e844e76bfbd3a9ecd293d45b7	f:doomtype
501af181689f69afb76aa3164853746b1050134a	f:actors f:doommisc g_doom
25f1dc86d576520dc16c17accc70b1a040f408f7	f:clipper gl scene
f8e5a0ebf0590546144f2ec943b3e234a5fcde39	merge
ed7b7fc0ba1f05c08e47cfff6eccb28249917f47	f:portal
ee3c41bf7bc75b4702ccd17d9d724f1bbba5b928	f:dehacked f:main
95f3a9909cb1d361ecea7fa99a229eafc0c067de	merge
e88901f4b788b786662efff4d40a0d1717a26445	build f:defs f:doomedmap f:edata f:eternity f:game f:info f:lnspec f:man f:playsim f:sc f:setup f:spec f:swrender mapinfo xlat
cb6504669d1b69172b4fdb69d1a9fe170568288e	f:exp f:expression f:states thingdef
1201ad03665c6c5de31d67bc5e85da9b7e57abf6	merge
94b7ef72ca680fcdfa4773e2410f7e9947cd2a56	f:bsp f:defs f:farchive f:playsim f:portal f:saveg f:setup f:spec f:swrender f:tags f:udmf f:utility f:version
3ad2e4191dd584153905de8c5597e1df2dc5b25c	f:segs f:swrender
26eb3356226c18b7004c33009a9bdc2db42e5ff1	f:lnspec f:name f:playsim
42287213519d1fc5a659206959a928c0f83cdda0	f:autosegs f:dobjtype f:doomtype
9eaefc3685d4f2f344c4ca33e0fdd58d2a38befb	f:playsim f:portal f:setup f:spec
a85a8c1465ea905c0fbbf65b2fa1a3acea1f6146	f:bsp f:defs f:portal f:segs f:swrender f:things
00895c245eaa398c1f428db9147f5b1890b40e38	f:bsp f:main f:portal f:segs f:swrender
01b075660d18e53382f7f2a95ce3db0e218d9832	f:acs f:buildmap f:playsim
6639984772a3409a1a11d2c5e102352ad345ca15	f:actionspecials f:playsim f:portal f:setup
e6337537edabc86bd9dbc4ded62e54303b294e54	f:portal gl scene
c4b1b9648473d22253343a3ed031fcc59ce1fc47	f:portal gl scene
2516b8f8af7f384a7e22fd50ec82b1fd50e5c6ba	f:codeptr thingdef
dda73b531c9c919075b991e73c9a66aa7f22d92c	merge
a7d1d72d6bc830317f7a345823ec6c1d69fad9ba	f:version
7136c50ba1d32fb34905d85b1dfc666c8a956918	merge
9d77244b3fa84acb5f2cc3634409b7cf91ce2210	f:version
297ffc58899b6a92f87a4f26c8baeaea8cefe511	merge
3a57036f60588a50cc8ff1d2f6d614ab9f4c9b2b	thingdef
312117b0bc76e349c416e619f24d4defe69a510b	thingdef
353608f2b9afbaf2a3cfa0e1d8fdd2e3e58a520d	f:font f:text f:video f:wad
76c5039c63bc20d1158919a7ef6b2666be11d98d	merge
8da6483223a5b8f2c7e9980cfee1fc33e73bb0d8	f:bind f:console f:defs f:dispatch f:main f:netinfo f:optionmenuitems f:playsim f:sbar f:shared f:sound f:swrender f:user f:zstring g_shared menu
c8d25378d5751bbafa9bb07e752dd70e7010d375	f:mugshot f:sbar g_shared
ba54d73e075e1957e8b7279295b49cb495fb2cb2	merge
35b7a5ccc16aed0f059b03efc8ec5f48d2c79b94	merge
1f8d425a1edf9cbd54c4b77413f48f2a70b248dc	actors f:actor f:codeptr f:namedef thingdef
3399ed60e0e730395fea255dff0af11a2d68acfb	merge
002177e33f47533b4d07655ad8adca39765ffea7	f:info
c995158d52746760ae6aea4f73de2a5c647f5b26	merge
b2158c5b96f613bd64295c9626e90a7b8b9e62e1	f:wall f:walls gl scene
4751bffd5f7e3ca36dd0fabf8e766b9571be869f	f:expression thingdef
995169de580fc4b5f3a19f17cad24e43fe8ac512	merge
0b7a06c714a0f4ff02979f03dfcd77aaaadec257	merge
f2025e6a2f05ace4649417d2e82f65d43d04313d	f:actor
b3b0886b647b1a207e4efc8fccdf55e7c20152c7	merge
56359b6f233f538b8cbcec093af93a19d66fabed	merge
b8a24902bc4e6dc22f340a97fcffcb520f6a9542	f:fonta164 f:fonta165 f:fonta182 f:fonta188 f:fonta191 f:fonta60 f:fonta61 f:fonta62 f:fonta63 f:stcfn191 f:stcfn193 f:stcfn196 f:stcfn197 f:stcfn201 f:stcfn205 f:stcfn209 f:stcfn211 f:stcfn214 f:stcfn218 f:stcfn220 f:stcfn223 filter game-doom game-raven graphics
d8f880285a1ea97e6a7348b630d20e6e681e2c9d	merge
c129cb3ca4b38f6f037521a836c04c2162a5e55f	f:wall f:walls gl scene
70e569f79c90833e7c0e06c1d520f39536274d12	f:hardware win32
bf066763b70c2c0d0325b3d5667824b0da76ebd9	f:video
0c8a817df484c424b3c2d13cb3e324d702f645af	f:decal f:walls gl scene
3f1740b9443261a1950ebff6b200b7467371d6c0	merge
87f3a8f0cc6cf66ea85325d5f67c7875880b7451	merge
db766f9fe50f1af1249bd37e732629acc4b00eb8	f:decal f:portal gl scene
f6b64430c3024f4f8d0177201ce284e10737d0b1	f:acs f:playsim
b9b0029373b0948d2ee63454b6bff9081e9ce627	f:sbar f:shared g_shared
1bf1fc199b6ae1dcc25a4ce024d6c94d8eb6aaa8	f:hud f:sbar f:shared g_shared
a1c1de9edbc2634e2a11b55fec4ea237cc0019bc	merge
37578f85b3c04cb0c6bb26069a80187698daffde	merge
66f053f131262a319211a631ab4837a0b78c6455	f:dumb f:menudef f:music sound
e12174ffc1dce8f81642f916eda89e7884f48244	merge
c002c2fde912e5a4520228d96a56949c2bfe3d5f	f:dumb f:menudef f:music sound
df9c59bcff5270c8c855b87db8b0428ec71cbccd	f:builddraw f:sections gl unused
5d19901cb7f296690bf79d3636e43ce2aa0f65d1	merge
d797415745ba2344d5e1964dfbe6b797cbf2211d	dynlights f:actor f:actors f:dynlight gl
22e9fc9b7618d57a1f2b78ed9e361a7e726e33d4	f:texture gl textures
0db679c90d54de0beffcad7a672fc9908724f866	f:segs f:swrender
046541c7ef26f8299da02a87ef03b102d44e7336	merge
90dd6b61b45ff6049fac6491896bf84c0fa9b0ba	f:oalsound sound
c9d81dff53d4983ad4376fa9b1a47b0b05bab6e8	f:3dmidtex f:playsim
6b6c1af0dcce35bf6f532240d7f786e5deb1c3cc	f:segs f:swrender
03f0e1dc5c6c3ce84f25ed8c3a1b82ff3cbe8070	f:segs f:swrender
6b75f14c0fa18f276180a5585be40d270d76752c	f:3dfloors f:playsim f:pngtexture f:sight textures
420d370a4d70815d0fde1336e996f1988e4888a9	merge
9453a8a7e6dd952c9932a3bce823b2ef42dec03d	f:decal gl scene
f11f86f05d7d39229259d58672577abf33a6ab4f	f:decal gl scene
faa08410de97c19254c8ea60815a2f8317fcfa3c	f:sprite gl scene
fe3e56c6bcbb8b3ac4b5b590588ece694d9e4c34	f:oalload sound
7aeeb3656043cb3ddf5df704e16b2db203d9c5f1	merge
5dba3b7017848d08be4f0a400ed340cfa6da06b2	merge
2c55dcca27155882221f68f8f101dd0a1d652c1b	f:sprite f:wall gl scene
1ad310e69ba6a63a62359ee4a1644313c0ed35d3	f:walls gl scene
ee045371a340a457d85b4b205192c087c84b4403	f:oaldef f:oalload f:oalsound sound
e0608f50d17bee0ccd2e8cb8e3a43428d9a285df	f:actors f:hereticweaps f:swrender f:translate g_heretic r_data
58196f77ff0e41fa8fc2c708c7477a2372a6e35c	merge
fd2828b1fe614f62faa2be91a105f89d17608896	f:enemy f:playsim
2f4dc1795496ba25217bc0a28325a993039675b0	f:swrender f:things
809a9d801cb69aedc0f449604954aaddd08e89f7	f:lnspec f:playsim f:zdoom
0b9aeb33e13418c9049527ec7768cbf101749a1b	f:swrender f:things f:zdoom
1d0a3d19c870d0fdcf83b5e7ffa8f2e58d49edd0	f:segs f:swrender
bddad29acb79ac0e301574ac7603fa9ff2d5ab8f	merge
0d5386f923853ca50411a0c6e87bf185cbaf4fae	merge
67fc35e7382c0b6a68b58a5e21a3077b6a63199d	f:sky f:wall f:walls gl scene
9305cd86a09579a2b38fea5d29561e21d3d97e9d	data f:clock f:setup f:wall f:walls gl scene utility
71da7406bd8961c197e42c57f8275e904c115f4e	data f:setup gl
52a6f40eff7c32fd00fdad9abab784b3a0cd4843	merge
4cbf752b4dc6e350049abf98ca3e1fdeb7fe260f	f:game f:mapinfo
a1cd0401e4fa18f6419d446bbe992cf00fe06e49	f:cheat f:misc
8068fca60133634e4fa67004cd86f7c91039ec07	f:main f:player
53a389aafc2d5827bcf120b8412386498bf7df89	f:walls gl scene
9ce6a7932c669293c612bea9b65c3edcd2f0bb88	f:walls gl scene
456e71ec4b4f0718354375d1a5cccccd41be3825	merge
e73e26c15a3f2ae98ab347eec64d80ef04007155	merge
5448b335c6f534dbf91b6a26e32e649905b95795	f:wall f:walls gl scene
c3cc98b5f3ff1aa4843cc8ed736588570d94a48f	merge
09e2f212a0b3ed0de4291ed85dbd4999abf201a2	merge
e921a45894b5bc84c251c0f8685a699dbabc1a82	merge
eb2829ad5ed878473273783a5b33777eb0547083	actors f:codeptr f:constants thingdef
219b6f7c5d519966620a570a5690752a5c64aa90	f:draw f:swrender
1798fab973c6d526359641b145e323eeb6ba5ba0	f:wad
4d7e7deea8a5322d30c1fe1ee669e47343c661d7	merge
be2fcb4621332ecb07face7373903f1e731d57fc	merge
7b0f5575141ec89f4c30813bd165e83691545c96	cocoa f:system f:video posix
bb00c9b588b4664f2920b37c13ecb8467d0eef1a	f:menudef
240ca2af4c77873e9b9c084fe0529728a72b824f	f:bsp f:main f:plane f:segs f:swrender f:things
c1b28613625306fb44e4e5159bed083048c79291	f:actors f:artitele f:func f:korax f:lnspec f:playsim f:spec f:teleport f:teleportother fragglescript g_hexen g_raven
939989dc8c57a99364a7173d7a794bb69e65b77c	f:glnodes f:playsim
f86535407d8a7626e877939b5daa3ca44201aad9	gl scene
1d9ab5c63270a3c3ba0e43b546c7135bcc413d56	f:wall f:walls gl scene
8bc7a0a24e4dae8cbc21e01069c0c36774dd130d	merge
fc57180d7e8737ab869517b34fafa9406bc7b27c	f:interface f:main f:renderstate f:shader f:wall gl glsl renderer scene shaders system
5c13b86ad1b8fbdd1facec970d969e1a150d95d6	merge
d8f7785ad9fc99f90a63c6878d0f365ad87e261b	f:menudef
46024398fea6d74ce40c685a80d19c1a8bfb5ae2	f:actors f:fastprojectile f:local f:map f:playsim g_shared
06fdb6ca45d74ad797c2e90183ba05697c3aa0a7	f:input f:system win32
d826ef8be1f2a0d02abcdafbf02687f4b748ff3a	merge
6bce5ddc4b66e831896c86af17b64067f6a6ffd5	f:game
ccce6f44a2ff2373a46bd2e26f46f30747c45c13	merge
36911bac4beb09cdedfe025d68fb3d76ffeec012	f:game
afcd755c7aadf1e8bded81412d473fed9078f9c3	f:main f:menudef f:netinfo f:playermenu menu
3b5af8484c0ee0d251be314cbd60aab3a7d46a3c	merge
0a0a2c4a410567fa0b08503ffa029d015baee285	f:game f:level
fab186786e120b6fce0199b5410c6d4edfd404ce	merge
0ddf9db8dd33c3151300d64bc46d3aba3de27429	f:main f:player
c1ef95faadbf5945927e97a55d482c0a9cb5448f	merge
6166520b33b3ec570556355c1404ab6a3095003b	f:mobj f:playsim
1285dde615d8c2f803a08ad8474eb6a9df468ac6	merge
b84207a089c326172686a55ed44c980bf2439b49	intermission
40d90ba325d9c34c6425ff2aad62a4dc85cb96c0	f:game f:level
fe52f9845960ed7d8172d1ff6bb397cc7cb15700	f:effect f:playsim
c1e362ee83910195d4a3548d992f0373297d27c3	f:bot f:game f:level
5317a92d115005aa7d5e9dafbc12aa730533cf25	merge
5d6e8a73386540bbea62d2922a1cdeb36a44fbc4	f:actors f:artifacts g_shared
a34a7ace1825725870faefa4e9ac599bdc757e7d	f:video
1fcb9fcf06be8339c679178585d74b47431757a6	f:system sound
37ac6ef9a04078cd0491acab82970e3777fd481f	f:hqresize f:texture gl textures
4267e3c40b7b28de8bf5c7f3f1c04c371b54d4ca	merge
4a9b2bf76d148b95a3baa71aa67601cf5643856e	f:portal gl scene
342f1abcc7882183f00df1da4c17d09515f57307	dynlights f:actors f:dynlight gl
409525cde6874f8eb6f80711f5d3a0ebb4cdfaa8	f:chex f:mindefaults f:strife mapinfo
eeca536d9a38daf99ad8bc0c7ce9c360c550aaa9	f:codeptr thingdef
d037493ffe735566a30b7b22b5e0976307ae2852	f:3dfloors f:bitmap f:colormap f:flats f:lightdata f:playsim f:sprite f:wall f:walls gl renderer scene textures
d0b194563a55dbe6711f6eacc7c47a96c1dee4b4	merge
a41dc24086c673dd975965f2dbeb188f7307796b	f:playsim f:sectors f:segs f:swrender
c6c15fe83c0b7e7fc24f14f86bb685a1711af9dd	f:mobj f:playsim
08e5e1c145e8bd7d02a16013115ae1f5c38fa5bb	f:actors f:hereticweaps g_heretic
fe271b4e78db1c619b28fbac752a59ef23811095	f:actors f:hereticweaps g_heretic
7b1fbe0a025e5193a8fcf7e4975a7d23d19bb5f6	f:map f:playsim
f8d5430c06b3e0936e14acf0cdf491c4173e8d3b	f:3dfloors f:cheat f:misc f:playsim
94611588d54b4ad2731423fcc0612a2e4ef3e76a	merge
674b81a6b1c74d6e281d08c84eef7b8d7af0efb8	f:3dfloors f:playsim
87dee5c611ee87bbdc84c761587d3324fd9ab9c3	f:game f:local f:map f:playsim
058bfdea264ccd5744b01f173c04fa6ae498ff24	actors f:actor
c5161ee7480fc4f35549873dd6e5b1750577d860	f:enemy f:playsim fn:A_Face fn:A_FaceMaster fn:A_FaceTarget fn:A_FaceTracer
6eb83e99be82cd9bab610761137a6804d0608cad	merge
772f086a5efe9037c284ee171a132304471a5008	f:codeptr thingdef
6715a97d6e344de563441e23bbf0e424cd3ba25a	f:acs f:playsim
dfcee625db09c9a03d630a36e8c9d04d2104afb3	f:acs f:playsim
1a4b3bbe1113416c2774fc8219e658afda123017	merge
724e625f16d3a5fb3b5fb0d0105370c79da5da8e	f:playsim f:saveg
2da868656eeba7197f1a371a5f097dae42a5c66c	f:codeptr thingdef
846f14c03de44f7298bfd3da48f8083d5f8a4828	f:codeptr thingdef
79177cf98e1385b62c6d36808797d1463049bee0	f:codeptr thingdef
b5c3ced9a90b8c1eb3382f1db59e5dcb05ae8107	merge
f36bdc474d8b7924496f1f92d6df609259d89f90	merge
2d40874cfa4800eca6eda4c7c8250cb92fbdc828	f:main f:net f:protocol f:statistics f:version
9a422245f3740c7ffe7876e4232eb101f23d6e47	f:enemy f:playsim
b22a909829af8869903943c85c45833b2bf788e6	f:actors f:fastprojectile g_shared
f6b3b269a75defae266e56d1ea3380449174b69b	f:enemy f:playsim
7798eadb8b52357cf8119015c91a5ac2b2fd1989	f:enemy f:playsim
2dbee6fab168a7a338cfcdb76778d7bf8a1f598a	merge
275cdcd958da026ab0599cbc17735d3165ce692d	merge
c5379c749ed5c66c090234650b1a0f34dc8ebbae	merge
6dcbc930d6351e4603073cc3891c4fc2f02e3f76	actors f:constants
ece6fa776c5ef48b69869c75e6baaea7bdfbaa8a	merge
238990c8718ed89ee49eb65a4eeecae040159321	f:drawinfo f:main gl glsl scene shaders
47db3252f4916c7e5473d5209b6d421286d59d6e	f:main f:portal gl glsl scene shaders
3c16a23865255b14b3fa9b98e9570abddca7e339	f:bsp f:portal gl scene
4b0ce7a8db7630fbb0fbea4bafa6b35e8ddfc59b	merge
7c6e07024436032169ba522e358a03f606ae1491	f:conversation f:playsim
4eb38f03819e7534fd87d48cae5f65ffd58bad0d	f:floor f:playsim
c3047f448ef153fe6badc55a80c0c4bcfa93dfa4	f:midistream f:music sound
f2666f70dd73da00d0b499923dfb8d7943fd00c8	f:sound
d2beec4585df28c9ccae94c35f2bbe9fe4afb73d	f:actors f:pickups g_shared
8993f8408748338e159a71071e312c7b5a05c87e	merge
2a1fa60aa674923c5da8e1e100606e617e0e8a4c	merge
1c0ef1d367f99941181b3e585445e6f9d4d12d4e	actors f:codeptr f:constants thingdef
66ce8915fb73078f63e5d89f69983779a8b0d7db	merge
e397b5a4754f805123ffaac6dde4d72bf2cb1b5d	merge
cb43ce9cfc9dddf61b9eccef718dc64ffde0a95c	f:codeptr thingdef
ec04cd9edfdbd4038c3675fa6b19edd9a076ad87	merge
204bf2c3756e76c0bc5dea58443aec6aba9aafca	f:compatibility
685385635fe87742732174365daa03264b0d5ed6	f:bitmap gl textures
371225858d54199080832185bfbcadf1dc8881e1	merge
4f0cfa29b466383de953be41adc7029e8baf6e01	f:actors f:doomweaps g_doom
623276f5a643fecd4f3a387dbbd8037dbc49a1d5	f:actors f:blastradius f:codeptr f:doomweaps g_doom g_hexen thingdef
9f8dee45c49aca39323e41ebf98434114aa39236	f:pngtexture textures
450b6de384aae0d71d2bcfba6c967e57b37faed0	f:bitmap textures
0fc40cff0a44055d968f2569073a12e036691d2a	f:bitmap f:pngtexture textures
61d033328bed5ea2adda9409eaa1b6c22c0d5184	f:playsim f:spec
774c1365326dc93f3787cb9001a383660253df12	f:properties thingdef
29c38b23f32dfdb49a3f36f9a6bcfed299c46126	f:actionspecials
655c6fc08e172d246796015aebaf3804c430fad3	merge
0be09f54bde1ab1ad084c4359d018d7e28341381	f:acs f:codeptr f:effect f:playsim thingdef
316389c7f9aaad69680d65d95a86a6bc104d1847	f:lnspec f:playsim f:spec
d8d4679471c853f93b0d7babfb1e9c37862dd3cd	merge
cf43eb6c6dd1bfbbccbbd7de2c5e9dbce473efd5	f:acs f:playsim
73ee500beaaecfbc879f5497167263cc512154b5	merge
cef2cf4e6dc2ba391e80c1dfb5859c2066853913	f:actionspecials
7b5a77a8d8aa0c0a096c4f2b3ceb7a8f49bbb789	f:acs f:actionspecials f:automap f:cmds f:console f:doors f:floor f:fs f:func f:lnspec f:main f:map f:mobj f:net f:playsim f:protocol f:script f:spec f:version fragglescript
ced35e98fbb8f327729970d107f3a431eb9c6495	f:codeptr thingdef
4d225e7a009454cc97e48db2118b0485ded577f3	build
3c790a80ebd9d78e316772ef05ade745120006be	merge
1721d70212f9543985569bd06690409b6b51d1dc	f:stuff f:wi
f0305572f521fba19a534ac9b06380c84a8be416	merge
4b210a839a427d3aeb465a97bc7707a2f409bcbb	cocoa f:joystick f:system posix
be3b84e751f4f1d13d5538ff20ec5b5fa42d623d	merge
67f644c898ee4057036d0fa3f2e8ad491c6f1aa8	f:actorptrselect f:codeptr thingdef
fd4440cfe4288f4e3b3f1610d8ce1ad981844169	intermission
fc15be8689d3648d40199e4b4a3f50ebe7790a42	f:cmds f:commands f:console f:sbarinfo g_shared
5abacf0b2f322b505625eb731bfd554a8ee1aa9e	f:commands f:sbarinfo g_shared
20f7f524ca3d5d447bc9e2e78cada93244ee0dd8	build
88a616da7585f317ce7b1a4651dffc1b2a36e1c6	build f:font f:interpolate f:mobj f:playsim f:pspr f:sound f:spec f:swrender f:teleport f:video r_data
0dabaca7dff12aabee6e2560f12a4a7b3e345141	f:optionmenu menu
c4377b7039aca68bb39aef91a06c1b0b8429159e	f:actor f:actors f:bot f:camera f:enemy f:func f:mobj f:playsim f:things g_shared
f860a344cca38b368ac725d76fedf883d67689db	merge
5c8fd4750f2968906906f301e3e38436ee6a9669	f:interpolate f:swrender r_data
c63f65d44131ac56e063990aed0976971ab5b794	merge
24f6f1297ae9e66c6cdc3886601d6de97c2f619a	f:acs f:playsim
3e28b195ce38affb93e20c496bb58bb788d1b6f7	f:acs f:playsim
85a82bc6e8243a8f0e83a951f45f1f249736fce1	f:acs f:playsim
c08d865b1bdf7fbec184661a3ba34946c73e4819	f:acs f:playsim
1ab9d154812a7c74127c34cc6047b4db76f2c4fc	f:acs f:playsim
6691358b0a0d78c62882deade553d9f3a1ed11a4	merge
81b3f487920360930759ae1ac5689e77f4dac722	merge
88f96950b58af3a43286d6ccbbe71caf5f1e1869	f:mobj f:playsim
da6fe6cad6e2cc21b9469c0a63e3027d75a02c8e	merge
f4f7bd5d341abd01464b78b08b41d19f50d65750	f:mobj f:playsim
8a9df31db94a65fca70bb07b644d227c52ba1c42	merge
01aaef1528486e49ba2367079698e96a24b54fd5	f:playsim f:spec
2034f4e49f775a9059e813307eb8bc6e79051296	f:codeptr thingdef
da57f1e6324a9ceed039e644e9881ae229e23869	merge
2dff9a743c4eba2741ad96df63e25b37b83652e5	f:mobj f:playsim
6f366f72a472b2e5eb0d1ce557a37f70cb635563	merge
823edc4a690e51c0fc8d6ca796342f4a62f72f39	f:codeptr thingdef
b51bbf66b0ef421738c3516b17f0ad73518b0733	f:codeptr thingdef
793fc907163c3dd571b0469447bdfc9466fec6df	actors f:acs f:actor f:codeptr f:playsim thingdef
28502b9a80b7bb33a65e0fe5e2bda9e515efc135	actors f:acs f:actor f:codeptr f:playsim thingdef
1a631670fb169ca5d7913998773ee850a011639b	merge
841c7b275ecfdd81cc7e8500c22d6e46c1f79318	merge
3b4ed8d7cd48e35cd68d3bf06026cf25818449a6	actors f:actor f:codeptr thingdef
13dc6be5a12079898f3c30c64e96a8987149a3ab	actors f:actor f:codeptr f:constants fn:A_SpawnItemEx thingdef
4ef44f408fc01d33c20fd6e6864a9267d49081d1	merge
39014b173294049b4e14f283894b0d6baa2e6da0	actors f:actor f:codeptr thingdef
1ac0d0690c07f7d5422b1def288372607e372b5e	actors f:constants
9744b9e0d9c079f3e67c5597deed17ffaf5a955e	merge
d190da9e2e51ecb4371d80fa2b288749e0436476	C f:Ppmd7 lzma
9638cbb844187bb8fb0f6df9fa45f09fc2ec2f31	merge
995721836bb6e5109570e5e680be3ef0314a59d8	merge
eeb2a979e14e408fa74bb48b3e82366df0869860	merge
f10dd68ca6d917907e65e77fea9b5b34532d166b	f:actor
65662a9cfa17f332d9209cee7169d7ff87f6686f	merge
68fcbc0c92a5ea4c3f402a4e7f73397651f10d6e	f:playsim f:sectors
598bccbe9347cb8065faf07711dc9240651bbf95	f:conversation f:playsim
673ac1295ca5492f4d029968e7b881bb6a230a59	f:conversation f:playsim
102e59036c9a4d2b54de63bdd85052c5ca12d91e	merge
5421213711d65cf7ab8ae50478e0499d42c04129	f:interpolate f:swrender r_data
58160495103895c0a63523d223ff9fb16b1e71ae	data dynlights f:actors f:dynlight f:dynlight1 f:flats f:portal f:portaldata f:sprite f:spritelight f:walls f:weapon gl scene
8f7be01dd4aa1e81c6ed3794fd7a4d32f9fd7406	merge
cf2ee1eb3f31178095e5483ce28a9364cb8c2312	f:interpolate f:swrender r_data
d347415aee61d6509240719e540c2423614ffff1	f:dobject f:dobjgc f:interpolate f:playsim f:setup f:swrender r_data
e4982b1ceda9669a64abff763882bf9bb77c2370	merge
03d7418f51ac6016ea0b0ccf24a7b16475651ad2	f:map f:playsim
8b4194a3e088a02b9437b47c68e928daf48a074a	merge
09733d808348ebc4d2e70be59cb86af60483862e	f:codeptr thingdef
710fa552887ed4dd49b5c35ae3e597b8f34e25bd	f:hmi f:music f:musicinterns f:system f:xmi sound
7f6b421e87972904434c4551863e593fd42b49b5	f:music f:smf sound
93aff2413f3c952ef000bab74124543516317955	merge
116e1574473fac7e75b4a0aa74da6a3601164d06	f:codeptr thingdef
d20a7516c92ae6365f83f2df14aee8dd5eedcfbc	merge
e5c67cee835a9756208bde57f6f4d3fe17575daa	merge
1a356dfa51d929d67ab844f68c34f50ff2da8ba1	f:music f:smf sound
98a9d7210a4e6df1bb263134e571165cdcf86758	f:data thingdef
c78344c19dd9e303fbe411358994193903c428c0	merge
68c0f929dcd573f218e30a3115be45f754527d1b	f:actor f:expression f:mobj f:playsim f:teleport f:things f:trace f:user thingdef
13e25faea7da696b3bfb7794bf051bd217dda6b9	f:playsim f:sight f:spec f:switch
4d8070927d33a1103523cc34bf0d97b5023d87f1	f:maputl f:playsim
25107ed42150927c6b31180d997525e31e7667d3	f:actor
35271187a5cb481f4a2326ab9795db6fc170fc97	f:map f:maputl f:playsim
4b9647e53969f7a8ec6093a226d3706b191e5e67	merge
83cbf6cae5282c39bbc726154ed0d740d645a44f	merge
500bc2b852de14928696e7d7eccd86317e3ab16a	f:actors f:bridge f:map f:playsim g_shared
e9b23cf8335e36f59b7a1ef45738842548df9b09	f:action f:actors f:bishop f:codeptr f:debris f:dragon f:effect f:fighterquietus f:firedemon f:hereticweaps f:hexenspecialdecs f:knight f:magelightning f:mobj f:playsim f:thingstoblowup f:wraith g_heretic g_hexen g_shared g_strife thingdef
ed0b740d8dff66ce2ad1d3a7ff7383227a090d3d	merge
5c8ebf487dbb1abff83d9705e9bf1d6c91e2ed51	f:game
7ea3e49332d3ca3e0b312a7ad5e5715719125169	f:actor f:codeptr f:man f:map f:mobj f:playsim f:polyobj f:sound thingdef
9b9008ecc7b1d6c870273739289fbcc911ed68fb	f:actors f:wraith g_hexen
b73e1e65f571c9ee44a7eb22b8d3440c5324019e	merge
76581115669ee7d25f6b3b3b118ad8083cc7cc95	f:actor f:codeptr f:local f:playsim f:sound f:spec thingdef
9282eda30661a17761541d0d854627cb0c6e1178	merge
354b55c0a3af78369e49b48ee086cd068505b241	merge
97620b0645985de839696cc15f2b90966c01d3ee	f:actors f:codeptr f:debris f:minotaur f:spectral f:thingstoblowup g_raven g_shared g_strife thingdef
119c2f36b2d3f3914f9147a3bd0af5400867f8e4	f:stuff f:wi
1faf68794bcc7bedeaa81cf3958fb6ef23453fba	f:actors f:debris f:inquisitor f:knight f:local f:minotaur f:playsim f:programmer f:spectral f:strifestuff f:thingstoblowup g_heretic g_raven g_shared g_strife
bc63b70d882599ea1c4324b4395dd438fa0641e7	merge
27aeb6a656958d30c5dd4dc4bcb749b7ee7a16a0	f:action f:actors f:artifacts f:bridge f:camera f:debris f:decals f:fastprojectile f:morph f:movingcamera f:pickups f:quake f:randomspawner f:sbar f:shared f:spark f:specialspot g_shared
9f78bcd1e6e29ca0cb32b382dd7f796b2ff25a51	f:actor f:actors f:alienspectres f:coin f:crusader f:entityboss f:hud f:inquisitor f:loremaster f:plane f:playsim f:programmer f:rebels f:sbar f:sentinel f:shared f:spectral f:stalker f:strifestuff f:strifeweapons f:swrender f:things f:thingstoblowup f:utility f:writemap g_shared g_strife
6ae09334a3c155b4f965042368c7ea915f67cbca	merge
4df8c12534cf4372f5c40b4043d017cb5be4f769	f:bsp f:swrender
069889c5ce59e2837ed4453f0bf9721fbfd149ab	merge
c02d922014f281e6327c41f129660eaebeea8aed	merge
2326928ff7ca6a1d64a1ea1faf32a2c237f5708c	f:actor f:actors f:flies f:fog f:heresiarch f:hexenspecialdecs f:iceguy f:korax f:local f:magecone f:magelightning f:magestaff f:minotaur f:pig f:playsim f:serpent f:spike f:summon f:teleportother f:wraith g_hexen g_raven
5c7f72278bc418300189ffe49c29e321041ab61a	merge
ef7be016c482b3de2efbb9dc34a0a8724ba77ac5	f:actors f:dsparil f:enemy f:firedemon f:flechette f:hereticartifacts f:hereticmisc f:hereticweaps f:ironlich f:lnspec f:playsim g_heretic g_hexen
c8052ce1b8db11924e4dcfc218b2a4f8b1a50cf6	f:actors f:dragon f:fighterquietus f:firedemon f:flechette g_hexen
61b66904da6bf43a4c834248073a977963544feb	f:actors f:bats f:bishop f:blastradius f:clericflame f:clericholy f:hereticmisc f:knight g_heretic g_hexen
d94aaf1fcf01abeb3c205a4ad42417d6d80fdf22	f:nodebuild f:utility
7358817975c4df4bbf34dec4fc963ac22c638239	f:GuillotineBinPack f:SkylineBinPack
ca5ac723645e991ef3a2a8ced189f28dfb027b13	f:enemy f:playsim
c1b44a56943a37f363f0028587abac68111537e1	f:3dfloors f:actor f:actors f:bossbrain f:bot f:chicken f:dehacked f:doomweaps f:dsparil f:enemy f:fatso f:func f:hereticmisc f:hereticweaps f:ironlich f:local f:main f:painelemental f:playsim f:revenant f:things fragglescript g_doom g_heretic
460751653db590c3e945faf8c7b6ba468b844aa4	f:actor f:actors f:chicken f:dsparil f:hereticimp f:hereticmisc f:hereticweaps f:ironlich f:knight g_heretic
57ab1387f2bf43006714f89071c95c9283557d98	f:actor f:actors f:archvile f:bossbrain f:dsparil f:effect f:fatso f:game f:hereticartifacts f:level f:main f:net f:playsim f:revenant f:things g_doom g_heretic
2b5e5b6bc3c299480bb6f10a19c05d0c0bc8370b	f:actor f:actors f:bossbrain f:defs f:doomweaps f:dsparil f:fatso f:lostsoul f:painelemental f:swrender g_doom g_heretic
b6cdcddf30c4498415d9bfe036eae10045135fbf	f:playsim f:setup f:udmf
f3f77a1ba056619b815baec56da5af2e16567c46	merge
b63eb391f763acfa65931a58472c081f6bec2c56	f:actor f:actors f:archvile f:enemy f:func f:playsim fragglescript g_doom
e8ee8c5c976c3d9cb964f959d0c697af9575ae08	f:defs f:swrender
43314f0c0df262f3063455b24a500b67f231f68b	f:3dfloors f:acs f:actor f:enemy f:lnspec f:main f:map f:net f:playsim
b735138332bbbb09db4a81ff243bd550362e0b9c	f:actor
3f34083e88777d0ec4d8ea4aec6cae1cb7071809	merge
a65ff3987238aa8e3da63e707ffb8eb7bb750c37	f:effect f:enemy f:lnspec f:playsim
bf747075e8c5e4ee0710aa99ed998d796aeb868f	merge
cfcd2668cc0fdaf0bc0bd86bd36b858dca49cb2d	merge
fbaab5044d9de837c162044e89f582f83ba13904	merge
5207aa6cc04da2987b1ced7c2c991e29a6981934	merge
be91771abce2448166e43c9839d6968e55e3d458	merge
c6114563974e8bdcfbf2de471d90112b646fbf0d	f:3dfloors f:acs f:actor f:bot f:effect f:func f:game f:main f:maputl f:move f:net f:playsim
2702e68d83c05f2dae495346354ab4bbce8b22aa	merge
5b610390e1d58fd8d026aed6d0978a041fa2ec0f	f:actor
87689d3ba69e884e142602fba3ce210749daca6d	f:actors f:hereticweaps f:man f:map f:mobj f:playsim f:polyobj f:spec f:strifestuff g_heretic g_strife
4ec1459ac0e225084e39dc93fe5a97933e589a5b	merge
3e446ea04d35f8a9afb1b634a94143c9c0db69fa	f:3dfloors f:3dmidtex f:acs f:automap f:bot f:cheat f:cmds f:console f:defs f:dehacked f:effect f:enemy f:func f:game f:interaction f:lnspec f:main f:map f:misc f:move f:net f:playsim f:swrender f:things f:think
5f5c02976ff84fbddb9f0f13713d25788e4c5a89	merge
552c440afa904174cb11796ba61f5628b9179e35	f:wad
bf5ee5e54252838963441db6c35dffcd9284ba38	f:actor
24501dbc93ba866e48416ce9e1d7f918fbf66a8d	cocoa f:system posix
bfc116b2a4a64662b8c07eaf0053d1b3c7f9ae8b	cocoa f:console f:statusbar posix
de80a8529da42ecae98b0ff20e7a39ad2377a20e	merge
724475823c5e9f31353ed682175b831706b04348	merge
421dcacb94a95f3f5468d6f54e11f1829a88953a	f:map f:playsim
e4a74e91fcd34f9ad0baf59e43d228529d2ddd48	f:map f:playsim
e6b6fd799df51537032ad493602ca680b93924f0	merge
0e645ad173e21d2a7dbe109af66d98dfd2ca20ff	f:codeptr f:local f:map f:playsim thingdef
7740a277d3c5c76b8071207ac9bef0ff4623be5f	merge
afed5e62ebe7b91970d6805a779ffdd77433fbdc	f:maputl f:playsim
65080a65c98462868c40c96b8aace114590654b2	merge
c3491de466c770a9fcf3c9ca49772f4565517231	merge
5a8062abba7b5746d8c0ef8cb4160ce95a663ce2	f:map f:playsim
8f31af3ff955dabba0d7d68916291cf015606535	f:acs f:playsim
f9ae304596848381b0a29c10d4d790fd8dac6397	merge
91d56aa6a1c042d3def62df419a842e3e59ee9bb	merge
a8e5b90667392072eac633bc1f74f935aab8c37b	f:conversation f:playsim
90e2dc5f5aad3a173bf020c3fc21e7338d75fb4f	f:local f:maputl f:playsim
ef8dc22f7d2698b8c5c705d328819c0fe2eda4f4	f:actors f:spectral g_strife
5872a6029bb8201d83323a170329b3f2c73ddb04	merge
e405fb4624861ef01b7b3bf342e0f8a47f4ef8b9	f:compatibility
b38d5b6fb9738b62eda0cc1e8114a2deac2792e1	merge
7e0e3cf1aa850f2f155917cf1176f9e06833eef7	merge
48232f548df77e6983541fdef6493879b0b6a6c0	merge
867b7767ef78f8553fdb0afa7378601562c18d3c	f:actors f:local f:man f:maputl f:mobj f:painelemental f:playsim f:polyobj f:sight f:slopes f:teleport g_doom
16781e47aea55d46abe022a9ccb7134923d80351	f:fmodsound sound
dd9e7560c4b16b26c8f7bbf2ba72a51c867f46ba	f:map f:playsim
722ef0271916c6646d7fff8651a6e8baed3d3d12	merge
6a87c6cd19051ef3a3d454f2ab808feb028ba343	f:plane f:swrender
629eaa35a32c10ff77a046cabde88a9edd152d51	f:codeptr thingdef
f9574a98fde94b2c7e32145a142a048d351d0a2c	f:dls f:instrum f:mix timidity
2657c08831aec5c97a1fce13313c7fd2fb2871a9	f:sky gl scene
cd778b6bdc09924cf78e529f8afcd1495820bc5d	data f:portaldata gl
7c925e39fe6674e6725e742cdd6abd0d3fef1bde	merge
4d2ca0da457a4fcacbab5c13be106d9416b5816f	build f:playsim f:portals
d234a6af5d7dd6eacb1bf08c56772633995796af	merge
37f18055af94ac2fa77a5ee92e58aad6870fdbf8	f:actors f:defs f:dobject f:dobjgc f:playsim f:saveg f:sectors f:skies f:spec f:swrender g_shared
dc66f4cb3ff00dadd2dab2928d4bfa3407d961be	f:lib wildmidi
aa69c39ff19a9d9ec39f27d5ae74bcf5cd8e0085	merge
db527c02f387b8fc2e57305a790fedf597ed04a0	merge
b87c612aba25b3d900d65c50a8c95eb75cdd897d	f:lib wildmidi
9e33599536574c096e1e9dae9bbc2300e6bc7986	build f:edata f:edf f:eternity f:lnspec f:playsim f:setup f:spec xlat
46f04830e21b8d38b9149bf939dc05da4a343292	dumb dumb_static f:lzmalib f:static lzma vc6
8408aec3474ac66c2edf4aeb6ef51a8743dee535	merge
141cd660eb79972fb76006e881cb76fb13ee0ffb	f:common f:gus f:pat wildmidi
27bf86e1ebdfdb42cf1eb85cb7ffd51188a2e688	f:lib wildmidi
268d2faaf6eb74194676533da9b637bd029a7d4e	f:lib wildmidi
5b4a6483b53e1c08d6562fd585ee189261e6624e	f:lib wildmidi
7f01a6a30aaa4d303f8e8979e8e0fd81a0f0e379	f:lib wildmidi
50ecec199fb7dd53d0f21a13e13479c838f4d1a4	f:lib wildmidi
88beae55bd6ed7c6ab43351c5eef3aa9dff94a8d	f:lib wildmidi
7f44bc6d0e3d953e5be31a459643a570538cc761	f:lib wildmidi
a74d3524906506f6cd7db85d4866c7e937b711f2	f:common f:gus f:pat wildmidi
0c3b468e42cba4b355ec7004dfb22bbbb64c5b33	merge
7c8d48bbfc683583c30689af6dcc659b5ae05b12	merge
56f7ace9be160fbebf61e495c7cf6d1b7aaf8992	f:GuillotineBinPack f:SkylineBinPack
2f2bd91083ca84478b7681e73e908d18d1f3dbbe	merge
61e48013dcd922d51a61838c04a0c5ed2b307661	f:lib wildmidi
cd9e18a72b0718f41d168d30b0ca03efddd36989	f:playsim f:sectors f:version
f539803d498262f5fbfb5af9ff581c94861dceac	merge
65022b780ae586d95e05e3deccf6c7f7584e53a2	f:defs f:eternity f:playsim f:saveg f:sky f:spec f:swrender f:version f:wall f:walls gl scene xlat
7843ece01a896c03bd947f7e612632e6379ea6cb	f:interaction f:playsim
196c9bc34d0654b152465a85fd833d21bf7e9e8a	f:bsp f:eternity f:playsim f:portal f:sky f:spec f:swrender f:walls gl scene xlat
0e017f1e2d60736dbbb5bfc4fd15e0a6b2ac2e24	f:playsim f:spec
f83b21ff2665482ef9f5df1de48f43b238b65f00	merge
011385a20e24f6590bf6e992695ab614d9e1a7a1	merge
7115590c1d85e54f5edda4eca04466ad23e6b861	f:actors f:playsim f:sharedglobal f:skies f:spec g_shared
d5cf31f8211588d33cff608d66f65d156b5d9bd3	merge
ef7bcb3a66ed78dd6ee29b0d48403138b4a0e48c	f:actor f:bsp f:playsim f:portal f:sky f:spec f:swrender f:walls gl scene
42e9a6a711816bb2fce51166220cb7d8bc19f063	f:d3d9 f:fb win32
aaac5ac7a122d7d0cae223964b0624ae3af3c02e	f:d3d9 f:fb win32
670058fa3c1afb9afababec32afad204dbb7216f	f:SkylineBinPack
4f0046105dd615eb88b1eab9f97b03acb5104b1f	f:d3d9 f:fb win32
ab1bf2bca371764639e7e9f11f9024cf8a900e0d	merge
918a2ed56231ecd7662a6fb46baea3e559877d10	f:actors f:skies g_shared
2c0f64cf9fa06834cb10522e7399b950de486e19	f:actor f:actors f:blastradius f:bot f:chicken f:clericholy f:clericstaff f:codeptr f:conversation f:doomweaps f:dragon f:enemy f:fighterplayer f:firedemon f:flies f:func f:hereticweaps f:hexenspecialdecs f:interaction f:korax f:magelightning f:map f:minotaur f:mobj f:move f:mugshot f:playsim f:revenant f:sbar f:scriptedmarine f:spec f:strifeweapons f:things f:think fragglescript g_doom g_heretic g_hexen g_raven g_shared g_strife thingdef
1e2ce9a6220f6cfcb6d137bb0d7faa68644f268c	f:actor f:actors f:blastradius f:bot f:clericholy f:codeptr f:crusader f:dragon f:enemy f:firedemon f:func f:game f:healingradius f:heresiarch f:inquisitor f:ironlich f:korax f:lostsoul f:map f:minotaur f:mobj f:move f:playsim f:quake f:revenant f:spec f:specialspot f:think g_doom g_heretic g_hexen g_raven g_shared g_strife thingdef
76b09710678eced732e27ecb84ecf702e9862094	merge
bfbc160b0c7dc91eb2db31333695a5dc762e63ab	merge
39cdb7cf30d5b6ddbee19c6c968a1da434b85ea0	f:edf f:playsim f:setup
1e193206bf27d6ae79507b4c16109b432bca8159	f:playsim f:tags
d0978d07602307e5523989dd7302cbd7c6c9dbb8	f:defs f:edf f:playsim f:spec f:swrender
4fd0a726b1fe76ca35fefc3d154e05b5e66cfd81	f:doomedmap f:edf f:eternity f:game f:info f:lnspec f:playsim f:setup f:tags mapinfo xlat
feeaf29c461d77c1e28ae9e9f5e920686ed1ab33	f:eternity xlat
bdfac02f696abc646f49e7b4614e289078251789	f:edf f:eternity f:playsim f:spec xlat
9fe016d6d087d8906307a5f77c3ee8edda7f52b1	build f:edf
4bbec2a7fe7df584a22d1002677c7eb7fc2171f6	f:swrender f:things
605fce9008112b3b6a59b4a4d0ccf8d1110972d7	f:main f:portal f:swrender f:things
4d518a220c281d1d408a3e7b1dd5029a499e8c0b	f:bsp f:main f:plane f:portal f:swrender f:things
1f34372abcac269539f7f0617b77788b8a16447e	timidity
68b4c23a82a7e3bd7970daad0570276520360127	merge
53d385a596d60b542a51b3fdfbd0b21bbfff2b15	f:acs f:playsim
f391216ab9a4d27b1162eab63e52b863a5eca9e3	merge
725408d9fe724d8e7a5b616b0cc9f40a029db6b1	merge
b27fdcffb53bb889b9f41045ff0f6d71559b4be0	cocoa f:common f:input f:system posix
23cfd29dbb5a837ae04d4522b623ac21836dc396	f:mobj f:playsim f:saveg f:terrain
7f454358b9f99ae3ff565c313bb8f8dc4f02aa8b	f:acs f:playsim
71c7f2b42c115c9f9a0f47e7eeaf0d536573dea1	f:3dfloors f:3dmidtex f:actor f:buildmap f:defs f:game f:level f:local f:map f:maputl f:mobj f:namedef f:playsim f:saveg f:sectors f:setup f:swrender f:terrain f:udmf f:version f:zdoom specs
4b3adf548ac1ea6cdb12515563655f86ff7cb4a8	f:GuillotineBinPack f:SkylineBinPack
a5054b08823c27f6ef02e0f96f7bb8bcce19d11e	merge
0b5e4195936776364a247bfcef323bf9290cbdfc	f:map f:playsim
786caaf36b31d27d717a292ca6ef27fc1bde615d	f:bot f:game
bf31d66d312bbf3b557bab0662f654a1015c0af5	build f:GuillotineBinPack f:Rect f:SkylineBinPack f:d3d9 f:fb f:win32iface f:zdoom win32
f330a819092c58d6d3d305d99a6ca8ef7dcb38df	f:d3d9 f:fb f:win32iface win32
a43f5a8ecac4323309954a58ba940efdc956e06c	f:man f:polyobj
52bab6571b3233b7279a07a118bb4e67c9f86b92	merge
23ff54c942084af851e6aa2acafe9ce6f324e22b	merge
cf564c60c214751bbc3b8511f688104ac9f618b2	f:man f:polyobj
ddc8c06da8ad20a2e87c5a73bdfce9c481398adc	merge
500c1623d02721c91b4f28eab7eb93964adbb183	merge
d97494afea573d5ae2c886d3d8a03f9f20b6d57b	build
d20f18a4bb5efad73a7c782d96b39f4a1e58f5ed	f:crashcatcher posix sdl
bfd9e2bc1c18dbc5e9ea998135dea2be2deb5820	actors f:constants f:enemy f:playsim
da9c3ff9d2301f35862b5a743f1f50bf512c85f7	actors f:actor f:constants f:enemy f:playsim fn:A_Chase fn:A_Wander
f357a36c5cef92dd39ce7d389cdb9fcd8c33cb57	actors f:constants f:enemy f:playsim fn:A_DoChase
ccc694bbcd3f159d3b098fb2cface3ebc1ce4c17	actors f:codeptr f:constants fn:A_RadiusGive thingdef
926e9fdac491e73e7725d8670947444b4790206c	gl renderer
efaaccc0306de2362a29c3b68db3f8f5b0c92cfc	f:optionmenuitems menu
cd4076dc1bba6779038a8a2eabdf63ba95af0476	f:optionmenuitems menu
1b20a06ec4e46d47e82a8394e510f800350d9de9	merge
eafa394af4abeffb86e4cb2f582d8c4873f55bd0	f:local f:mobj f:playsim f:spec
f8b2b4558f8ccd3cdd49a309a1218308d770fa2b	f:floor f:playsim
154e1063150be76ab337436b568cffabf774c0a6	f:main f:player f:playsim f:spec f:user
990323fb26f93554e5a9284157094b09ea1f40d3	merge
6afd76e5dbeaaf1caba244de6d735a6b5710334c	f:main f:player f:playsim f:spec f:user
eb6c855a95993fd031ef2f0160b40d7b0b915a23	f:ceiling f:defs f:floor f:mobj f:plats f:playsim f:sectors f:spec f:swrender
bd8513c063e2451e7d075e803efd10aae9ec8f09	f:actors f:ceiling f:defs f:floor f:lightning f:lights f:mobj f:plats f:playsim f:saveg f:sectors f:setup f:spec f:strifestuff f:swrender f:udmf g_shared g_strife
1ee441412a7c8b30d616324a31d490c279e230f2	f:lights f:playsim f:saveg f:spec
73f4e013f18116010a85f7c2c44c62098e9ae123	intermission
5474e01de8c1153c25c7d9968e4d435c54933ad9	f:bot f:defs f:doors f:func f:interaction f:move f:namedef f:playsim f:spec f:swrender f:udmf f:zdoom fragglescript specs
b0db5d9b169b858a7b0a5ef265474c36a29afd00	f:ceiling f:defs f:doors f:floor f:pillar f:plats f:playsim f:swrender
d34077a3ba50b0953c02ec67c30257fb6ca664a3	f:defs f:lnspec f:playsim f:saveg f:spec f:swrender
3ffcec3eb3446eda1615d277104b6822fd0af69d	f:defs f:map f:playsim f:saveg f:spec f:swrender
6a63effa1fbcdb8619383c565394317869ab7ac1	f:3dfloors f:actors f:automap f:cmds f:console f:defs f:floor f:lnspec f:map f:plats f:playsim f:saveg f:setup f:spec f:strifestuff f:swrender f:udmf f:user f:version g_strife
1c6a00059f9ede7d913d06bae7f8c4994964649b	f:load fragglescript
7d2bbbd35150f482349c0b995a6f41fb6dee7c02	f:walls gl scene
006d3022ca60e1f8048a682668ee41a649695bba	doom.freedoom f:decaldef filter
46b5900a0d744780857dd5c2456905d7c32697df	merge
ea6c498470594add90ffe088463ffedea59b93df	merge
d0c372692bd6388b699da253a4f9eb93c7f90fdf	f:acs f:playsim f:udmf
2b519a92b166e06cd0bec48ca25e9117df878cdd	f:namedef f:playsim f:udmf f:zdoom specs
3e13e772ef75eea0654b5ae816fb6aa16f1c88f7	f:defs f:lnspec f:playsim f:saveg f:spec f:swrender
5d388f8e635fbe90ec212b8d3e14951acd5a56ec	merge
d432df55e9be1d56f98a1b3e8b5966aeecae4e3a	f:3dfloors f:bot f:defs f:lnspec f:move f:playsim f:saveg f:spec f:swrender f:user f:version
8ded18a96c79f69211d80bce532bc283e4e16758	f:midi f:music sound
a5a069a4b0835191652bb211dfa2a57a6f641042	f:doom2bfg mapinfo
68501dc78452c560d9176b04ec7a32cd39711b7d	merge
99bf01365249f3db6ef3ea266c1a95f792aa40f2	f:iwadinfo
b2f860d7ae6842ab0bdf168f6b2bb4a03bf5e9b0	f:acs f:playsim
d7501a1414b3e1e37636c7bfbb4a8279b337e3c4	merge
6be82cc14916d78b0c7851644982db6d2e0256ca	merge
c9afb199caf363e1387bd9111b31137d5c44d972	f:acs f:playsim
a1e0ac0b719d59ce80d29aa01f3deab077695cad	merge
d68c97b42abf09f89ab512dcd43cb11ef36bbf48	merge
111479063f7120ff2b05b19ee558a0d3c98f8a6d	f:eternity f:playsim f:spec xlat
0e9eb2f3058833f87dd5309ff2bf75dbf92d1676	merge
824801ae6b87266218df07d6ecbee7d7a4ead8d5	merge
bd95c5eadf9c1ef79e9ca10de3844d73a1f7b0e5	f:common f:doomedmap f:game f:info f:mobj f:playsim mapinfo
a83d189a9c377df0b6681a1fe6acf9a21a37a0c6	merge
02ff3291bdfc8e7f3e75306204e18fe94aa39fa6	f:misc f:random
f1cd22ef34cdcfd3049b6b7c76d05d6e2db94060	merge
699f274b06dc44d5135c8bc6321f0e59997ef821	cocoa f:system f:video posix
1197df828c08cf7c456b2bc988c2a8b6101757e2	merge
cc10fe9bc3a16dde9fbc21f4edb1b80c65e3f7ff	gl scene
772a5724313f2ad0bd6828fcc28545a9ee5e6068	merge
a75e65a3d8df1e29f83d098ae5bf061159053c11	f:lnspec f:playsim
bb45a7162a979885ae20be6684461b51997ec64e	merge
77013877d1bb213a8c803fdd28f6924f4c791ce5	f:playsim f:pspr
b8b81e9809fb1fb7a0e727810f117fddb55e3da9	f:menudef
bb355b3a786be5b14990f97b9b6b627187018bac	merge
f2c890272f1ec3cf8d3f2634186e6d55bb7c3f2b	f:renderstate gl renderer
bb10a10458e922698b5b69910c10d07c886146ef	merge
c86cd537530caeb01f15b65a8071c6903818c9ed	merge
3bad7f9b55adeaf2d1931ff28632c9cd38eba50c	merge
1d759283c07e99ec8784ba01e6e286fbe03703fd	actors f:actors f:constants f:main f:pickups f:player f:playsim f:pspr f:weapons fn:A_WeaponReady g_shared
afbf88cc639a3c29d98ed458fa7a1f48486f41bf	actors f:constants
4931c90839577c101593c3bdd62b9c76703b3875	f:playsim f:user f:version
3566d3157a6bb4f56f149a83fb475acb51adea2d	f:playsim f:pspr
6478b98eeaa06df4bcac4968f36221f18470c3df	f:playsim f:user
b09a81126fc5fb2979f7ef11c5f8bb93b3bfdb24	f:main f:player
eed6680a6722994c2936cc4c5730e0e4e43dc637	actors f:actors f:constants f:main f:menudef f:namedef f:pickups f:player f:playsim f:pspr f:weapons g_shared
addd059410b54afec2f1ca0a42b17ee24f448b73	merge
5e975ac9f66a955cf19255555b725ce9170d33da	f:advsound f:fluidsynth f:hmi f:io f:midi f:midistream f:mlopl f:mus f:music f:musicinterns f:opl f:opldumper f:smf f:sound f:system f:timidity f:wildmidi f:xmi oplsynth sound timidity
d8af2e558fde7e494bd1f5b636f8989efb8391fb	f:mus f:music sound
ac6e2f4979605b65b9b794a229a94872e2fe664c	f:anaglyph f:color f:renderstate f:scoped gl renderer stereo3d
262580c92f880b3554540cbd413cc4eae44c0b33	C build f:7z f:7zArcIn f:7zBuf f:7zCrc f:7zCrcOpt f:7zDec f:7zIn f:7zStream f:7zTypes f:7zVersion f:Bcj2 f:Bra f:Bra86 f:BraIA64 f:Compiler f:CpuArch f:Delta f:LzFind f:LzFindMt f:LzHash f:Lzma2Dec f:LzmaDec f:LzmaEnc f:Ppmd f:Ppmd7 f:Ppmd7Dec f:Precomp f:Threads f:Types f:file f:history lzma resourcefiles
95f413463052b70c2559cfd1fcbee8b8e93fd5cd	f:anaglyph f:stereo gl scene stereo3d
5b7f9b04cd9334aef782fa2f7bc8c270c8dbfa46	f:anaglyph f:color f:scoped f:stereo f:view gl stereo3d
1316120fe4ebf2ce47e6ebe595d20cd10901602d	f:mus f:music sound
94fec26cb67c61fedefcaaf21c7556e3a782046c	cocoa f:system f:video posix
655defed2842ab5984110b23731ea4871462c33b	f:stereo gl stereo3d
8e237e6146f8261fbe5c2d53354325f70cc2e990	merge
c88ed426a805e191742067ad2654871a40bd15e0	f:mus f:music sound
3c40d71c20805d96d36089559b1112c9ca682a9e	f:lib f:mus f:music sound wildmidi
be6daf5d787de17ce5fabf36ac2e9c5488d79f1b	f:mus f:music sound
63993dee968f214ed2d1f7f6f5d5c2cda3b629b2	cocoa f:console f:statusbar posix
86797b419f1165ae48b91ad9a6b6b7becb13caa0	merge
8f149d904823c0b6ee28a356cad4a7807e94d75e	merge
3466a8c7a90b30156b653704fe81df6d4e496032	cocoa f:console f:statusbar posix
db207feed1a167866ae134c2ed72db12ce1db1c0	cocoa f:start f:statusbar posix
a2b377c58039bdf896dea0f79da1d6844b2e135b	f:lib f:music f:wildmidi sound wildmidi
aff42a6186073abf7ebf6abbe73c5ecc18cced07	f:music f:pathexpander f:wildmidi sound
1def61e3e37e9bd0baf23102e9cc19f915e72859	f:lib f:menudef f:midistream f:music f:musicinterns f:system f:wildmidi sound wildmidi
2b1730deae172e5f7a607e63fe306985e04f1d38	merge
6c13ba40ac57136d63ba617f6e5f48a191a36696	f:instrum timidity
3ec6ad5018941bde5dd0802afc28f70ffc8674ee	f:music f:musicinterns f:smf f:system sound
92e0bbeee9e2440999990f6e21fa0a1312d21d0f	f:lib wildmidi
6d2e93254fcea18ea37c6eb21f9ba116084172d1	f:midistream f:music sound
545e2f7c69a3648680811e27228a845ecac5398f	f:midi f:music sound
900937929e6e045ea568982741491812d092a1b4	build f:lib f:lock f:zdoom wildmidi
14361d93138e2695d5fc6d7ed83d5e60aae6a09a	f:dls f:instrum f:mix f:playmidi f:resample f:sf2 f:zdoom timidity
0cc4bd56d189958f1b7652312de634eea49494e2	f:lib wildmidi
e0f9a59a9ac00291abdbda2c19e602a7e29937dd	f:menudef
c3862d910142ac726358f0838aeb5d9e535cefd0	f:file f:io f:lib wildmidi
fe2dcfd588596d5311b31193f0e70630815a9932	build f:common f:font f:instrum f:music f:pathexpander f:sf2 f:system sound timidity
0634205d7f4bd0e9cc507a3e0ff13670d1ac80b6	f:lib wildmidi
9297c60ecd59301d2d04d5f3c05eb6f66e25480e	merge
ca5baa413c5ce60ffd04c91db8bf1932898d3607	merge
3af95e0aeade57165c54c1a0af27894ab0023b0f	build cocoa f:console f:main f:start f:statusbar f:system f:video posix sdl
673e1b4faf6c9c3c05ae5943daee8206191c0638	cocoa f:system f:video posix
2c3d9e3ab8771b24deff0d72452f8d2f8769b764	cocoa f:system f:video posix
15a269db9df6c2454c4b11bb474eef750a492900	cocoa f:common f:system f:video posix
3676a425126e326adb3b4761bcda648778c31341	cocoa f:common f:system posix
0efdccd942c29b235825cb09cbc566dc18d89444	build cocoa f:cocoa f:gui f:iwadpicker f:system osx posix sdl
6f3e04785d9fe8dd68d7d6c2b6d1494aa67046c9	cocoa f:common f:system f:video posix
7fa289109b9fdcdd1cecf3f72708b7ea4ee95820	f:lib wildmidi
944360557f79480b4b39571d06fbe4b97e58b87e	f:lib wildmidi
83ef036c034b5bf5efd71d9c7c23eb268ff9f0b3	merge
7c82c576a3e3e4522dd528c3643a2396b9bee2eb	f:file f:io f:lib f:lock f:midi f:music sound wildmidi
c6b3b90f370e38d1226df3395d19d8f4f4e0c3e0	merge
afc36544b7e3ffdfe378343b42e2c6773a3514a5	build f:lib f:midi f:midistream f:music f:musicinterns f:system f:wildmidi f:zdoom sound wildmidi
ee46799d9ea7adec7aea5dee4e32df10bca4de96	f:lib wildmidi
b1405921bf0503895ef25439e5ffbd1b5a293936	f:lib wildmidi
635b49616532af58442c51d6c7b6027eada53f27	f:lib f:reverb wildmidi
a2ebf771d30ed75413e746128a6057ea249ddae9	f:error f:wm f:zdoom wildmidi
b27116cbbd478fa3d1ce04f41973dd318297ca1b	merge
9d48c84ee3f0e13dea95ce26d446e08f0e3795e1	merge
060a6b2ff2b9716eee79f09187f59a41eacda616	f:lib f:music f:system sound wildmidi
a94120b6a40bdcdf7226085eeb8733299108e677	merge
96576a6cf6cb27964eeafd1f2f8c91f765b2a752	merge
33a252bf4bcd6189a655c4f44ab44f8aa9e95a7c	f:zdoom
5346b813da90a59d2a7a7c47195e9346fc6c23da	build
1070bd9beb9e17de359486fbed201dd330b29a6f	f:playsim f:user f:version
05b8e275cd3a4cff3cfc46301bd1c2df8d126d5b	merge
400038643cab557e828881c716d0f08820accd69	f:conversation f:playsim
1d3cf60d730cdd808ea2716c1ea52489df6ebb10	merge
f8c38a0bbe9571dee33ed722d96b67ac016074c5	f:asm f:hqnx gl hqnx_asm
1c5d0ccd65e8a8ae631fd3160abf808fb26635d6	build f:hqresize f:menu gl system textures
69813993b0e023b2452da1a9097cac1a393e7c23	f:menu f:menudef gl system
19ae244f66fdda01de08b0db458aa0a5a486d024	f:hqresize gl textures
571f7a4eb6b85f6ac24e92156df92693f27a36a6	f:texturemanager textures
c8810db5fe7b8ded8bcbf257d23f77ffaa10653b	f:walls gl scene
452479e5aa87b6da2479c7de9f7bf691c5b29979	merge
7a96f91591b3f1ca76a5986cf46f5446caee2d38	merge
beb7a8e4a2ace28fda777d59f5fcbda785713e65	build
c51abb01610fc6eb399da8139eca83856fd3a5b5	f:acs f:playsim
03ccf03b8f3161a601cd223a3abfcf345da79f16	f:playsim f:udmf
792d3906fd2be890a2f17c8a90f097981cdbc143	f:playsim f:spec
452c82cbe2154eabe6b7d9519c603480f5013913	actors f:codeptr f:constants thingdef
37e8221067017a42ec3148c18f1561a5bd304a58	merge
60f7217fbbfb88eff364b02e61cab5679dd76d26	merge
17a216c832f1584355a777343b60202cff2342fa	dumb f:itread it src
e5a4031a7010ac42559bfbcab5ffb71d1440e805	dumb f:readxm it src
45e031170e55cd06ecd4ed657a3f458151669a48	dumb f:readamf it src
865f083128744bbc02cb9b1164dae0d3a91f9fa7	dumb f:readptm it src
3d83ed2ee5d7ff219a8f8895c148fe5ae2a040e0	dumb include
8a6dfabedb104e7ae37e0c4f03c7c3b44397b048	build core dumb f:dumb.vcxproj f:it f:itrender f:rendsig f:tarray helpers include internal it prj src vc6
d0f1df113223182b2ad75accfbb0dc3511cb996d	dumb f:itrender it src
d3000fd838495bc1eb5a72def26172e374d1c3c9	dumb f:itrender it src
06bb75576c45ae315c2ab37745503eb08b65ab0a	dumb f:itrender it src
fe990dcc7c25be39856cee41db5cc813976e4cce	merge
9176d75580d10a7d9ad4f8ab77ef18d6ffbe247e	f:wad
68a72d64a48fb5df665abcf396ddee0d8c0ece17	merge
af2ce6ef427d2d175bd5c19403f7bc26dcb5ad02	f:mindefaults mapinfo
17569139b6fd2b6404ae6fabcf21757d8f84ab22	merge
37ea94abf3ddc126fb67c79e94f87b069640c309	f:walls gl scene
d80b15e60869003e498366943a26641652892d2f	merge
841ddb0d63a60b3ca97443bcfd9c9eed856d2478	gl system
7c6237e1343915f26c84010bf668e1133e7a8395	f:fmodsound sound
10088544c356255710c1fc3d8dac17b84399ca43	merge
c099cd45810884cd793fb51ef6b66b4967865429	actors f:acs f:actor f:codeptr f:effect f:playsim fn:A_SpawnParticle thingdef
5b4323ec6c4fd37869de693a33bd6eaedc878ad8	merge
94c397b8685bbf0c76470a12e852038a02f86dba	merge
fbccc3350c073eaeab05e890ab073f7a51dd5f09	merge
18de376edf8bb4e1d90f8b74c70f4f1080157669	lemon tools
964ee6bb23b5b2cb722275cfdee9dd1a625f15cd	build f:system win32
72d4c3345302a1a02459005c7f510c5aa1edec55	f:acs f:playsim
62d41a58a870ce201ce83cf326d753ddf12ef873	merge
0cb64dd4647603defa71b1e890eb686c662cb09f	f:udmf f:zdoom specs
a0d6b05707169ee141f62299ab41e931f1c6b8dd	merge
ad0e71942d15dc79f81e9c3d48ea78a9d8e89534	f:acs f:hudmessages f:playsim f:sbar f:version g_shared
d8cacbb8bbc798185111ed12794b0871ec3c41a9	merge
542a1089145f426ac6a5af74961ec3d98ec036dc	f:playsim f:switch
f90ce1308e0764ea8c8b3c9f3ca700942b592062	f:main f:net
455d8d9730c5cc3bbfa4b8d7f8fab3fca600a377	merge
81f521fe562bd5e562ce08bf2dce33007dd6d9c6	f:game f:level f:mapinfo f:texturemanager textures
41f91148a104d5afda61dddad773ea62b54b51a3	merge
38df0665e3a2018cf1d0028a36357df6c7e908e9	merge
4adf421513ba7ebbeb81a2cb9ee9f149bf4446b8	f:game f:skill
724445354ca1e2bc0517a4a0cf8d0dae52c2a295	f:midi f:music sound
5cd8d5f5d929cda43fd7a379e2aa58c7d923d5a1	merge
8594bfaa8ba5e6a5834ce41576a7394e8990fc82	actors f:codeptr f:inventory shared thingdef
f4a60f29f354e18d73f61dd53ca9eeee86a13d8e	f:decallib
f9cbaef1df62767ae49e1fe4d45d33c348190dc0	f:fakeflat f:walls gl scene
c9e4f120e721604939db490e1d3a91e6ef4657dc	f:game f:skill
f7cdb28eaccc4ece9869f400b0e710420852bc37	f:actors f:game f:level f:pickups f:skill g_shared
106886a9bb995e6975163c60df20e4eb1429a0d5	f:lnspec f:playsim
1ad02a6ce8503341e57be1d4601f51cb45b17207	f:game f:interaction f:level f:map f:playsim f:skill
1a0faf47619c15575109fd315e5770cd3862e89f	f:decallib
5515cb02a6059155ce4c075d02aa69d785879b2d	f:decallib
9bfd67678330da477c3bf996536b6eaa2e33ff66	f:buildmap f:doomdata f:mobj f:namedef f:playsim f:setup f:udmf f:zdoom specs
3682924249390acb4cb0ab3c0b4daa1ba2b44eba	f:lib wildmidi
a03b9477295743b038e9af141525e818eda6943c	build f:advsound f:midi f:midistream f:music f:musicinterns f:sound f:system sound
4fb48b332b8faab1ab731653a84c941abed27609	actors f:actor f:codeptr f:constants fn:A_CheckProximity thingdef
eff2286bc905c8891928513a7415cb24985365bc	build f:common f:error f:file f:gus f:io f:lib f:lock f:pat f:reverb f:wm wildmidi
888f356e58c31f3a88544c7dbb458f9225ae4091	f:menudef f:optionmenuitems menu
3fadfec77d58d41b8aab7cbcabbe17182f1b4ccb	f:lnspec f:playsim
6e22be89e44af8aa32711ecaa06b38e48d56fdac	merge
a55d85c51c9a928218bcbde480a21c46f5714380	f:midi f:music sound
7e8721687819fb83dd413982f21d91190ec02e40	f:main f:swrender
fca469b053a86d17088a357e019485a25e69f5cf	f:language f:lnspec f:playsim
d730b06da702239d36842eb01174b8212248e858	actors f:actor f:codeptr fn:A_CheckSpecies thingdef
7725e9d6410c94bb4ef515cff2996c55b0fc7a6b	f:codeptr thingdef
a1e31128508c750036209762b51a56cf6a72545e	actors f:codeptr f:constants thingdef
ab5b1f479a66912bcbe6e1fca262e6e8386b6f8a	actors f:actor f:codeptr fn:A_Face fn:A_SetPitch thingdef
6efc2a0ec747d90c536c2b3cb525caae1a3559d8	f:sbar f:shared g_shared
78deb70a000b72be1bfa67f2ab84298ce4e941f4	f:configfile
355f70986a9f106f857f38b261b0cd306659c114	f:actors f:pickups g_shared
f4ab6074faf10624e76bad222cfe749d5c7bcbaf	f:playsim f:sectors
1e0366f98f7eae81ade2d860e6f9c9c6596bde19	f:sound
01917d9f15fdfbc8fc557c8e33348d11b5b83f39	actors f:macil strife
43dff3021b4e6491ae48bd3e5054954be291b646	f:oalsound sound
cd110f67dfd63e92601d274c654001547f365730	merge
da39c869678d1d394888163ba1eb6c74212f5734	merge
4a18a28448a6c99d9b63fa45dd54787330becac3	f:automap f:map
b00b49c111bb537ed14c26e83646615f9fc98627	f:sky gl scene
4ed78d78cc30813b5919ae439160feaf81e61f68	merge
99fbb552969a127329fa03a82743bdeca49f311e	merge
7b017f472aef982a0e4049809f4aefdeb57e6687	f:actors f:bsp f:defs f:playsim f:sectors f:skies f:swrender g_shared
75855dc64a133a61cdc559b5520ad127540bf037	actors f:actor f:codeptr f:constants fn:A_FaceVelocity thingdef
ab85319fbf16476cf2766e42a034b42feca55cca	merge
466d56a77a948eea5ec45bb92b331377fae02f33	merge
20bf4d6c8ebe8cf4bc3fedf24e9a609843a8b5b3	f:game f:level
2612fad326be24ab1493087840f8302221ed7454	f:acs f:playsim
75d21d6dd81671960158f2c04fc237da373ba906	f:plane f:swrender f:things
bcac352265225a68e290b31b6d6cbc70475f3aa0	merge
ad6ce5a726b905dc51ddad93809877b60d72b618	f:lightdata gl renderer
151b47c3aead3cdd958de235e1df4144cc1728a0	merge
a5b43dfb66fec6f04df84f085c63633e17c22b76	merge
16cb4407a420018a8d1f3f8fff024bd973221cb6	f:spritelight gl scene
382d2cf74f2bf947f1881db557802d3b3e8287da	f:stereo gl stereo3d
789dca2ab369a003b35186c4218a44e68c86e2e5	f:stereo gl renderer scene stereo3d
d603999ee37a3817a29fe22d88aa0532619037fd	f:gitattributes f:gitignore
89328e685c967300a37de941bba3377e95bf20d3	f:drawinfo f:portal f:system gl scene win32
b82d61193669657c2bc24bc280bc5735c15aeacc	f:drawinfo f:portal f:system gl scene win32
0874455faf8c169e0c50504032e645b89bb7f462	build f:anaglyph f:color f:drawinfo f:gitattributes f:gitignore f:menudef f:portal f:scoped f:stereo gl renderer scene stereo3d
694dff67e4d48de31cb4620ede937015e612b6cb	f:anaglyph f:color f:scoped f:stereo f:view gl stereo3d
a8ac748123f4026e1d90771dac851c5be7af846e	merge
3e517ad4d0b1d089841cafe50dc4f5dc062250c1	f:optionmenuitems menu
117783a7858b4863a7128d72f678390cd7ac15c8	merge
8a8997ed6f991f0d354b265346575618df0d7a7e	merge
27135d5c5da22a2027f617ba363b056af38abea4	f:playsim f:setup
869e16849537a0a1af05a677489975a95abe8183	f:acs f:playsim
f46a00fcd21263d45b166b2e3a08303b4c473789	merge
c93bc2561e4bfcc2140c312b36e649d27560d805	f:menudef
c5f433d80a51f2faa72af3aa2a7709c49059129d	f:actors f:local f:playsim f:rebels g_strife
58d280d4638f42a34466b4ce8376463c9aea2ff8	merge
916b5f796de3991f8f0b52027bacfd085f7d7149	cocoa f:system f:video posix
4cd793ca2f57231d578b9f0631fc606023fd57e9	f:codeptr thingdef
6678c3550ea3ce88e4541afbce3fca1f1e6d33a4	f:acs f:actors f:clericstaff f:codeptr f:dehacked f:func f:local f:main f:map f:mobj f:playsim f:tflags f:trace fragglescript g_hexen thingdef
75100d76fb58dfafd4617e70bd28439d214e35c6	actors f:actor f:codeptr f:expression f:interaction f:mobj f:namedef f:playsim f:properties f:version fn:A_SetChaseThreshold thingdef
72445667e3a1f4da9c80727e3fcc14440b715b87	merge
380b5c1eb79e747a3f404e8ec746aa9a0d819f34	f:actor f:data f:interaction f:playsim thingdef
c1496ea1bff7ba228dc2a1670da9a22864fa31e5	merge
8e2810865bd3bf81fbd3108398ff03935799cfbe	merge
fe61b8064adf5f42575d4c57056466d49878b9d1	f:actors f:randomspawner g_shared
ba651ebff7a6037222f7ba718e1d02620f5526ca	merge
21dc45bdecd811983c4ee94549b698fc290fc20b	f:codeptr thingdef
455b70630dac9187469df823c2725de136959f5a	actors f:actor f:codeptr thingdef
3b2e8f34014ad7be0d8121a8449554c592eac6ad	merge
45d573a2f2e978a39f38700e4be35dfb67987b71	merge
bad99613760763e588f685fb168b2dbfb10a2aa2	f:listmenu menu
e669e3cd082a43acd66eefd178f0c05686eaedc0	f:actionspecials
7bfce1d1763f49719d8b4183aa5f710b16cbf348	f:swrender f:things
75c5b563d1b15b00f4e49796a0320f0f26a9a06e	merge
99dd664029153eaf09ef8b2fa34e5a8b41c8a8f8	f:menudef menu
005e468fa98578277c0c14923c7aae7193e9685f	f:listmenu menu
df9053ea991a3647c3ce946593a2fe3e67080a76	merge
9ff2ac684fad1f21b10f361fb7839e47bcedb25c	merge
2f3b69e77022a74731f536bcf63aa73daa48ba2d	f:codeptr thingdef
154e02380081fb0badbce7e8172c1e72325b7ab8	actors f:actor f:codeptr f:constants fn:A_CheckBlock thingdef
e2d874e343da34df6edfad0bb47370cbe10f4bae	f:playsim f:things
af9478f818e940164ec8f00d396d8c4e700ff673	actors f:acs f:actor f:codeptr f:constants f:local f:playsim f:things thingdef
28622cecaf16cc4a95f90e89d4cd1b55757ace42	actors f:actor f:codeptr thingdef
125afcf3defb901e23bd44d32fa86681ef1748f6	merge
f58b67b11db520a982ce56bd5855440bb6769297	f:dehsupp
beb2a4fc648985ab682f344fee207463c05ea9ed	merge
37dde2e77d91bcaf257e8c4f4c64fa6fe2607e5f	f:system win32
676b710b845df69c85bda305257f357e0c100466	merge
c743b19e6d784a9cff45c144c643ee072947ee9e	f:system win32
c6aceccab32766773f1e19a01e91579e6efe2937	merge
b1b17beaf6b027ef061b3da6683dcf8b351d323a	f:nukedopl3 oplsynth
23577f4be8c3cf4cdd9dbf73043bb3702cb77116	f:nukedopl3 oplsynth
96ff7160463b93fb9d9401274b16f81dfaf097eb	f:actors f:randomspawner g_shared
49519db257d1c717e6d0cf36bb8dfc5086e79064	f:actors f:randomspawner g_shared
4e1723eeb7fd465fdb6b23245100a06871fef489	merge
e9a3f7f5fc7a823d792774b5303b8c2049763826	merge
98bdbb1ad8c9d7e06a5a7d2ed2e64779b12c097d	f:acs f:playsim
b613db4ae5c05655a93792671b50b41d4b4c80d4	f:game f:interpolate f:main f:player f:playsim f:pspr f:saveg f:swrender f:user f:version r_data
9d68fd8fe97be89bced5a3055d1d86d197512b79	merge
1ed0fe038b555038dd5936fb3502c48098ddc66e	merge
621116a289d6066889eefd02693b60117795429d	f:fmodsound sound
67305258553c2c3b79de90bc7ea4ce4ebeb572c4	actors f:actor f:codeptr fn:A_SetPainThreshold thingdef
fd2c17e5f80bbd80245b6a31ae5bc3f5e8ce6a96	merge
4de57cd2967236a31b8206aec2a04c026a8c2b87	f:compatibility
c12607724d36ed7e52774aee331137e7fa12dba2	merge
924a2aaaa7e12bf1ddb3fa1991735a4fe1be1e96	f:acs f:playsim
029fa1e691010c39d3785eb4840d2140fd5617b3	merge
b2fa4970fd57773f5f3353fa64af6a3480177009	f:acs f:playsim
211f12286a59cf82977bc2279781a455e6fb29bb	merge
6ee0672885b5856899efc6214d3ea203b28f7ac9	actors f:hereticweaps heretic
011a71b7e5749a9b728a19124f28627e2165b4e9	merge
f4b637db626412dcc3890689fcedb9b2aaeef490	f:compatibility
66437e32f6dec75e5692475ed737547d626bf1e4	f:compatibility
fea2cb38cc3caf4a71922faf658c3524a19beccc	f:local f:playsim
2ce8ee71542328ef8fd2cd24bf894f3f5cc9ffef	merge
39b18a3447c3960c31043dd73ec5f2dbf5e2bcca	f:local f:maputl f:playsim
ee7eb3253a70933098cebc2054caea8c22eb02cb	f:compatibility f:doomdef f:game f:local f:main f:mapinfo f:menudef f:playsim
0f425c4c3cd4ec4ac6fd22f0fe631891aa9c6baa	merge
b1b8f3a5f9bbfb0bc04b5a386baf39e95b4d31e9	merge
d7a04b9e98a14f6e10793505cee877ebf080d081	f:doomedmap f:game
f02b52ef28549a4d35adb122384ca873bdda7e64	f:interpolate f:swrender r_data
afa438419d2a5c8ab99d50db77e44728c2b23337	merge
36c7002628cdd73ae09eb0368ab2a9756ebcb529	f:acs f:playsim
a90ea55e2c2edd328411a99326ef7c5937ae709f	f:stuff f:wi
69fd0e6eb484fddd4a55333b4fa74377c6e0e992	f:automap f:map
67a7f48ca3cdd8c6e83a58c27dba6fd3f31fbbac	f:automap f:map
2f027504b6716f35739038eb3073fedc9c1a86d1	f:actors f:automap f:defs f:map f:sectoraction f:swrender g_shared
890233d5fe3ea27801b4edcd0270177c6dd8d5ee	merge
5afbe8ca007093f7cb6525b5300e4a5436d596ef	f:codeptr thingdef
3a37a32cf97be7839300cf3d507a21e97aed0352	merge
19c702a60843c0c2dc41409ae0a9c92b31e30def	f:interaction f:playsim
8948f5dc2bcbcf95a207a5e2e695b0f2c8410e93	actors f:codeptr f:constants f:inventory f:local f:mobj f:playsim shared thingdef
364ca11b43d8f4cd736506918f5c1fdb63721235	merge
dae0e217d1f16260c6e94a3d5db5a8dfcf117ecb	merge
143a4c78a9dd630f9d9c2583e56da2b17f31bd21	actors f:actor f:codeptr fn:A_SetFloatSpeed thingdef
213216368ab1988a93087827db2b074c7beadec9	actors doom f:fatso
23cc7da268f659393abec05d8daab845da940d38	merge
bca50c58b30d3041b8094659ab1f250fdffc0c40	actors doom f:keen
d30b67dab6790f53f9fd78f7480ebe0af65ffda1	merge
68ea99016cdf1dfa649008c680924e9139671d87	f:compatibility
6573902a26ee50764ea6fb0d0db58a9de056c4b6	merge
99120d84420b01e6e03d0379682d966ef7907d9a	f:playsim f:user
61e09da1be96d26d0b9f0892ce0148eab3d992a1	merge
90d1e85aa2b3b893abba33da604cee0bce1ec0c5	merge
e939d6885d293020469840eef43a0ad42f902a8e	f:acs f:playsim
563188c14ec4db0512e98e00b9263cfd23aea2d3	merge
9aabc852816921ed1c95e6bba094961fc8dbcaab	f:game f:level
abb033d400eed5a5d3c2577b86764695c6d80cf6	f:dijoy f:system win32
8ec4d431cfcba1479d5631613a6c8b4ea20bf2a7	f:joystickmenu menu
c7f3a3a7c25b6b730ae6241b4d47f734201768c0	merge
1a275a7e8eb91dfefa341b1745235759fd465cb2	actors f:mummy heretic
0fa24ab82d069f5fd44a55d5d307ff36b8642720	f:interpolate f:swrender r_data
02c562518ddf9657c0a353bd03a4caab424a214e	f:interaction f:playsim
b87435ac9d931d3bd053fd9084cb23d7d5457426	f:interaction f:playsim
389ff4fc98b6ad354418d9370a97b52dc9f49e0b	f:map f:playsim
1a25e35f3c1dcfefe0c164d6952c92dcc7f577c7	merge
0ed4549683e608422aa1952b01225289e41b2c0b	actors doom f:spidermaster
677dc8893ee53d36361dc40adc5347790b647a2f	f:system posix
4d19f6f91bc8deddd4f49255a4e4039eeadd1880	merge
98f214ee66fd5223c2d277fb982848e03e0200d2	f:iwad f:main f:system win32
0a8255f34b3a3bc93439e5ee6166643429e4531a	merge
696c6af588a4b1f326a7257ca0cdc1073eaedbb2	f:zstring
d87b6d63378620325aa41efcbd5fd0e06f813c0f	merge
ebf515f8c76ca32d2fd5fe9b70783987af5c12ca	f:playsim f:things
c142488107c8687ed2a93e2cba7d5dc3f75ee09a	merge
27316432009ab2a09c494fd4d72287b215caf241	f:codeptr thingdef
f9e70a82c6216c19075adcd9f3d9826ba52ef5db	actors f:actor f:codeptr fn:A_SetSpecies thingdef
86e9504d04eee25fa51dd08e8c195b8de98f66d9	f:game f:interpolate f:main f:player f:playsim f:pspr f:saveg f:swrender f:user f:version r_data
d786148ccfa7befdccc212fb03665d7fa56b2000	f:cmds f:console
2d58a28cc3feb559b7989698d88144309da7bc6a	actors f:actors f:artifacts f:data f:inventory f:pickups f:playsim f:teleport g_shared shared thingdef
5a7afad0b31538b698a1625dd7971719fc6e50b6	merge
2ed3cec4db39dfb6762830a09d4224aaf9969edc	f:language f:stuff f:wi
b06770cb92d16c3b7a9cacbeba11c20968e48f1c	f:codeptr thingdef
9c24e9ac71abeb892d5ca47fff9d2093757b5349	f:main f:net f:version
cac600733f8383c521e78555e79d25c2042de20e	f:interaction f:main f:net f:playsim f:protocol
87cc3f77f9c7eccd247448c131b57ad9871bab4f	actors f:constants f:local f:playsim f:things
54af1e379edcc6a2f58034c06d0e406710adb570	actors f:constants f:local f:playsim f:things
7e661dfe573c6101f7b0d215f12f5cd6d64f5c43	f:playsim f:things
9cf8a2a26ca137196874763965dedb9a19584ea4	f:playsim f:things
ad14caa80026a1713377c050d77b1e7ef08dd2d7	actors f:acs f:actor f:codeptr f:constants f:local f:playsim f:things thingdef
794d2240ebb3ec0dc6f35a29272625a450946aa4	merge
e7aa5c690a4c5c653c363e8a2a6891f953b599f3	actors f:constants
f64d3a57234ebcdffdf764df3d17df7cf28bda71	merge
fcf1d56b1a239700920cd90f3bd431beed03583b	actors f:codeptr f:constants thingdef
3efbf6c74e551551dd28b7430a5e60a2048c661c	f:automap f:map f:optionmenuitems menu
58870d48718a23952ec4aa7be020c86589549f66	f:acs f:codeptr f:playsim thingdef
57150c8718612e8215df61ebeaff39d6d37c6481	f:sndinfo filter game-strife
40a2665726e8a7754ef70cf1039295fd781c5984	f:sndinfo filter game-strife
36974431ba9f1dcd3012657b4b39aa305cc9caa6	merge
44d25afaef01fc0a277331880936a5d254c151b9	merge
d9cc7c52ee187fcab842edaf902cf9b7b329542a	f:win32gliface win32
78c21bfb056263338f30e80878f84850dbc0e104	f:cheat f:misc
2be19a87ba697b8969b0f3e0b97c9fec6d8ce826	f:cheat f:misc
7163aa96678cbe12b5a8c2a11f0856b2a2c114c6	f:acs f:playsim
efce2a200c17e6e41d3e43d6da2a1b4e4b138452	actors f:codeptr f:constants f:local f:playsim thingdef
701fc374f720d95ef9b1809092a81959712ab43f	f:acs f:codeptr f:local f:playsim f:things fn:A_SpawnItemEx fn:A_Teleport thingdef
cf43bd969d25abe594798085ffaa882b4d49331d	f:acs f:playsim
2e75825f125333a804ac15f4364cb3987d0ded3e	merge
9319854590f0a1fdeed4f146ac6ac404349acfed	f:codeptr thingdef
52bfc1eb41ddcdda94761cc4a2307872e4913821	merge
ce1037af9547a8511f7f59ffbbf74a2066cecde0	f:codeptr thingdef
8d7c93dc6b5b3aa380201564e72ab51b8682fd9c	merge
41b4df71c26bb9e0287519042685de15cc863bc3	f:codeptr thingdef
b4f05ee89bab28a12dc5377a6702c5a059e068e3	actors f:actor f:codeptr f:constants fn:A_RadiusGive thingdef
d8ea128f38bb0abd0e18216618a09e9454e33080	merge
7be6041f577acd608da61ec52819116e204a53cd	merge
e857d875cc44579f10b8db6a915c4c5569fef4a6	merge
a8fbdb425f109db06691e7622f1b3b5db5302b03	merge
f57e23989be272512a02ecfb1f027a5646184b42	f:xs
1bd23150aa4a50bde99298aa9669505ab1f974fc	f:floor f:playsim
99683f0e7d63700d7ee49c1a4140b4cca76a1d8d	f:keysections
add52d48cdd194c8b2d89fc486bd0eb13e8ee0d7	f:input f:system f:xinput win32
47303b26c76fda45aa5b64b6594fda6b0d2950d7	f:input f:system win32
02c3828e8d389950be13da6747b1183a1d1e5c89	merge
d90b40909bb4fa5fb45200a54a49d1b634dae94a	f:3dfloors f:playsim
c677dd37f5ee02d126244f1d15f5854b64edb885	f:main f:system win32
1e4bec25c530f197baa730046bb3e6a536bcaf4e	f:map f:playsim
19d15d7fc8c9b0aef52db971a24e421aebfd8e31	f:game f:level
b5033d29401d4f53d8ee5216d82ecec3c7b5d3a4	f:game f:mapinfo
585366f8720256019d8da801717e8e56f9de00d7	f:playsim f:tags
d58d38a1d31fb37691c6d32df728f1d6a51867ec	merge
abf11f1a124b4aeb21a389f30342dab5347ca859	f:interface gl system
fe2e293d026a2eafd9393ace445fdf1452cdbc44	f:animations textures
eeaea59828d4522b3e24272f5de0a0d1d2a34c12	f:playsim f:tags
d8bfaf188cb8eb119d54309090c6257155b962fb	merge
9e1a82a83046178bc0509e07caf9667b3ad6e057	f:oalsound sound
3adda344b6178f78e28df0eb35beb6601b08f7ce	cocoa f:sdlvideo f:system f:video posix sdl
9edf409ea21794195e223b6afbdf148c14395453	f:language
0fa0dc5f9e81c1b9acf3a720cc6921e958584410	f:console f:dispatch
08e9d7553891dfb6b001b2de8332cd6d13bb1691	f:playsim f:pspr
4208993f226aa33e1b0905721e0799d9a505dc13	f:playsim f:pspr
873ef3fea8e7b942e48ad19695ed6934605c3437	f:playsim f:pspr
bbc3173629c8b5eb5b79474377f9f79a72ebb26b	f:playsim f:pspr
f0b73b30c098c06c36d15602e647347a2457ddc7	merge
2a69ae2a434e00c2c5543ecd9b37dd3b5cb04aba	f:codeptr f:effect f:enemy f:local f:map f:playsim thingdef
8670b7ecf79a91cd4d64025bb11393b8b931afb1	f:map f:playsim
85449a6b8a330b48dfa088a93f4242987ade19fd	f:actors f:doomweaps g_doom
ffa77ff7a623aaacd0a65054a78f8a92bbc7b3a7	merge
76c401a41ec655e83f0b375b1c61787fa8b13446	f:compatibility
1482070207dcba155410d72fbe3294a0e93a5bc8	f:zcc-parse zscript
245a46735d52ca0dca332757045ca3ca7ace77ea	f:name
266af2e872f10d4de3898c8419e19493c37d27cd	merge
911b35370e28af78002cd28268a24e793895ede8	f:playsim f:switch
3b2126ba951be310d9cdef2a6053a5d2a314784b	f:playsim f:switch
d0df4c1744a8b30c147e82b82e1f5a5f27cefc2d	f:playsim f:portal f:setup f:swrender f:things
31cad858d930552f8b531d0c5d0dd9f7751993b8	build f:portal
5adc8cf167f7477a3ee84bd962eba479874d5ea1	merge
22005697931c89ea3406999e87c2430ec7227b9c	build
7ba577e1b0da94f204bea22ae2547df3cc1525b1	merge
4444d3c0c50c220978ec1c7a8d62eaa43a9d42ba	f:3dfloors f:actors f:automap f:decals f:enemy f:hereticweaps f:map f:mobj f:playsim f:setup f:sight f:trace g_heretic g_shared
3fea074d35d971cbfceef96c1b5dd57a468455fe	f:3dfloors f:playsim
2b59a35e84cecd5e0ebaf8330d16905195d5362e	merge
15b97c14093d80563f4773d17ea00e86b7b13ad0	f:segs f:swrender
a520d35d899d541a7a30966ce5e54f186c926890	merge
b3764f4ee298a0ac91eb91a52730fd88b02cd62b	f:bsp f:main f:swrender f:things
29880026a6dfdc06184d2c505fed36650bd24a6e	f:main f:plane f:segs f:swrender f:things
f07d43943a60b1fcf10d1af6c14d40be2ff63222	f:main f:swrender
b066b0891a4bf2ca91ed104f253d19d8eac05992	f:bsp f:swrender
78ea00be59a2d78bb66f5f1e4885f0aa9ad0a045	f:playsim f:setup
cd39c4b8a6b80e17a78e2e1699096fdb169e0a09	f:acs f:actionspecials f:bsp f:buildmap f:defs f:main f:plane f:playsim f:segs f:setup f:swrender f:things f:udmf f:zdoom
8fa9aa26275e71b32cd92065c7ba6d80c7fd1b17	f:segs f:swrender
221c2d2d822bc44d1ccafa9f53fca3225aacd860	f:3dfloors f:playsim f:spec f:user
8a428e69b6bcd4ec18832f4706866da224babf65	f:playsim f:spec
a87a86198c8736d6334bd236f0dc6e8e7e6784eb	f:map f:playsim
662345adb8f65506d341fc82f2c3c599ae9722b7	f:acs f:playsim
7497b329c296ee36e29c2315efef733e8ab3818f	tools zipdir
fbefe13bb242fb6c8527eb9b0a99dae0188c43b5	merge
ae3b52a68a6fbd92612545f3de5c61e60509c929	f:swrender f:swrenderer f:utility
c1bbd817629263e15b6ad0ce94f8e08258cb863f	merge
4c390d92a4008bd1a6607df9d00ca4ca8b8c8d6e	f:interaction f:playsim
22570e079e50eaf7c6e2c32f43dd4d8c3432bf8c	f:actor f:data f:interaction f:playsim thingdef
065b7f9ad27b66197bcd63111e9483593e67cd64	f:renderhacks f:wall gl scene
c1e3c16232392d5d825da9adc7b06902c9f18703	merge
65cc361e9b1dc720950bc5f2e87bb526674260f3	f:menudef f:menuinput f:optionmenuitems menu
7f68d8826854ee9978e584ae25ad7945468c9ff6	merge
4546df7dc32519520ff05d2be6b562b582a91658	f:actor f:codeptr f:mobj f:playsim thingdef
0b3a22d6d2e5b98394b94b6fdbb681b8ad6e8648	f:doom2 mapinfo
733873351a9dc3efe86765975c99748478f03497	merge
9f208409f2bb8a62a11ea0a1a515cbe433c7d17b	f:playsim f:spec
c9214c1ce98ac5082fc323658e35f265d503c95d	f:commands f:hexen f:sbarinfo g_shared sbarinfo
e46b25f6283a0da0fcfa02187f657bf4c89d8a93	f:commands f:sbarinfo g_shared
354ec022b313af7c6c5266e1d70eebabf7dcf4af	f:sdlvideo posix sdl
4d082d93cd561d588fa0e5376123c6e243e67842	f:sdlvideo posix sdl
4d496f8b04d76a0674e2fd599577e4c620129e2a	merge
1e3230486ec975dfcb823ba3b6c35cfa400dcdfd	f:playsim f:tags
9ed61b5cb6298f0e8875e7f67f0e9674986c750b	merge
92989a8c77354455d68b8b679bc1154d6182e9f0	build
f10416af8a3faf223a3c49f3a08145554cc5c87f	f:misc f:specialpaths
87ff82dba68ca91364a1b963efd5e66a466d2d9b	f:playsim f:tags
a59824cd8897dea5dd452c31be1328415478f990	build f:d3d9 f:fb f:hardware f:win32gliface gl models win32
b587c85a819c93ffc7caf89d9d63329af005c720	f:misc f:specialpaths
96fa3b124ee54cd0bb99fb958984a797012f985a	f:playsim f:tags
bfc10f4c5ed1f2924a1ac5151b8f74d96793c2e5	merge
535102ae6e376f89e1ee7df7508b05dabd7c35f6	f:playsim f:pspr
9b331b171360d2c077993d77da4b6faa272a816c	merge
8c5cc45dbe7317fdd23cf7e4f67f1c92cc851b34	merge
f8fd28118be94132799d7f140ed46b67f23154d4	merge
6f0caee4babaa517281cdb44b7d0c4b86b4bc917	f:playsim f:tags
9c43260ecb170e252433ae597fc60d658bea0409	merge
6639f871c6fcb0386c5791edcf73c1f927b1241b	f:codeptr fn:A_SetRipMax fn:A_SetRipMin thingdef
6996a15235a1eb2f167ca0bc2657731c58276004	f:codeptr thingdef
99fc685a0170de6d023089c41269eda7c33e57e7	f:states thingdef
48ae605b7d2202d64fa1aafe62f83ea65b35823c	merge
db8cd859a6e87f8798d623e1e3d7d87f206aa848	merge
16d87f4a8cd6ac71412c560a2152af6cc6916552	merge
353ace8be77d45b11708e054fb0edeb25c9ee4f0	f:game f:mapinfo
4217c2ccd68699fcdaad9dadc252becd1e672294	f:game f:mapinfo
c75a762e7eb7c905536a1ba4017504c1eff49698	merge
247fd5b00857c42c51a4b5f94ed30dfd36e67ed3	f:usdf f:zdoom specs
fd2bff45e6a630e39ebdddea021541e8a3836b21	merge
dc00d61f4d40adc91669e6e81e41502a908c77c2	actors f:codeptr f:constants thingdef
bb85625d52adfc1d523ed8efdfba5f067b62168f	merge
1b29c3b6cfb40cbdbe2e6fcc594c3b21dec5c4fd	merge
9b128638eaa4e34f76755366c747cb8d5bbbcd91	merge
1ecc048441681c52cd63baabf4335b51f65b2768	actors f:actor f:codeptr thingdef
492ef1b7168d2f6055dd29d7cf5f1f510ea44e1e	actors f:actor f:codeptr fn:A_JumpIfHigherOrLower thingdef
033712d044ca566c0814b20318cf163ced62e8b9	merge
a6dcd2044774430a0f3d93c4bfd648c04187fd05	merge
4316740ee917c930bff6a2364936c7ed272259a2	f:acs f:playsim
97e63b13199cedd82ee8c1afb9755b744c5432b3	f:acs f:playsim
24a096fb27eb0959366c605499c7819352cc501c	lemon tools
cda4fece1b41b0675feed62cb270640aa3933873	f:dehacked f:interaction f:main f:mobj f:playsim f:tflags
d96edb5c688bdd542cc6fbccf6ebd3ed4a405d49	merge
50a3f8a3d2eed2b463457f2cdceef866ed8e8d07	f:codeptr thingdef
5f1c4d157c399dbaa1a9c5d796b5ae5727543397	merge
84351419a3028e4bbf9f1caa17ea5a9bcebd78a8	merge
9880af1b0c66324dcc058e4c07115b12d099e3e9	f:actor
405fc31e817d4cbbdc60c0bdf73205c6c007559a	merge
691855e19b916d8cce92ce1880a28fa47785c25f	merge
c2e91293d2c4146b999e18f7d23d23147924e025	merge
21993b3481fb274cfb8220652b3399fe2438fb41	merge
7b6b473ec4f218a92868eeb8275c093dc5e2693e	f:ast f:autosegs f:codeptr f:dehacked f:dobjtype f:expr f:expression f:main f:netinfo f:tarray f:vm f:zcc thingdef zscript
1effaa4c8e11f8ad88ad54aab5bb01dc7fa318d2	merge
7d90c65427be37c94176c630f6200d81f7663ffa	f:playsim f:setup
4c17bd65a45c49675a5347e8f68b453090477756	f:expression f:vmbuilder thingdef zscript
3c1fa3bed961a39ce18f0e77349ae5e75a29edf0	f:fmodsound f:playsim f:tags sound
e42b688afa1937707c8620e652b67371c709c194	f:enemy f:main f:playsim
646c135eff02f601bedb229f2a1c500d030fd0a5	merge
a2100410f247192ca9828c7f1ef11a3adc1e4cea	f:glnodes f:playsim
f087903fca9b6fab526746bf535d3966e7bd806b	f:acs f:playsim f:properties thingdef
15fbf2510a1ebef0627990b19a1b9572c0b6c2f0	merge
ce4adc48a777eaae2a7652e3d65b1311fb185df6	merge
319671b54aca93575747c2da34f8cf608f2e1f04	f:cheat f:misc
407d38f3d6df2cbbf399ce305033766d099cf94a	f:dobject f:main
0f8972c96b1b5ae56415613f28f02b3f38290a1c	f:enemy f:playsim f:script fragglescript
92fe265abe943070679df453616f2730f51bf80f	f:acs f:playsim
afa022605a3698e099c7a7db2376f8a46fd26349	f:data f:dobjtype f:fs f:properties f:script fragglescript thingdef
91b05366d667cbbaa4e082da972e9e7e1715298e	f:dobjtype f:main f:script fragglescript
b51fac344d5b75018c584c692d4444c11ba831fc	f:acs f:actor f:actors f:cheat f:codeptr f:conversation f:interaction f:misc f:mobj f:morph f:pickups f:playsim g_shared thingdef
450e5aec52e8885dec0b6b89ae630826ec8e27db	f:main f:system win32
2d0f6339f7f7dde2d74dc9dee0085a500774b02d	f:dobjtype f:main f:rawps2 f:states f:system f:xinput thingdef win32
137e624b55df76b07e28af8ce8ea251575a8f585	build
2e0f999fea2fdbdb71fc5463345698557ec194e4	merge
844799088925b86001fe2661afed248fe2dfc1ca	merge
f7834061dfc3f0228e60a988f3d152f220d0dd4f	merge
ddced06be209efb67bf96ef6a5a942a0b1140fc5	merge
0474560ac6dee282b1cb50cfdbf3e9d586f43738	merge
065c0a79cdb052c3ad4132d0ebc4c84cb380b892	merge
2604905b0c55ba5b2fdc9f4fc11a5c643a734540	f:cmds f:console
792cad89b31dd12b624c0b367dd76b99ddf3c379	merge
6ebdf7396cb1e09213789b425a95f81be18e257b	merge
a13ada3b2d6460c418b3480a729a5857c533e482	f:exp f:expression thingdef
e9cbb0b2235bdd95db01a52f2f8f01725e29f4cb	merge
d6e3fc0567ace7f5d5754d0f43f1ef09685121de	merge
7898e189dffe2a46d834c07ea161e6327389869e	build
56989d3422368669f0541bda7d340142357530b3	merge
f273b6c46d9d663584a51561bc4f12ca2bc7b83e	f:interface gl system
a93c30238b0f87f8bfbec9c2d6fa3bf5a193a45b	merge
c6fe0835d3fdba2509403c82d9c21dfa78a4c5cd	f:map f:playsim
9ba5e30bed6d42c958fdf4b8a9e4cb46eb0545b8	f:gameconfigfile f:main f:misc
b4cdcef159323bbbdbb50ca99cd87fe932dd6557	merge
98029a12ecb02728cbc082aceb480e0f742dab0a	merge
ae16e5d195ab16ca03404a60b65815d8a1df9855	f:common mapinfo
f3105797f4f3b926f48d81ff6a03c436153354f2	merge
346fcf584cd338b7d1642dfcb23dd19a8a785e1c	f:music f:oalsound f:opldumper oplsynth sound
6b1e7522e6c5177cc4f7ebf509766217009c5a8b	f:common mapinfo
47e7a30cab2a48825c5c908e90891f16f2ac322c	f:decoder f:except f:mpg123 f:sndfile sound
0132c639b106574efcd01bd073e1bf83d429cd82	f:win32gliface win32
d46ba7bfb72562604bba4e4a2573362c8183ee1c	actors chex f:chex f:chexweapons f:minza0 mapinfo sprites
8b3045e255d91b94eb62fa9282e27b891e3be1bb	build
3ddc3d8febfa631b031dbd7073a29bfde55967e4	merge
aedd8f89cb94b37d58c5b65967b62229ac93a3ef	merge
020808ff40801bca57db005bc7fb804285fa8217	f:pista0 sprites
68e43fe65d326f3f6a925bb8e9bc16e98dcd7c4a	f:system win32
0380ba642b8e9bd66214154cfbc3f30ee6d8dbf3	f:system f:zdoom sound
13fb76db21144e1f89245b075ef4fec13a1bfd09	f:sound f:wad
4294b94728bee8e70d0b493fe1e15f7e27fc56ae	f:sound
43053b89a5cc3cd4ce717a129005c29433e0db61	f:actors f:morph g_shared
aecff68a4d78154ac5f9a48b12fed79716f204f0	f:fmodsound f:menudef f:oalsound f:system menu sound
8e70a9b894cf4696c9b20c695a1863536987e7b4	f:fmodsound sound
a23afbd7ce1cc7136459b28f9d1f0141a31a0afb	merge
46e975418d9776de580b9e404fe2a100b464d6ae	f:mobj f:playsim
364e8811134ca096f3a0d35c3ce4ade695ae9b73	f:gzdoom
ab1d90038cc7bb70b2ce16fde082a4e4b620117a	merge
6bb79be85c940793d50e5c25fabba73e6d309094	f:cd f:decoder f:dumb f:fmodsound f:gme f:hmi f:mus f:music f:musicinterns f:oalsound f:pseudo f:smf f:sndfile f:sound f:soundinternal f:stream f:system f:xmi sound
b9fdc21547e6acb6728abdc5a37ba3502fc008fc	merge
d880783784391346de9a96df831d11bc76216093	build f:decoder f:except f:fmodsound f:mpg123 f:oalsound f:sndfile f:system sound
12118550d29a54e9e43c45a036cb9049e0fd5c93	f:oalsound sound
dccd35ef294c1b67f5d0e38d4eaa31ffe2ef7cfa	f:main f:oalsound f:sound f:system sound
54c2a14145f3255d2c68f0805b43daac790e4f7b	merge
682f3e230a382f72342e43ee8f0c603f211c3314	f:system win32
0fd93cc033d9a40f1b7e9e73fb532897cc710a10	f:acs f:playsim
75471df7877f23fe39a1e1784186388c6622bf00	f:misc f:specialpaths f:system f:win32video win32
0da6939e848eb44cc5934a4e8a441c7a59b89ffe	build
c91745c71451150634ecd64a890ecb7635a5a56f	build f:decoder f:musicinterns f:sndfile f:system sound
baa775b31c59cdc8a3216a0e366706febc3032ec	f:lightdata gl renderer
1f2a431d159ed08d6acf2ee398449ea7e37152cc	merge
920a4fbf4595ab4f677c19aeb90464b8bdf118ce	f:playsim f:tags
45b006252a145b823505b14089b9403aa822a47f	merge
6a6836b1e7a4e558313ffd630b839ddaf890bb46	actors f:actor f:codeptr f:effect f:inventory f:local f:map f:playsim shared thingdef
a54404074a290db80cb6789f273cf8715eef94ac	f:playsim f:things
8d501fdb9f1003ba839f697ec4c27dc9d5dc8f4c	f:acs f:cmd f:game f:level f:playsim fragglescript
ca16d99445f881ba3b2dac1a37f2fa720a07cde2	f:optionmenu menu
0cbb3132e6612486d583c5ec08c6c6aaa8b95a01	f:net f:system
d6b8603cb6a762889a3586619e4a7ef7bea4fe14	f:actors f:pickups g_shared
03c3621bb4d06547317985ea892c5ab6099f685c	f:draw f:video
a7ff9478a7d45a0734c91f2980223ebba2524ce7	f:fmodsound f:sound sound
7ee185340341eecf1d621b01176531cd011f7bb7	f:fmodsound f:menudef sound
dba76c1aea8fe8e9699d81eee67eeb95d383fa5d	f:fmodsound sound
f7bd3acec4bde2223771f60ef7b07a48ee9264b7	f:man f:playsim f:sc f:udmf
3061bcf60403cd5ce598fca8194394f24e987c95	f:zdoom
3300817d65cb57b2428bc962deda305ae45c1d95	f:doomedmap f:game
cad282142d60dcb1ed53c9545ad4616a4e92542b	f:playsim f:setup f:tags
db61c1cb57581876d31bc9dcf01c882767480237	f:3dfloors f:3dmidtex f:codeptr f:defs f:func f:lnspec f:playsim f:saveg f:sectors f:setup f:spec f:swrender f:tags f:udmf f:xlat f:zdoom fragglescript specs thingdef
b921157f57783003a82842d689c099029320bcc1	f:acs f:actors f:compatibility f:defs f:func f:lights f:linkedsectors f:lnspec f:mobj f:namedef f:playsim f:saveg f:sectors f:setup f:spec f:strifestuff f:swrender f:tags f:teleport f:udmf f:version f:writemap f:xlat fragglescript g_strife
6326cd74b444ec668f6db4ab72b841b78ebada8a	build f:playsim f:spec f:tags
2719ce86dc07c9f7b1ad6d61a9a49c974896abf2	merge
f65a07c952d6ed3da49abb06ca8cd7375bd467e7	f:defs f:playsim f:sectors f:swrender f:udmf f:xlat
b3c7b9679a8bf1eadba047ac15e59916b4edd674	f:music f:muslib f:opldumper oplsynth
887014c32268966557b00f012e92e6744e108409	merge
f983f778f27ca17b1a45f62d367c174ab0c0b5c5	f:d3d9 f:ddraw f:fb f:win32iface f:win32video win32
550d1e342161e3480deccdef1f05af0927a2ee12	merge
f57e08102cc32c510aad3cd3a8d22568436ed5aa	merge
6e28963141cf02da2ca108b0104b65fc90b649ff	f:glnodes f:playsim
1fa1e26cf9c91f6eb41f967e76799323541080ff	f:input f:sdlvideo f:system posix sdl
9b6756114b89c37d607705713bd7705cf08c8a20	f:d3d9 f:ddraw f:fb f:input f:system f:video f:win32iface win32
df6ffe64180e85d5ca1faf73ae2290a0b1da737b	data f:3dfloors f:playsim gl
a602e47261d7f814d34f4b6daeb299922a63711c	f:3dfloors f:playsim
4432ce5686a614e6ddeaaad5ff03d149d6299a0b	merge
d166211ce073cbbcfc96de87edfdc7d24daccefc	f:3dfloors f:playsim
45f893f8fc38a5b62544f99bfb911ec36542c14e	merge
e30958f44315c15f7c69122c85629a3b09985fe1	f:3dfloors f:playsim
3cb4eb44a854a90cf621274a80fe1faf2de93b22	f:actors f:artifacts g_shared
203f88ce6efb0811c06ce2b88085f876102ba42d	f:codeptr f:func f:playsim f:setup f:udmf f:xlat fragglescript thingdef
5d819036b3d3910b378ada0f6ccd29c68b543a88	merge
418e6a16b85fb84833a65c80d89110e9c3406577	f:playsim f:udmf
902593198b3b8f7cb5314375707085d483b9e85b	f:3dfloors f:3dmidtex f:defs f:func f:lnspec f:playsim f:sectors f:setup f:spec f:swrender f:udmf f:xlat fragglescript
006868c072f6bbaf995078ec4c8718aab396afd6	f:gameconfigfile f:playsim f:user f:wad
47543bb7669b6791a98b6f195fd98afa1d539829	f:3dmidtex f:acs f:func f:linkedsectors f:lnspec f:pillar f:playsim f:slopes f:spec f:teleport fragglescript
425e5b9ffcba30d8bf212a7a76759bab2dc0e73b	f:3dfloors f:3dmidtex f:acs f:actors f:ceiling f:doors f:floor f:func f:lights f:linkedsectors f:lnspec f:pillar f:plats f:playsim f:script f:skies f:slopes f:spec f:teleport fragglescript g_shared
7b4f950330855acb72f920fb293baaee975e124a	merge
2faf836aa143afa2fd378a8fc90effb029d3ce23	f:actors f:compatibility f:defs f:func f:mobj f:playsim f:sectors f:setup f:strifestuff f:swrender f:udmf f:writemap f:xlat fragglescript g_strife
238046655c13329a150d65e27d344bf93f38792c	f:acs f:actors f:compatibility f:defs f:floor f:func f:lights f:linkedsectors f:lnspec f:mobj f:playsim f:sectors f:setup f:strifestuff f:swrender f:teleport f:udmf f:writemap f:xlat fragglescript g_strife
ccb49a4242f9b06d3c01daba86ed3893f4ce1f26	f:conversationids filter mapinfo strifeteaser1
d7092f40a37fea1f536e4c5a2ba4336b728ee7fb	merge
6fc63daabd41a4dffbd63045ee72f1f3eb07bf82	f:file f:zip resourcefiles
7217c69be433dcb47963ced1d4963d679caf8395	f:animations textures
052dda0fdd96edb7da138558465203a72ace846c	gl models renderer
feeebf52659f7aa43e20bf52e3ecd95c2b9dd920	f:drawinfo f:portal gl models scene
810a1dc28d8dfdf5ab141bb6492d775324ea2bbf	build
e40f3c73501ce2395ff3de6fe2e19d1f11027ccf	merge
a6287a47068689f0732c5658d566e5940d3ab4e9	build
7af458223e7bd698e71f6d627f8df6ac0f2d5093	merge
9f2b3efd13c513d06ad7a647766d6618d64deb82	f:playsim f:terrain
0a1d1db0ba4e4f23c655b9b1a84da56324683495	f:cd f:midi f:music f:system f:win32video sound win32
a81dd798a82acc12ec1c561964b46ec30672e29d	f:directory f:file resourcefiles
1e8f3622170ebacac0b35d295e26f29652051dff	merge
0c5d55d0a3f35889d9f51fc3dd8317eea7cbd5d4	f:cd f:crash f:game f:main f:midi f:music f:sbar f:shared f:system f:win32video g_shared posix sound win32
9b95c134a766995dbb90a38fcad618384c3170df	f:directory f:file resourcefiles
fe769bbdc52f5ac14a12c20c288ab6965a0a31ed	merge
6428b399d6a931471f3d7bf1620599cb0e4193d1	f:cmds f:console f:dispatch f:main
1799ae91c92f24b03036c29ee7570f4679902a5f	actors f:actor f:codeptr f:mobj f:playsim f:things fn:A_Teleport thingdef
e4cadc90a5aa9eff55fe4bc4a3b5a0d1d046fb3c	f:main
c5a4221b587bf7d5a9f7cfc42c1a6ead720c2722	f:doomedmap f:game f:info f:mobj f:playsim
268e7df992f8cb15029e21bfa67094b550e08de2	f:iwad f:iwadinfo f:main f:mindefaults mapinfo
131b6ad12cdf5bfffb328f50c3c4424d754b988f	merge
dd91141b357d10adc35e9a1959c15ee1dc197d67	f:gameconfigfile
1d0706cb61fcb9b968495fa4cc029855c8f4afdc	merge
6f5dbdefb05587dbe07e9b044f5af9b5ec93d221	f:mobj f:playsim
e75bdf86dbc419434f9cf833245a75a06a4ec831	f:gameconfigfile
cf7c04b6053800e86f187f72367269c9fec34625	f:iwadinfo
c584e9ec9525799af10cd81fbb35e03f565f290b	f:configfile
2cc6e74b31b503232bc95b427e9454e05c7dcb4c	f:iwadinfo
4971e7def1462461579ae30750c679365536e564	f:resourcefile resourcefiles
7d2ab461d9820c5f42d1d9ddaad564bcab1789c6	f:gameconfigfile
a013703e1ce8a41dafb148c02b2ee3d3b20673b2	f:main
dfda74ffe3496997caef6732fd302bb52eb683ac	f:gameconfigfile f:iwad f:main f:misc
258822ef3bab753113eec96c6196f0fd2dc69a7b	f:doomstat f:gameconfigfile f:iwad f:main f:resourcefile resourcefiles
3241b1d3db2d9ce75f303bbf15af3eb3cb79b12b	f:iwadinfo
3114a26bc8aa7984b92db3da9ac311cd8e7b0567	f:configfile f:gameconfigfile f:version
cac634567bb368d3b19e797175443574ece1dbb4	f:configfile
b300cfaf62e60aef1b48548c406f46bbb4edaecd	f:configfile f:gameconfigfile
c36222d2ef6c61e5d1693130d6311ff90df41ac6	f:bind f:console f:defbinds f:gameconfigfile f:main filter game-heretic game-hexen game-strife
62d036a63e12cdafb74ff617a5bd58444892284e	acs doom f:loadacs f:resourcefile f:sndinfo f:strfhelp filter game-doomchex game-heretic game-hexen game-strife heretic hexen resourcefiles strife
a91997d12c41805421dd446fdd6a045b898857d9	f:main
b45c88fc4f9af2808d0df5b9e7c2a53b3e723eda	f:main f:shaderdefs glsl shaders
cf7cb4f00f5bcfabfd229ff5650572269889e18f	f:drawinfo gl scene
45526c276953355074f845f4531a741ddc542e5e	f:renderstate f:shader gl renderer shaders
0ae74b844d4ab166ff1a32fe706dcc4da9771da5	merge
7b8931292318c145ce34ec53d4ee8f6a3291274e	f:system posix
ebd8f2410347477e774515a53ca402c64e765daa	cocoa f:common f:system posix
82f7b439c889500ad2e8bececb8cebe595886381	f:system posix
8762ab48d381c904cb1c990abb92e185bfb107d3	merge
89054f5d60908440b9e5592cf00dbb2ef9304a34	acs f:acs f:loadacs f:playsim f:strfhelp filter strife
e451faa1ccaa66feb05c2425cc3c5b2a12ca9d3d	f:zstring
6da887c34fcbc55cfd0115cfe3ebcc3001bf0c4a	f:resourcefile resourcefiles
4315423200af3ba414b9057e1755048af6a85a14	f:resourcefile f:wad resourcefiles
2103fe2a14aed2a1fd61cc3fd936f19229e7652b	f:resourcefile resourcefiles
bbbbb7ac9d513c11c44ca5aa78303fa8bd1cfdd7	f:buildmap f:doomdata f:playsim
1fddd1859e6b6aca3e7e8cb603f798a8329385f1	f:resourcefile resourcefiles
25e19ab47143e4eb5057ba8053a0f4172293970b	merge
b6a4511dd1e74440fad99bc673c1f2b3680dba48	actors f:acolyte f:alienspectres f:beggars f:coin f:common f:conversation f:conversationids f:crusader f:dobjtype f:doomtype f:entityboss f:game f:info f:inquisitor f:level f:local f:loremaster f:macil f:mapinfo f:merchants f:oracle f:peasants f:playsim f:programmer f:properties f:questitems f:ratbuddy f:reaver f:rebels f:sentinel f:sigil f:spectral f:stalker f:strifeammo f:strifearmor f:strifebishop f:strifehumanoid f:strifeitems f:strifekeys f:strifestuff f:strifeweapons f:templar f:things f:thingstoblowup f:zombie filter mapinfo strife strifeteaser1 strifeteaser2 thingdef
60a0966f0fab795905a37051e12968737058bd89	merge
6e45c565a0bc8d05279b0b2458a3fb718ae0924c	f:resourcefile resourcefiles
a5c75c1b1a089d0c875588eb41c84e701abda867	f:iwadinfo
ca012bc9be9a2165b4dcf86588d0767da4ba5ea8	f:acs f:actor f:actors f:bot f:buildmap f:codeptr f:data f:dehacked f:enemy f:func f:main f:map f:mobj f:morph f:movingcamera f:playsim f:properties f:sharedglobal f:swrender f:things fn:A_SetRoll fragglescript g_shared thingdef
830a7ee003069cc998277edb2c5e93a31f74829f	f:farchive f:tflags
bead3e046bd5c440254143a74a96c290a8e41299	f:material f:texture f:weapon gl scene textures
193b491b63c5b2f1c6fcca100f747b8fd936be7e	cocoa f:system f:video f:zdoom-info osx posix
85ef1a11e924acc475241208775417b090c6e252	merge
87229f47878bfc84d9543b80992f221f1fb01f4e	merge
bd96adafda8499d6231c222ed338def7ebde5d66	f:doomdata
91eafed5d374689537f98a16b2671af1f6d463b7	f:material gl textures
67334bfa2bc26c641e1a9705db901af1b4889743	f:material f:weapon gl scene textures
8b92c45f8478fa61b06fdf733f72beabdf8f26b4	f:resourcefile resourcefiles
b0c0012d60b584d944528629a96f7c5384676539	f:common f:decorate mapinfo
39b5bcc4f0952d7eb709d2b75b8240acfe083c14	merge
a65c9bec40b27d9493fe116c53c63532362cd869	f:menudef
5f2f11a43b157191c45e4618e2bc370c76f7437e	merge
747e160c96e2fbb76a33133aa3645f6060ba09d0	merge
338a220df84b8f4391197e87c47422a7475e47a3	f:common mapinfo
51591d10b0240ec39013677b866b66e326bff27b	f:buildmap f:common f:doomdata f:doomedmap f:game f:info f:man f:mobj f:playsim f:polyobj f:setup f:slopes f:udmf mapinfo
a5e67f7332c7838dbe375ab04daaf8ceb020f2f3	doom f:sndinfo filter heretic hexen strife
7b4d6e2f8768a5a8c467d4cf22ed6b5cd11bde0f	f:doomstat f:main f:resourcefile f:wad resourcefiles
fc6f983c136ec01aa4759bd9eb896c310222d74f	f:directory f:file resourcefiles
efa82cf38bf92672b32854c18b7d3186a7daf4a1	f:7z f:directory f:file f:iwad f:main f:resourcefile f:zip resourcefiles
966d0b70344f3b3356772a3ef421f68af4310449	f:7z f:directory f:file f:iwad f:main f:resourcefile f:wad f:zip resourcefiles
a08e439551a0e2cd48fdbbe9ae53b4f67ec50606	f:zdoom
2ec8e2c2ac61d30f7f1d666ec58ca0fd37e2e3b0	actors chex doom f:acolyte f:alienspectres f:arachnotron f:archvile f:artiegg f:artitele f:bats f:beast f:beggars f:bishop f:blastradius f:blood f:boostarmor f:bossbrain f:bridge f:bruiser f:cacodemon f:centaur f:chexammo f:chexdecorations f:chexitems f:chexkeys f:chexmonsters f:chexweapons f:chicken f:clericboss f:clericflame f:clericholy f:clericmace f:clericstaff f:clink f:coin f:common f:crusader f:cyberdemon f:deadthings f:debris f:demon f:demons f:doomammo f:doomarmor f:doomartifacts f:doomcommon f:doomdecorations f:doomhealth f:doomimp f:doomkeys f:doommisc f:doomweapons f:dragon f:dsparil f:entityboss f:ettin f:fatso f:fighteraxe f:fighterboss f:fighterfist f:fighterhammer f:fighterplayer f:fighterquietus f:firedemon f:flame f:flechette f:flies f:fog f:game f:healingradius f:heresiarch f:heretic f:hereticammo f:hereticarmor f:hereticartifacts f:hereticdecorations f:hereticimp f:heretickeys f:hereticmisc f:hereticweaps f:hexen f:hexenarmor f:hexendecorations f:hexenkeys f:hexenspecialdecs f:iceguy f:info f:inquisitor f:ironlich f:keen f:knight f:korax f:level f:local f:loremaster f:lostsoul f:macil f:mageboss f:magecone f:magelightning f:magestaff f:magewand f:main f:mana f:mapinfo f:merchants f:minotaur f:mummy f:oracle f:painelemental f:peasants f:playsim f:possessed f:programmer f:properties f:puzzleitems f:ratbuddy f:ravenambient f:ravenartifacts f:ravenhealth f:reaver f:rebels f:revenant f:scriptedmarine f:scriptprojectiles f:sentinel f:serpent f:sharedmisc f:sigil f:snake f:soundsequence f:speedboots f:spidermaster f:spike f:stalker f:stealthmonsters f:strife f:strifeammo f:strifearmor f:strifebishop f:strifeitems f:strifekeys f:strifestuff f:strifeweapons f:summon f:teleportother f:templar f:things f:thingstoblowup f:wizard f:wraith f:zombie heretic hexen mapinfo raven shared strife thingdef
4f7ec3ad891d556c0d3f680e209a120ed38e9cdb	f:buildmap f:doomedmap f:game f:gi f:playsim
9e5bf3812374104521f10336214700eae4024e01	f:common f:doomcommon f:doomdata f:doomedmap f:doomitems f:game f:heretic f:hexen f:info f:local f:man f:mobj f:playsim f:polyobj f:setup f:strife mapinfo
087d564343d07c6f1062964b57bfb7ebb02fec18	actors f:actors f:artifacts f:constants f:morph f:parse g_shared thingdef
15dbbc9137dc10018ebac48b2f5e407e2665ad2f	f:doomedmap f:game f:info f:level f:main f:mapinfo f:mobj f:playsim
463d495b80f88ad3e34b0781dc23c6ec59f6456c	f:strife mapinfo
8b06b240357fe6c69f0e9ef8251eb9cfaa9ec149	actors chex doom f:acolyte f:alienspectres f:arachnotron f:archvile f:artiegg f:artitele f:bats f:beast f:beggars f:bishop f:blastradius f:boostarmor f:bossbrain f:bridge f:bruiser f:cacodemon f:camera f:centaur f:chexammo f:chexdecorations f:chexitems f:chexkeys f:chexmonsters f:chexweapons f:clericboss f:clericflame f:clericholy f:clericstaff f:clink f:coin f:crusader f:cyberdemon f:deadthings f:decal f:demon f:demons f:dog f:doomammo f:doomarmor f:doomartifacts f:doomdecorations f:doomhealth f:doomimp f:doomkeys f:doommisc f:doomweapons f:dragon f:dsparil f:entityboss f:ettin f:fatso f:fighteraxe f:fighterboss f:fighterhammer f:fighterquietus f:firedemon f:flame f:flechette f:flies f:fog f:fountain f:hatetarget f:healingradius f:heresiarch f:hereticammo f:hereticarmor f:hereticartifacts f:hereticdecorations f:hereticimp f:heretickeys f:hereticmisc f:hereticweaps f:hexenarmor f:hexendecorations f:hexenkeys f:hexenspecialdecs f:iceguy f:inquisitor f:ironlich f:keen f:knight f:korax f:loremaster f:lostsoul f:macil f:mageboss f:magecone f:magelightning f:magestaff f:mana f:mapmarker f:merchants f:minotaur f:movingcamera f:mummy f:oracle f:painelemental f:peasants f:possessed f:programmer f:puzzleitems f:ratbuddy f:ravenambient f:ravenartifacts f:ravenhealth f:reaver f:rebels f:revenant f:scriptedmarine f:secrettrigger f:sectoraction f:sentinel f:serpent f:setcolor f:sharedmisc f:sigil f:skies f:snake f:soundenvironment f:soundsequence f:spark f:speedboots f:spidermaster f:spike f:stalker f:stealthmonsters f:strifeammo f:strifearmor f:strifebishop f:strifeitems f:strifekeys f:strifestuff f:strifeweapons f:summon f:teleport f:teleportother f:templar f:thingstoblowup f:waterzone f:wizard f:wraith f:zombie heretic hexen raven shared strife
9617b4afa8207285c59bcb83bab63352b0987c68	f:hexen mapinfo
937d793353f020e5692c7aa46d2fd278f29bc64f	f:hexen mapinfo
bd77f83bab48e6f241a79b14a62dbf139b0ccc38	f:chex f:common f:doomcommon f:doomitems f:heretic f:hexen f:strife mapinfo
ccd9fb9c2325ead68f977a97d21a4832e437b266	build f:doomedmap f:game f:info
f0886ce1f182418febc182caafa18b82d10c19f4	merge
6c603b3c78ace96e396fb4b1834119b3815d7031	merge
4c06e7153608e4c04ceebcac997ac37ed67c6795	merge
27c1434585f62811b8024a1a58616791d31cc7ef	f:interaction f:playsim
ef562c0341ce57202d500c315a8fe17c49404620	f:AFLYA0 f:AFLYB0 f:AFLYC0 f:AFLYD0 sprites
d37f9cbcaeadf97f87371be985e2562c490b90b4	actors build f:actor f:actors f:decorate f:flies f:hexenmisc f:mobj f:playsim f:zdoom fn:A_FlyBuzz fn:A_FlySearch g_hexen hexen
7c7c3fb54ec941a99ff15592031b15f7df11365b	f:cmds f:console f:main f:system win32
a88f515364c1cfa67b67833181bdee040d252559	f:iwad f:main f:misc f:specialpaths f:system f:version posix sdl
e07f64a23ac240366dcbb5947e7e381150ec222d	f:crashcatcher posix sdl
6c07d765db6c0e03a07febe80580d38c5a4c86aa	f:cmdlib
0a16855232f8a35748052c7ba70c46baf3af48a9	f:interaction f:map f:playsim
e70aae91e3dced125206c4b3bbcb7d0bfe6f9743	f:interaction f:playsim
48e21f6759b4dfb5bb17a29dd1088c0fc13e6d02	f:framebuffer gl system
bf490d8dcdda216fc00824a4ba20b9a3be04ec5b	merge
1e9a6e667e4b6e620b7f3a8a1e20638f20ec7d8f	f:framebuffer f:skyboxtexture f:texture gl system textures
60d9f3808499bcae10f0287228b8353b8be4f139	merge
74f4ae86d804b6fdada69133a759850ea41b0e67	f:video
ad9e4413fa3a4b9458d39bf9183db2de0d26a05f	f:swrender f:swrenderer f:texturemanager f:video textures
34aeb428a1cd8be2558b532fc85136928e7bac20	f:interaction f:map f:playsim
d940c6a2eecb2b4897433791d897a8712cfe8e3b	f:interaction f:mobj f:playsim
d481ba7b5a6ec90234b8ea6ca7fef0e8d6e447d1	actors f:actor
6eb4e2a22498bd300a97d276f139a29a25a50d76	merge
5febac09944fc74c5ce8a72653547aa7835bd6b1	f:func fragglescript
4d59190446c60aed6ed37394d9b06d0a3ac86a47	actors f:actor f:codeptr thingdef
5f56fb5a16156a0e227ae9263eedba67141d0a51	f:acs f:playsim f:properties thingdef
3849cb86231ce24131a86e9c29795a8cf3706a3d	f:game f:level f:mapinfo f:texturemanager textures
267054071fa28e8a82473bafc9f6c32148ad9391	f:mobj f:playsim
25e5ac7e2aeef6bc55cceeea92c5ba5f680ecfcf	f:enemy f:playsim
15e0f19fdb489260409797bd2d2e095efe5e5d19	f:interaction f:playsim
94a04f36e5a82fe829541ec80034a43fb7f5780e	f:interaction f:playsim
164d523ecae776ab272347f80829f9eb6f2e36c0	f:codeptr thingdef
eb78c241406a7f84fc11ee799133a5a8c8a0a589	f:interaction f:playsim
9d5e6d32c7d07f09286703d8d4c8b47ef0530e1d	f:interaction f:playsim
ac7abca6f8ddd614d1363af3341e9b23194372f2	f:interaction f:playsim
c78b9235a87335d59f58094e124056e67d0a815a	f:interaction f:playsim
375c0ac736e3e64b05891685502bfba12b637ae5	f:map f:playsim
19cea0f626ddc40b2ecebbbb7bfca6a5e2a39748	f:codeptr thingdef
602f541e31551ba29c060f7e1dfab9b71c42cf10	f:codeptr thingdef
c78fdae31d4f80e2733286090eae79daa5138951	f:actors f:doomweaps g_doom
66c3c93529bd9ba0290cb984bc29998a005755c9	f:interaction f:playsim
5d27bf77426c9a0658e9da6e61019861bc22a0c7	f:system f:zdoom f:zdoom.exe win32
3463b878763c7fd036f263a0d9501773c2f8cc0a	f:advsound f:game f:level f:main f:mobj f:player f:playsim f:sound f:user f:version
9cd6aae902ae9c571dd871c3d2907553bf58ae12	f:compatibility
ee9f64427c608ed3283caea97b46b6f2a83e6c61	f:compatibility
93c7f4b4b5cfa8baf1a8699b5201b41e045861f7	f:swrender f:things
32a55c9229d4604f4f931bfae73dde8ab36f7c65	f:enemy f:playsim
29c5071672bb9e66bea69e1e338cc43a9fc477d4	merge
2c978bc6f72d738d6e06988c09af0e19e82963ee	f:main
d206e423b67e008abc0db814bd2c22a2cbae69c4	merge
3d2eaf81db1f5b9c3326f1d0d86f7ff06fa33143	merge
98b2475fb87c6029ea5fd65ff17969694db0ee3a	f:sound
66b090cd44df7626a71de4d5bcc15c8645e5eb8e	f:cmds f:console
21314fe8671e646e302ede770a9dd425865572b7	merge
d1a972ff3d25d54fd9432d362d5e8cf1f96e3f53	f:animations textures
9eda15c280994411982bc2a370ba9316efa7db55	f:animations textures
d45d45583bcda1469ac7af07f68060a9a5cb161a	f:interaction f:playsim
f161c0c501622af829dbd505d5927b3370468f3d	f:interaction f:map f:playsim
890fb39d25023aca7651c15f6ea46121ff842940	build
c249157876075b1076d27461f9a5a56189150bb2	merge
7b6d245444d13b99b277373c5d61b69184768a0e	f:actors f:clericstaff g_hexen
e29b8b2094c0aab57a63801bf2bb55a4e8205f4a	f:acs f:playsim
b958e930cf69c7db47e257a66987a8b1d6899f16	build
44f9f2bbd626c3dea4a51b2fb04ba497e678d0ee	f:bind f:console
86e1d3ed9aee3849fc464802605c06144830c042	f:gameconfigfile
7dbabb5ee79afbf91ea4117d35d3b7d7acab6945	f:animations textures
ffbcda206cda9c5d4c0b35b3e779558868be03b9	f:animations textures
bf6cdba0bbdfa2ee7874dbebe2e4974b8205596e	f:doomstat f:main f:wad
7701d54b1fe378f09c16353b9d73a7a93deff6a6	dynlights f:dynlight gl
fad3a54100fb216f512b4aeef06468afedd91f14	f:skydome gl scene
97947f9e109798e054940b6fc2c4cbf292c7321e	merge
502120e78fc286fea41b5047375b627adaedc3cb	merge
16ad440adb837a18bf50aeddf2c6d71bab7df613	f:codeptr thingdef
8cb269388e331d35e36194b580bb1d4014d9f81e	actors f:__autostart f:actor f:autosegs f:data f:dobjtype f:expression f:namedef f:parse f:zzautozend thingdef
1e7cce5a2c0923ea78879f82ae6d7ac665d233ff	f:dobjtype
cf579e4c770cf7974d732ed9b850a2e06a00e2ad	f:map f:playsim
64d663397bc8345648d5772f3234d37070997f75	cocoa f:system f:video posix
6012950230e614c8090837d60b920491af94924a	merge
da26e1095118631ba7cefa21101a123ff5258647	f:bbox f:misc
5d2cbf4ecb1752f0cf10b39bee21c1921a3682f1	f:vm f:vmdisasm f:vmops zscript
433744d0fd0e7a60c0e42c2aa58de687c734c8c4	f:hud f:shared g_shared
9a09fbd7edd92edb0e2e30f945fe308ea8e11acb	f:actors f:doomweaps f:map f:playsim g_doom
b6ca1947ff3485c6bdba5dd8656bf40c79769107	f:acs f:playsim
bc206f21af342073fdb750ef57d45f77afdc40d5	f:codeptr thingdef
4f04fb4fbd65e8d6ed79211fe1a09ccb61ed1127	f:d3d9 f:ddraw f:fb f:input f:main f:movie f:start f:statusbar f:system win32
8398a6ee75fda895106ee7044ebb877c607eac45	f:Spc_Cpu game-music-emu gme
e073786abec950cd30ec95defff59ca372db886a	dumb dumb_static f:itrender f:mulsc f:resample f:static helpers include internal it src vc6
1706ff5ccb7478084ebe745439887419742a71db	build dumb dumb_static f:filter f:itrender f:static it src vc6
0b7e037e03388bd928b5f120b567e2d1b6109e04	dumb f:resample helpers src
39d3485abc3fa6437e6bbd5266e78445919c1a94	f:compatibility
e259087c19b2719c9a3ce706a799ecb88f4d54cf	f:ddstexture f:draw f:drawt f:finale f:jpegtexture f:multipatchtexture f:pcxtexture f:pngtexture f:swrender f:tgatexture f:things f:video f:wipe textures
308a036955bc5e9126916377dca6d020857ba6d0	f:file f:wad resourcefiles
e20164ba46c9b9b62a0e8d500bceefc410cf9ab2	f:Dual_Resampler f:Hes_Cpu f:Spc_Cpu game-music-emu gme
d84c85d40f58b13da2c0e16c0b9ee2b653dc751b	C f:LzmaEnc f:actor f:actors f:bot f:colormaps f:dragon f:enemy f:func f:game f:heresiarch f:hexenspecialdecs f:main f:mobj f:net f:playsim f:setup f:tables g_hexen lzma r_data tools zipdir
6d0679cbd98a73b69d5926437d8ef0f1d3c2b8ef	dumb f:dumb f:music include sound
226de40a17fdd171c9dfc925a822600bdb8c0f52	dumb f:resamp3 helpers src
cd38e5e6be31e4f7c47030d10437b6b44efa034e	build cmake core docs dumb dumb_static examples f:ChangeLog f:aldumb f:alloc f:barray f:blip f:buf f:combine f:deprec f:duhspecs f:dumb f:dumb.vcxproj f:dumb2wav f:dumbfile f:dumbfull f:dumbout f:dumbplay f:faq f:filter f:fnptr f:gitignore f:howto f:it f:itmisc f:itread f:itrender f:licence f:load f:loadamf f:loadamf2 f:loadany f:loadany2 f:loadmod f:loadmod2 f:lpc f:memfile f:menudef f:modplug f:modulus f:music f:playduh f:ptr f:read669 f:read6692 f:readam f:readamf f:readamf2 f:readany f:readany2 f:readasy f:readdsmf f:readme f:readmod f:readmod2 f:readmtm f:readokt f:readoldpsm f:readpsm f:readptm f:readriff f:reads3m f:readstm f:readxm f:release f:rendsig f:resamp2 f:resamp3 f:resample f:resampler f:riff f:sample f:sequence f:stack f:static f:stdfile f:sterpan f:tarray f:todo f:tutorial f:typedef helpers include internal it prj sigtypes sound src tools vc6
e6861cf3898c9cedccd4ec54e500c220ccf21d16	f:gameconfigfile f:iwadinfo
1e3dc9c84110b28560ae94d8b67442ef0e128c8b	f:iwadinfo
5973568bd2a93a00a6bc87e109e752327a72768f	f:iwad f:main
b47cb9027aad95390e3b6abdd4fcb4f958edb7b9	f:gameconfigfile f:iwadinfo
464931a865cd55465dc1506eb5a5dc4345be7fb7	merge
d61c48db25c95b18a2d309e3246c8d855dcc4412	f:acs f:playsim
156d1e61fdf2cef56442be33fd404e174a41d5a0	f:actors f:codeptr f:playsim f:quake f:sharedglobal f:spec g_shared thingdef
f941fa9e40d7aebad38e6569bba9fa20972b0eac	f:acs f:playsim
7a543a71e1277ba2fe260b4678c53c517088688b	f:interaction f:playsim f:system posix
123da687350e58645d07e21bafe8184afaa5e1ad	f:map f:playsim
b6a5515ad73d36110f334e31ba89750e20b1ff58	merge
6b83dcab89f5d45d5f54cd10a4c019098a9dd1e0	f:actors f:quake g_shared
dca5f0e908dfeeff636ee8a55272b91a7689f16f	actors f:actor f:actors f:codeptr f:constants f:playsim f:quake f:sharedglobal f:spec f:swrender f:utility f:version g_shared thingdef
719dfbe5a90aa66f38f8dd17f1c7a5b8efd9ce7a	build
d880b84ea08717cf59d1c3449b052ac7166bb33a	f:fmodsound sound
a69a06c249d22a88634cefbf3c8a905fce34a067	f:fmodsound sound
410d3007d3623495beca1d14efd42f69a956209d	f:fmodsound sound
8fd08c2acc2fad5b86035a757c0222ec7d39455b	f:codeptr thingdef
13e98c301a8b436b8e1da063ccf1844385d4d274	f:mobj f:playsim
84f8c299ce9e9924c0e54435403e259e1dace3ed	f:glnodes f:playsim
bcfa8da4a344549f4e1be37aa092cf5ca9c992ab	merge
b0a4600bf26cdd6c2665497303a87626362b2155	merge
db36cf7d05848cbb5162bad79d12158ba9cf5a6e	f:crash f:input f:main f:system win32
5aba252b873ae6885b2fc056c9ede5105213ef59	f:codeptr f:mobj f:playsim thingdef
5d65b10aecaf99c7efc4f325fff43d22dbd1a903	f:cmds f:console f:game
c7842a8de8d0f876170572d011a6455e1c644cd6	f:game f:level
e4a041cb4ca330e5fb598aea56043d2393f1bd5c	f:game f:level
a41af2de7391ac1b96b5faf24d11ac24792607fa	f:commands f:sbarinfo g_shared
4e7cfef0e0716c1e2c8656c479e039540345d72e	merge
e92f2826ee6b34272c025dfe414bb05c31efa23c	actors f:mana hexen
5f43e5b4ea50df3994da1c72777103d3eaa0831b	f:plane f:swrender
a5f8c4ead2b05d1ad870e82f73d701c1c0faa261	f:playsim f:udmf
9721c025c10c8755cee85bd8ee8ac816972d9d3e	f:playsim f:udmf
a64ebc720b041ef0684e6cff5f0f307f2304606f	f:expression thingdef
19ab774dc89e1d4298e7a92ce0d032911ba87096	f:actors f:clericstaff g_hexen
2827c13d0c4d4fe8411154f4d9d788dd0939803f	f:actors f:quake f:sharedglobal f:swrender f:utility g_shared
8e0151b4c1b88eaf295042ea2d545a83b4b99acc	f:exp f:expression f:man f:sc thingdef
173dbd6bcee02a9e9c12a4a74d1fffe3e081d162	f:exp f:expression thingdef
0bd8875e0636da98ef9dfc10f354387b94e513f9	merge
fb9231a38db2025eb77bfd246f36d985cbbccd2e	actors f:actors f:constants f:quake f:sharedglobal f:swrender f:utility g_shared
aa3c3d65461fd846442333026a128af718e0fabf	f:swrender f:utility
140a6504424429908557f366921ea8a72564b3ba	actors f:actors f:constants f:quake f:sharedglobal f:swrender f:utility g_shared
3019f2cc237af2be6c6bee260910cc93130a2608	f:actors f:quake g_shared
0074e1d216bb7bd04ec3e5b8b72f1d9ed8f1a19d	merge
475bc65eba3bd587b34d59e6e981c8336b17ae78	f:actors f:sharedglobal g_shared
49d948236327f2799136806e5cee5373daa1bcf9	f:actors f:quake f:sharedglobal f:swrender f:utility g_shared
d6e4a7a0816daad6366c403122470244fe52dd74	f:swrender f:utility
561e3f55c894ded8ca72799adbddb76a088ddee0	merge
3bf24204d838d87bc7f96a907c872a4a5871eea7	f:actors f:quake f:version g_shared
2939194ae34f81e3d1f1abe6bac3eed1f2b8e47d	f:actors f:sharedglobal g_shared
9c5d90e4cbee1c10e3168938fc591862ffe12f86	f:actors f:quake f:sharedglobal f:swrender f:utility g_shared
0948b95e081d472ceca6aa5db022a3e89c2788f4	f:actors f:quake f:sharedglobal f:swrender f:utility g_shared
045ab9fd5b3f1012698aff929cbe73f3e6837cb8	actors f:actors f:constants f:quake f:sharedglobal f:swrender f:utility g_shared
51688fe1604eea45bba5d12b164067845769b211	f:menudef
284fd3e20f73103d431c88a60d26731954f702e7	f:actors f:quake g_shared
ac352dc48cd1a47fde5b9d031aaded1af64893d8	merge
2d4f02c560c50b157e79a8505c74a6c3176a43eb	merge
e377c2c4f867dbcbb701ba97384277ff9b3d1869	f:actors f:quake f:sharedglobal f:swrender f:utility f:version g_shared
c23b7cd378a88205bdfc08e44775ce6a78d02931	merge
19ef4a4fbd7af0f18fcc4494a31322196344639a	merge
0f4bca86073ff316d920f6f6d6f7ecd2b767d3c0	actors f:codeptr f:constants thingdef
7050d03222a239cf70ead2dad6d93180e1d278f7	actors f:actor f:actors f:codeptr f:constants f:playsim f:quake f:sharedglobal f:spec f:swrender f:utility fn:A_Quake fn:A_QuakeEx g_shared thingdef
fa2e2a852891e2f8743582414e6027153bbcc2ed	f:nukedopl3 oplsynth
d8d2058ec6b37299ad96b8b1f55fecda57fcd9b2	merge
93c12cf2595ac473061f83486139907d7c2c7bb0	f:compatibility f:doomdef f:mobj f:playsim
c2e155bb9f044f81942820f0e9d055ea3e983452	f:compatibility
7db035abba4909703a89fa3082d7cd16e94ad0fe	actors f:artiegg f:artitele f:blastradius f:boostarmor f:clericholy f:fighterquietus f:flechette f:healingradius f:hereticammo f:hereticarmor f:hereticartifacts f:magestaff f:mana f:ravenartifacts f:ravenhealth f:speedboots f:summon f:teleportother heretic hexen raven
714a9aa2c90e661775a29e9e242fff94d9c9b605	merge
337682934cb1017b26059abdd53ba6f132626fdd	f:actor f:actors f:artifacts f:cheat f:game f:level f:lnspec f:misc f:mobj f:playsim g_shared
c0eb39ec728dbae4b495f26e87777c6d30af8596	f:actors f:hereticartifacts g_heretic
c6cb8493eab6d288619d56b840d51e2bf294fa8b	f:menudef
a3c2e7622333fa54f8b03d26f3b9aa3bd7ba143c	merge
5fc6ff1303c144c1199eb622f157160672723a12	f:3dfloors f:playsim
523f66fadb354b8646cadadb68dd6ca1b41af612	merge
a5a53c51e6d98b42bda870317b22db5b6c4f311c	f:3dfloors f:flats f:playsim gl scene
a3bdbff0527a6a79b514e9c2361181dcc4f05a86	f:3dmidtex f:playsim textures
00639121c075066dc7626b282ccc5a0ff6faea35	gl scene
962fc64d2b144115a38f60d1bdc32a8dfa58c366	f:menudef
e49572b7133659cb0d5276c19b5b67a19daf7c41	merge
8a9692c29f0d5706c1ffd41886fd94f5d20d28b0	f:walls gl scene
3d7934f1a10957a21b0d3d859c0280446e17fe0a	f:main f:net
6423b2fece0e76b7a97c2613430684e0586f0dc9	f:dehacked f:main
867bfd27513960a23130ce3e6da7d459e5b58208	f:acs f:playsim
79791629eca67e386b3e49258c1bfd1a91b526f5	f:expression thingdef
a063b48d7a18d6c77d35faa1c9f568e55a6bb81b	f:expression thingdef
c3227729e7fbc6e653cd91498ffeb6322fbe4861	f:acs f:playsim
711ac7791594eca2b0d4699ce5567ebdc8beb487	f:playsim f:user
fd7ed2bc25a732ca11c786be516a68242480309f	f:acs f:actors f:argv f:automap f:bot f:compatibility f:configfile f:console f:conversation f:cvars f:decallib f:dobjtype f:dsectoreffect f:exp f:floor f:game f:level f:map f:misc f:mobj f:net f:pickups f:playsim f:setup f:system f:teleport f:user g_shared menu thingdef
2d7592c2c34d5097302846098707b0f8c0418c8e	f:extract f:gl f:nodebuild
1a6bbcc206e2c532d81d72c5ae32b49e55fd3182	merge
8ac34efc4e3a6d6251a33d7e5b1a4821880f5744	merge
e047902d56a5d1d94f904ab8f6fcd31d78775614	f:main f:net
c93f96c303fbe12a1e39dcf06158b0337b263b09	actors f:constants
34c4041a440c85c50f34275a9ae1da81f0d1fcb7	merge
57ae77412de65b4cc5fcac1d344eb11f21ebf138	merge
ae78aeaacb3adac5e40673c62298d3829fbaf164	f:main f:net
45117b2603d28b6dcdf6cfc7483bc2fdc91aa615	merge
0be3341031f959158771eea650dd75da9e11e712	f:nodebuild
20036a907aa28786bfd597db3d0e994ac8c01dc3	merge
bd93ce63a9ea931c1adc1e903fe9623012210467	f:menudef
003817f415f414314ff0dc507658a07558a143ea	f:hud f:shared g_shared
c4b742ebf0732928646363afd89655180c295c21	f:acs f:actors f:buildmap f:conversation f:enemy f:extract f:floor f:gl f:interaction f:map f:mobj f:nodebuild f:pickups f:plane f:playsim f:setup f:slopes f:swrender f:teleport f:usdf f:user g_shared
4959932df75e6e970f2bb905977f278b8028191a	merge
0688247ee1a32689481b7b18cc516c482b6fe010	merge
2c06987f674125d97de7f05a59e2ed9b14398d25	f:info f:main f:net
3a504da6756fcacb84937a293beff9105e9161bf	f:info
7c567979d960eaf7dc5f2f2914effe3ddf82233b	merge
b37a98689ae01a369353d4609cc95824341583f7	actors f:codeptr f:constants f:enemy f:playsim thingdef
7789975b6c3622c484745e9f392223e48f921d6b	f:decallib f:info f:main f:net f:tarray
4e2763e5fab5363616f0320377c69c235063e9eb	merge
5d75df4869259a777e1423a1a5eb9ec0e798dee4	merge
c4f932022c58825fc7f2430397809454a12b56b8	f:sound
322742d4b11b66670a5f2021ef647a7ec87fa4cd	f:argv f:automap f:bot f:cmds f:compatibility f:configfile f:console f:cvars f:decallib f:dispatch f:dobjtype f:dsectoreffect f:exp f:files f:func f:game f:info f:level f:main f:map f:mapinfo f:misc f:net f:png f:protocol f:system f:tarray menu thingdef
ec5817869592660af6837b9f4e20ed140972a2b2	f:console f:dehacked f:dispatch f:main
60b735dc6028b75fce7e66394b0415eff55de6c7	f:man f:polyobj
e846d06a9ffb9149f520b7dd79c83d8134d04649	merge
2d4299608c0eeb074008576ecd45ddc70c983ee8	merge
6801d0faecdbc08950ed309ee91eca84c52af5f3	merge
c54a4fe06ba0284f6ead52fa632986d4754a47dc	merge
5a52c4007de421f37af94941fdb7830f9e6d9801	merge
cb4ef09b69eb99386b05a62407d88b5bc7e75d4c	merge
291861bf524d43c18f12a34462ed8c36a4486565	f:actors f:pickups g_shared
5164b78c31a7fac96867456c5ff1581f75e8b720	f:actors f:movingcamera g_shared
cbb066f1fb80973ed190179374d9d5cd884cfe4c	f:main f:net
1e0a1466a3d873a0eeee2644eedcb32a5ebc9e42	f:actors f:mobj f:pickups f:playsim g_shared
de4097cc7bb7c84b7a1d241a9dab67eaa224fd94	f:actors f:data f:mobj f:pickups f:playsim g_shared thingdef
8e1b1aa20150d4fb3340ceedc8bf9a615cef249d	f:hardware f:joystick f:main f:system f:timer posix sdl
90ed80abe5135d63cf5b936de18c258f2570e741	merge
dc6b45804d22ea84d2f7a506c4bc2ac79d87a9be	f:optionmenu menu
cce5066beaf4646b9d0d3a3ca6a2a6487fc60542	f:file f:wad resourcefiles
53fd57d6b74b1dea15f8001b351e09d4ceea3960	actors f:actor f:constants f:enemy f:playsim fn:A_Face fn:A_FaceMaster fn:A_FaceTarget fn:A_FaceTracer
6bb0849984275b2605942a58be4cd9e78a74520c	f:mobj f:playsim
775e33ede7b4176e4de77fdb4e20f3f41874eb1f	merge
b69edbbec12e8b483fb4e977dfeb041084f1b6ae	f:codeptr thingdef
d828173ce36f92de616718edfdaadcd91d081e5d	f:codeptr fn:A_BasicAttack fn:A_BossDeath fn:A_BulletAttack fn:A_Burst fn:A_CallSpecial fn:A_ChangeFlag fn:A_ChangeVelocity fn:A_CheckCeiling fn:A_CheckFlag fn:A_CheckFloor fn:A_CheckForReload fn:A_CheckIfInventory fn:A_CheckLOF fn:A_CheckRange fn:A_CheckSight fn:A_CheckSightOrRange fn:A_ClearTarget fn:A_ComboAttack fn:A_CopyFriendliness fn:A_CountdownArg fn:A_CustomBulletAttack fn:A_CustomComboAttack fn:A_CustomMeleeAttack fn:A_CustomMissile fn:A_CustomPunch fn:A_CustomRailgun fn:A_Damage fn:A_DamageChildren fn:A_DamageMaster fn:A_DamageSelf fn:A_DamageSiblings fn:A_DamageTarget fn:A_DamageTracer fn:A_DontHurtShooter fn:A_DropInventory fn:A_DropItem fn:A_Explode fn:A_ExplosionDamage fn:A_ExplosionRadius fn:A_Face fn:A_FaceConsolePlayer fn:A_FaceTarget fn:A_FadeIn fn:A_FadeOut fn:A_FadeTo fn:A_FireBullets fn:A_FireCustomMissile fn:A_FireProjectile fn:A_Flags fn:A_GiveInventory fn:A_GiveToChildren fn:A_GiveToSiblings fn:A_GiveToTarget fn:A_Jump fn:A_JumpIf fn:A_JumpIfArmorType fn:A_JumpIfCloser fn:A_JumpIfHealthLower fn:A_JumpIfInTargetInventory fn:A_JumpIfInTargetLOS fn:A_JumpIfInventory fn:A_JumpIfMasterCloser fn:A_JumpIfNoAmmo fn:A_JumpIfTargetInLOS fn:A_JumpIfTargetInsideMeleeRange fn:A_JumpIfTargetOutsideMeleeRange fn:A_JumpIfTracerCloser fn:A_Kill fn:A_KillChildren fn:A_KillMaster fn:A_KillSiblings fn:A_KillTarget fn:A_KillTracer fn:A_LineEffect fn:A_Log fn:A_LogInt fn:A_MeleeAttack fn:A_MeleeDamage fn:A_MeleeSound fn:A_MissileAttack fn:A_MissileHeight fn:A_MissileName fn:A_MonsterRefire fn:A_NailBomb fn:A_PlaySound fn:A_PlaySoundEx fn:A_PlayWeaponSound fn:A_PlayerSkinCheck fn:A_Print fn:A_PrintBold fn:A_Quake fn:A_RadiusGive fn:A_RadiusThrust fn:A_RailAttack fn:A_RaiseChildren fn:A_RaiseMaster fn:A_RaiseSiblings fn:A_RearrangePointers fn:A_Recoil fn:A_Remove fn:A_RemoveChildren fn:A_RemoveMaster fn:A_RemoveSiblings fn:A_RemoveTarget fn:A_RemoveTracer fn:A_ResetHealth fn:A_ResetReloadCounter fn:A_Respawn fn:A_RestoreSpecialPosition fn:A_Scale fn:A_ScaleVelocity fn:A_SeekerMissile fn:A_SelectWeapon fn:A_SetAngle fn:A_SetArg fn:A_SetBlend fn:A_SetDamageType fn:A_SetFloat fn:A_SetFloatBobPhase fn:A_SetGravity fn:A_SetHealth fn:A_SetMass fn:A_SetPitch fn:A_SetRipMax fn:A_SetRipMin fn:A_SetRipperLevel fn:A_SetRoll fn:A_SetScale fn:A_SetSolid fn:A_SetSpecial fn:A_SetSpeed fn:A_SetTeleFog fn:A_SetTics fn:A_SetTranslucent fn:A_SetUserArray fn:A_SetUserVar fn:A_SpawnDebris fn:A_SpawnItem fn:A_SpawnItemEx fn:A_Srcr2Decide fn:A_Stop fn:A_StopSound fn:A_StopSoundEx fn:A_SwapTeleFog fn:A_TakeFromChildren fn:A_TakeFromSiblings fn:A_TakeFromTarget fn:A_TakeInventory fn:A_Teleport fn:A_ThrowGrenade fn:A_TransferPointer fn:A_Turn fn:A_Unblock fn:A_UnsetFloat fn:A_UnsetSolid fn:A_Warp fn:A_Weave fn:A_WolfAttack thingdef
72506fa6e90286250a302dd99cf9a9250bc5db11	f:sbarinfo g_shared
78b4cbdf6c4c7150a1689a78aa25dd4a39a5efc5	f:man f:polyobj
a4c07a9ee3a445f095d9618f928b1cb83dc54b0f	f:codeptr fn:A_BasicAttack fn:A_BossDeath fn:A_BulletAttack fn:A_Burst fn:A_CallSpecial fn:A_ChangeFlag fn:A_ChangeVelocity fn:A_CheckCeiling fn:A_CheckFlag fn:A_CheckFloor fn:A_CheckForReload fn:A_CheckIfInventory fn:A_CheckLOF fn:A_CheckRange fn:A_CheckSight fn:A_CheckSightOrRange fn:A_ClearTarget fn:A_ComboAttack fn:A_CopyFriendliness fn:A_CountdownArg fn:A_CustomBulletAttack fn:A_CustomComboAttack fn:A_CustomMeleeAttack fn:A_CustomMissile fn:A_CustomPunch fn:A_CustomRailgun fn:A_Damage fn:A_DamageChildren fn:A_DamageMaster fn:A_DamageSelf fn:A_DamageSiblings fn:A_DamageTarget fn:A_DamageTracer fn:A_DontHurtShooter fn:A_DropInventory fn:A_DropItem fn:A_Explode fn:A_ExplosionDamage fn:A_ExplosionRadius fn:A_Face fn:A_FaceConsolePlayer fn:A_FaceTarget fn:A_FadeIn fn:A_FadeOut fn:A_FadeTo fn:A_FireBullets fn:A_FireCustomMissile fn:A_FireProjectile fn:A_Flags fn:A_GiveInventory fn:A_GiveToChildren fn:A_GiveToSiblings fn:A_GiveToTarget fn:A_Jump fn:A_JumpIf fn:A_JumpIfArmorType fn:A_JumpIfCloser fn:A_JumpIfHealthLower fn:A_JumpIfInTargetInventory fn:A_JumpIfInTargetLOS fn:A_JumpIfInventory fn:A_JumpIfMasterCloser fn:A_JumpIfNoAmmo fn:A_JumpIfTargetInLOS fn:A_JumpIfTargetInsideMeleeRange fn:A_JumpIfTargetOutsideMeleeRange fn:A_JumpIfTracerCloser fn:A_Kill fn:A_KillChildren fn:A_KillMaster fn:A_KillSiblings fn:A_KillTarget fn:A_KillTracer fn:A_LineEffect fn:A_Log fn:A_LogInt fn:A_MeleeAttack fn:A_MeleeDamage fn:A_MeleeSound fn:A_MissileAttack fn:A_MissileHeight fn:A_MissileName fn:A_MonsterRefire fn:A_NailBomb fn:A_PlaySound fn:A_PlaySoundEx fn:A_PlayWeaponSound fn:A_PlayerSkinCheck fn:A_Print fn:A_PrintBold fn:A_Quake fn:A_RadiusGive fn:A_RadiusThrust fn:A_RailAttack fn:A_RaiseChildren fn:A_RaiseMaster fn:A_RaiseSiblings fn:A_RearrangePointers fn:A_Recoil fn:A_Remove fn:A_RemoveChildren fn:A_RemoveMaster fn:A_RemoveSiblings fn:A_RemoveTarget fn:A_RemoveTracer fn:A_ResetHealth fn:A_ResetReloadCounter fn:A_Respawn fn:A_RestoreSpecialPosition fn:A_Scale fn:A_ScaleVelocity fn:A_SeekerMissile fn:A_SelectWeapon fn:A_SetAngle fn:A_SetArg fn:A_SetBlend fn:A_SetDamageType fn:A_SetFloat fn:A_SetFloatBobPhase fn:A_SetGravity fn:A_SetHealth fn:A_SetMass fn:A_SetPitch fn:A_SetRipMax fn:A_SetRipMin fn:A_SetRipperLevel fn:A_SetRoll fn:A_SetScale fn:A_SetSolid fn:A_SetSpecial fn:A_SetSpeed fn:A_SetTeleFog fn:A_SetTics fn:A_SetTranslucent fn:A_SetUserArray fn:A_SetUserVar fn:A_SpawnDebris fn:A_SpawnItem fn:A_SpawnItemEx fn:A_Srcr2Decide fn:A_Stop fn:A_StopSound fn:A_StopSoundEx fn:A_SwapTeleFog fn:A_TakeFromChildren fn:A_TakeFromSiblings fn:A_TakeFromTarget fn:A_TakeInventory fn:A_Teleport fn:A_ThrowGrenade fn:A_TransferPointer fn:A_Turn fn:A_Unblock fn:A_UnsetFloat fn:A_UnsetSolid fn:A_Warp fn:A_Weave fn:A_WolfAttack thingdef
04c6c5ca55989ed07181ebdfbdb70bcde4546267	f:actors f:loremaster g_strife
a95edc3f9d9b3f671047ed4b3eff051e19e0bd97	merge
92fbe47ade6129585768d75ceb7b32c94b603e52	f:actors f:loremaster g_strife
1c375c9100f9132273503e0afcc3def41f440246	f:actors f:loremaster g_strife
a578ff5d06991e70262e1fa516dd4582c0fb0e92	dynlights f:lightbuffer gl
b2fbeb24c42a7879b7b59a3ae454f0e21fbb9054	f:main f:net
4446922f26b3cb8a6ee039378aaee78589052b79	merge
d1cca79c3178afb4dc4ef087cb60e4c1a8ec79a8	f:codeptr thingdef
301c061ec3520ba592fe9b3c75b5f6c10f0a5145	actors f:actor f:codeptr thingdef
19b43d47528536c97542f6ae277617b43bf234d8	actors f:actor f:codeptr fn:A_ResetHealth thingdef
7157db89b73db5f6edd2e42ad68a52964e48243c	f:actors f:archvile g_doom
73bdd06cebd094c8b4329830132ec5a036a2869f	f:mobj f:playsim
667c4ba5fc9b3f0b37c1e05fe1cd87e5c3fb1391	merge
ae282eea53027d26d8a070e70ca3e02551006ab5	merge
afb90040c29e8ca9f9aca75decdab79177bf6cf0	merge
4fd87a1ce911065f7d82405843318de99457784c	actors f:actor f:codeptr fn:A_SetHealth thingdef
fa411af1daab62980d2b77cc73c3fd0723962e6d	f:mobj f:playsim
2a0fc16ce34343f8631192b6acccfc9894edcd77	merge
67312b907b22bee6abc794fc19e954820171a649	f:interaction f:playsim
6dff8da503b900ad4a501af12a238ef5b8bbcf9f	f:acs f:actor f:data f:local f:map f:playsim thingdef
105a62cc20f878e86ad3b348888d327aea330d5b	actors f:actor f:codeptr thingdef
455e6cd21493f40b649be3ff5583b5a9a3986242	f:enemy f:playsim
845bcdf14c0beda51d6bfd0c9db062c287e35d8b	f:zstring
4bae3f99762ac7c1d602fdcc95142e10809d28ea	f:sdlvideo posix sdl
1c2a6e8457237bdbe355ad402c2fa11b6a470927	f:sbarinfo g_shared
1d20152aee85b0311eeb19ef0fd3ab3ca684aac1	f:midistream f:music sound
a8348b13de75d95e148525838dac2a03a682036f	merge
db25322b4c479a4b729918c06caa26bf7008aaf8	f:mobj f:playsim
9df56216b32617509d79c212ddfce8df290d74c7	f:resourcefile resourcefiles
7ae3678abc322f6a951916b8ccb5cf18bae33a00	f:resourcefile resourcefiles
5336f1085c327ca06f5f549448c5cc594a4fe7b2	cocoa f:system f:timer posix
bd3e49c0e844c1ae03b3c315902b984b8fe75776	f:exp f:expression f:namedef fn:A_K thingdef
9b81e0e5971625b1d6fde5cc5c5812d98d567ec6	f:vm f:vmframe zscript
649875b17e78a504880e9c8914c512b527b5f224	f:exp f:expression f:states thingdef
43ea0250d1391cf46e14bc06423f390978e1094e	merge
df2e7c37fbccf9c3e28533ed4acaeb299563fa95	merge
67b68e6b486f06eebfce48dd57a64783c77ec93a	merge
e569c3ab39d4faf4ebac6fc87f7ce61e3a756e58	merge
c3c22315d98f57b5e5a10dd73bd6ac8a933800d8	f:lnspec f:pillar f:playsim f:spec
d4d041d5fc5111433939961679a2eb2613f53632	f:material gl textures
fb3bf0eb5868742d1771834588a4bbf3c888ac7d	f:sdlglvideo posix sdl
f3cc872677f49be11398b0315049a88918372a8f	f:menudef
df93d1a9f1765f95c702485993cc3b1d81fc04db	merge
1c3561d71e8cec63ff9d0ceab971481dec781432	merge
7d0faa5bd5f39f1b5c721e8287f94dc04811a355	f:exp f:expression f:states thingdef
9044ac9503bed6cc6ae3da83302ea85d799cb12a	f:expression thingdef
cab509c4d20f0e5e57099d24792a853a7adaa326	f:sdlglvideo posix sdl
37321d1d483cee0c01285774921fb861bd6f9c1e	f:sdlglvideo posix sdl
c9150497e3472e1057ed8286237fcf07106a075d	build f:sdlglvideo posix sdl
83c6798651bb4b691802a7167d29b6aab651730d	cocoa f:system f:video posix
00274c5e4c0bf8f2c1ab788210be0989b5495ef4	f:states thingdef
910451a351f71d8637683253490218ea4bfee799	f:states fn:A_CallSpecial thingdef
320fb9aec566196e92a094469ec2aea57262e3ee	f:states thingdef
f71b1a89835763f799386e5eba323accb3a671b9	actors doom f:demon
b2abf224b5a135d93eaf10e80a6469a4d00e20b1	actors doom f:demon f:states thingdef
4ea918ab3b06ea5271e1ad0776441404c483f217	f:cmds f:console
95496cdb4d22a6ad828434538e67440ff1654e80	merge
643d37ab7c3994573dfc86da91f4312fcbf1219f	actors f:actor f:codeptr f:constants fn:A_SetFloatBobPhase thingdef
86b2a8530bb7bc6fc83123bcd39f09fa4d5391de	f:cocoa f:iwadpicker osx posix
1a69221f80593cf85a2bf82d81d9d16cf0a846f1	f:cocoa f:iwadpicker osx posix
dac2ae6411923691a41a98a2a9cd9d8c47f6e986	merge
f374cf514d46dfbfe3b1200fdfefaec34d072944	f:actors f:loremaster g_strife
2095f5ddf49710d030c02924a6c89c121cb2a6a3	merge
324a1a7b77522139eeb7796de5a7c75c1e28ad04	cocoa f:joystick f:system posix
4aac586dd8c4b5782a8cfa76e8e94d9082c1ccd8	f:sbar f:strife g_strife
04d38029605c1d5b5554207975e55eccf34438a1	cocoa f:common f:main f:system posix
b59fc595393e00f437937a39f12ec0b2fe8d5d66	cocoa f:system f:timer posix
cb681aad2d1cb8e1220074da2e1e438a8038012f	cocoa f:common f:input f:main f:osversion f:rbopts f:system f:video posix
d418648e5902c27884f71822ac5e7b6c27d70464	cocoa f:joystick f:system posix
31d232e886a3739b4f21140f0a35fe114bab712b	cocoa f:joystick f:system posix
2b12db153bd95518aa1f4533402c1f54280805fe	actors f:acs f:actor f:codeptr f:constants f:expression f:mobj f:playsim fn:A_SetRoll thingdef
f03e05d69f8e5702a2df66546ff4780ab16d41d8	merge
d0ec3180c836371eebedff406e47b3bbd8523797	merge
c424a1afcb57a048893de49c0b76ec060f1d1892	merge
aa1f51d3d2819e832a638618a564a339340c4c41	build cocoa f:HID_Config_Utilities f:HID_Error_Handler f:HID_Name_Lookup f:HID_Queue_Utilities f:HID_Utilities f:HID_Utilities_External f:IOHIDDevice_ f:IOHIDElement_ f:IOHIDLib_ f:ImmrHIDUtilAddOn f:common f:joystick f:main f:system hid posix
8c105ff3a0fbb1e0469dca843eaa7fca06641a1f	f:exp f:expression f:states fn:A_CallSpecial thingdef
86986446a5d5bef67741accc5645fb90919931c5	f:main f:net
ba3988290c245917e8366ea57eef9773938d825a	actors f:actor f:codeptr thingdef
a8398e70b01dcca803d663d8db807f9c81eeed37	data f:weapon gl scene
4f08b20df5ae90966429074cd38cd35957823199	f:voxels gl models
e6d59ec429b6196a5d3afc9ddff97bd93570fb8e	gl scene
26cf383ead2cbf14d268e6edcefe7ce6c58f02fc	f:instrum timidity
4d34e0f54842e7a0135fd6844e7da9440677d59b	merge
2900f03fa1e714b6241ea8478ebd1b8d526741f6	merge
c57cc91d7c062b7629abc8f7c4fdaa95086432bf	f:map f:playsim f:properties thingdef
85a20423945b0437d2cc8ebd17777efdfb896e4d	actors f:actor f:codeptr thingdef
c6c2b219013499c7ca2f420b50ab0120fd484f8d	f:exp f:expression f:states f:vmbuilder thingdef zscript
9e3ed70021de7ff6317bca582a08815f647cb85d	f:parse thingdef
4ddfd0f46a26df2b349182197b4a16c7a0e4f3f8	actors f:actor f:codeptr f:map f:mobj f:playsim f:properties f:version fn:A_SetRipMax fn:A_SetRipMin fn:A_SetRipperLevel thingdef
315827015cb0d10780a4e22556d6d3ccdd8a626d	data gl scene
45cf65afbd4f8b7e7dc35c9c374e5cc6f074eabe	gl renderer scene
68dbd56eabcecaa072cdb52a38025ff1b1c8ffc8	cocoa f:system f:video posix
045725de158f5c4452726adf66715f286685f7e0	dynlights f:dynlight gl
5c88364300a7c2c4256a1f4ce93ca2ea2ce624c2	merge
1c102ef9c94d15bb1f6a2df9b63289e7d9eeaa19	cocoa f:common f:input f:main f:system posix
21d557ee110e175d45f26132ef064fde4a26a5e0	cocoa f:main f:system posix
e3f92db3956460c5c158241db04a52515b7edbf8	cocoa f:system f:video posix
51afe8a541837fd5ca9c9164e677f1073768df05	cocoa f:system f:video posix
b5d0c5c357e3d74c1b90b9492cf176f14b1c7f72	f:playsim f:user
4662069b94ba0ab5b42b9e92e4506321907ce0fa	cocoa f:common f:input f:main f:system f:video posix
a67dc4148b014c707c095295244cc836589ceea9	build cocoa f:backend f:common f:input f:main f:system f:video posix
40d4dc502e261a90ceace828134ab95efc99e95b	cocoa f:backend f:system posix
b66c712446d6e534748dafdf8c179150b7bc4d62	cocoa f:backend f:system posix
519ff8b7d114b6d38ba0813b8d7f509ef6e6329c	f:local f:map f:mobj f:playsim
6f994cb3e7fd79989aa26e8d336b3150354a20da	merge
fdf2d6c493ea898e13e1b92b145566949f1ac38b	f:mobj f:playsim fn:A_Face
5c658e98ec07af711162a750d718f829f78312c3	merge
cef8ae56325dd3ffddf8c755c0d59d9a652b062c	f:actors f:morph fn:A_BossDeath g_shared
d43b201de9980e8903755f8a1428d16c93abe663	cocoa f:backend f:system posix
613c3293ce9f0f3546610033a97cfe76458f0854	cocoa f:backend f:system posix
16965eb78ae72e6113e7046d97afdd2f4267b4c6	cocoa f:backend f:system posix
8b6966dd36c33305de39bc38ad209979c51052ba	cocoa f:backend f:system posix
aac1ce4eb771a3d8b0f364ac30bbdab8c7361381	merge
1aa00f1b0eb574f8174e4821c3aa9f0a5ec08746	f:listmenu menu
84afd2252f02f444cd1a22aeee70641a5268b306	f:zstring
f76d137d33b32208cc7809221c0879889f2ab596	f:3dfloors f:acs f:playsim f:zstring
bce7d12379ce1c892c0478d03978fb1083089c2c	f:sbarinfo g_shared
798267d223f0c5b0d39e5b9674557e986d75169d	f:console f:dispatch
4017a6d864b6fa4a97c4c6e8013c99169ccc4d3b	f:console f:dispatch f:main
f00c8e194323e6939d642e37ce831cb6a135ee27	f:main
b30571b18e8ba0f7c0223a59ed1cd8cce6d43454	merge
e0667544d2d7068e941a31c3d8aa2768534b688b	f:map f:playsim
f054f626d2e1ad4805274822ad456827aa8ae3e9	merge
ec98937c88cca3cfa5c2762f042775c0480aecf2	f:acs f:playsim
0d1c954bc08207489e1e4c78e03717abe20d68d8	cocoa f:joystick f:system posix
4f383e5aa711fd6c3076b971150a8f508821d09a	f:game f:level f:mapinfo f:playsim f:sectors
fbfe0f1e7a0f8de19070aa598000a833cbd6fdf7	f:walls gl scene
c39e962fd59c08b98ccf55a3054c6d4eb1d54daa	merge
c66a2112008de62d3c89dde570fbeeac26354252	f:skydome gl scene
14d7b8b777bae47f81a80f14c2c2646d5c8eeb44	f:text f:video
a5a17e45cf5377c794dc0ad65581cc1d69ee8aca	f:playsim f:terrain
1a39ac9243b340cdb38a0fb7a0b07a07c8d561d6	f:playsim f:saveg
66fa33886a9a0a717727dc2562ae5f819137689f	merge
6fd70ff32018bdd8c1e1182954390a312f7bf705	f:man f:playsim f:polyobj f:saveg
ffa069205fa94de5bac2a8bbbe5f891bff2fd79b	f:sprite gl scene
ef3d950d7f8cd8e612cf4f53cbbcaf2ed7b8e5aa	merge
15cd0debc1a618d4cdfc69c1dea6bc759f04719d	actors f:actor
f2551dceda96d4fc3f73b3c353fbbb9baa54264a	f:codeptr thingdef
d94be8f57bc0d59d0cfb2666438aefa792252e6e	actors f:actor
087830263f468df58820adf89aca4e052476c8f1	merge
7d628a8c034ce073ef4797ae59f2a2b9327942ba	f:bot f:game
23009bddb54ba97367ccdcc0d75c07d9b831e0c1	merge
43848117453e747bd67f79aaba07b11e40e29bf7	merge
62a4945ca4e1264c74670ad00d9f67d76a880953	f:map f:playsim
3fb9e754f1e1f0fbcd267712aa44386987487e54	f:exp f:expression f:man f:sc thingdef
bfb94f13d281666ecf47fc4ea020b054c86c99f1	merge
39adff5e9e4eb8be56870a7517aeee01f522b8d2	merge
7a3b701eb5ff990dd24e79ccc12d73d1a1284e47	merge
5caadeba4c349c6c7de82d667eb161007869f558	f:chat f:ct
d3272f75e776304e643ac646f95d0cf0f3b0e922	merge
748973a67ff4851577738414f4a6cbef080db20d	merge
d7d022144e10bd0ff447b5d1f7533646c69be9b4	f:codeptr f:enemy f:playsim fn:A_Face fn:A_FaceMaster fn:A_FaceTarget fn:A_FaceTracer thingdef
c13f1551e6fb504b471847d4d40328872fbdc15f	merge
0bd331b34b76437f365e26f031184acb4c5d3435	merge
dfa6a44402bcd8a4ae47c9e1fa68c3ed68b6a3ef	f:chat f:ct
b24f173d03653d449301b6476a77c4ac563677e2	f:main f:net
bf2a6dbc0586c7de94f4876e3f973e2a222d147d	merge
f7405a1d245bf7938704dc73cb17b58accd0fbbe	f:main f:net
d4bac5776a749b461416bfccd81d9247df8ac076	merge
10a2c0f58a85945273727c1f839e68d5341961d8	f:expression thingdef
b14f768b681d52640735f39724c0efa1d31a5f87	f:expression f:vmbuilder thingdef zscript
1ea03ffbec3f4fe8a637b8262d31777a9bc09044	merge
2b323d01edbd6c7c56ff818dd80218270ab7ead4	f:exp thingdef
b5e4153c78313784802fc01363acb09eb407f715	merge
aebf0e75262e1f658f582453c2c8be08300a4740	f:bot f:game
91bfe4cceb8648b0c1c84622d212f4e03a4988e1	actors f:actor f:codeptr f:enemy f:playsim fn:A_FaceMaster fn:A_FaceTarget fn:A_FaceTracer thingdef
2c7a3f2ebaa542364a90ed0ad7836e0cbe10a790	actors f:codeptr f:constants fn:A_Damage thingdef
5a472e815b9df50079bebbc38c157d3256ace894	actors f:actor f:codeptr f:constants thingdef
58a3b868134c754184fe330f3a974dd481183010	merge
18c7709007b32bdbc84c98a9f66e3ca24a9626d4	cocoa f:backend f:system posix
c168761edacc5aa69bf89f21e3eeb8e769c91c61	actors f:actor f:codeptr thingdef
549ba3d81724b734a046313aa590eb0baac28fa1	merge
2d87eb0ba21d765dd69ffdabe63304bb64fa2204	merge
e5a41a135821d48e65f460979b6f566c02ccc2fd	actors f:actor f:codeptr thingdef
9446edc0689342d4a411161a5b941065fe5393fe	f:actors f:doomweaps g_doom
ebc0916bc6008856809eab54091308dd8ce53e55	cocoa f:backend f:system posix
2a53ebb6b9329c57080a7173983e5008d2e14c2f	f:codeptr thingdef
797cf624df2d401fe8f9a5f996489329ace36fa4	cocoa f:backend f:system posix
41c949f8ac84b1969d548edd7827f34c4c080569	cocoa f:backend f:system posix
48b65f3c760827b6f3f94f1daac7d306ece2fdbb	merge
3ecc5d494fbd02858db4173894549aa11bced216	merge
5f8d140424f5feb362eb10daebc12d0c696eb509	merge
a19f0219c57ddc0b918f38d92be406a6a47cd383	merge
08cd03dbb7e69820492fde35584bdf54ebc7a5c5	cocoa f:joystick f:system
31ad6428436216b20bd04bb7810dc261ec287552	f:map f:playsim
86b0065c0bf99b18a0bf95ca5c86b620ec025f0f	actors f:codeptr f:constants f:playsim f:teleport fn:A_Srcr2Decide thingdef
0bc2c0094a90baef7bac15a068bb079336601ecc	f:skydome gl scene
7bc2e5c67e339228d1fd56011c7d24d7760b1035	f:acs f:playsim
80bc95d3bc3b15987074c912bfd9abed68301e94	f:menudef
a150e0686c37956b91d17f1f1e56a72c2416de29	actors f:actors f:codeptr f:constants f:doomweaps f:inventory g_doom shared thingdef
c6fd4c5aaf50788f80acf9035295db5e7cf17314	actors f:actor
2747f9a9f37b3a452cd0e008a61b6698f038a80b	f:acs f:playsim
ba346616e56c4e1df84f7cdceddf66f03114dca3	f:acs f:playsim
dcab57b236d79fd40229e6feb90c8bc9d360ad70	f:codeptr f:playsim f:properties f:teleport thingdef
195ed09c5efd6c40820b5b14a03e1b7ca28a7861	build
1433bf3f7800f5ce003f6860deba09c104a567d8	build cocoa f:HID_Config_Utilities f:HID_Error_Handler f:HID_Name_Lookup f:HID_Queue_Utilities f:HID_Utilities f:HID_Utilities_External f:IOHIDDevice_ f:IOHIDElement_ f:IOHIDLib_ f:ImmrHIDUtilAddOn f:SDLMain f:backend f:cocoa f:crashcatcher f:critsec f:gui f:hardware f:input f:iwadpicker f:joystick f:main f:osversion f:rbopts f:readme f:sdlvideo f:system f:timer f:zdoom f:zdoom-info hid osx posix sdl
a2bb673370e721664d5df801c4a35190f1c8332f	actors f:actor
753eae4b68b6b9662a228aef833a2cdd99eecbd6	f:mobj f:playsim f:version
93ca8502dd5ac32bb271a435c7cd3e929706d450	f:acs f:actor f:codeptr f:mobj f:playsim f:properties f:teleport f:version fn:A_SwapTeleFog thingdef
160ded99a96a0228016d032135d8606c37b4ab6c	f:properties thingdef
6f7c9f1f3469aa2c6d68717e484f361441aa3503	f:playsim f:teleport
dd3d7789d549e1457b15b972cd5f0fbcd133e71d	f:playsim f:spec f:teleport
b255e5d67d454c1b4b47f08a5a3f114f68f70424	f:properties thingdef
30acb720068f714a44787fb95cbb22cd0fc3acf4	actors f:actor f:codeptr f:mobj f:playsim f:properties f:spec f:teleport f:things fn:A_SetTeleFog thingdef
84b12d23b54e8f485a9978849068bcf786d4793a	build
3c76e5689a668ed96d5e634ae048c90d703e2f02	build
9f01384bc54aacaff4950f15a8f42219c2b3e8d5	cocoa f:backend f:system
7d231c30089c3549ff58376c63b8325287199078	f:music f:musicinterns f:system f:tempfiles sound
45c97c3ac55f3e6432b84d75539c455e4308c33c	f:bsp f:main f:swrender f:things
b9d83e88c908518b2104e14db353a38748a7eba2	f:steam f:system posix
322ecae93f1b5788bd48f66b18d009059165283f	f:main f:plane f:segs f:swrender f:things
24f1bfae99c6d2d79bac8fb9f0bdc296b5aaee0d	f:map f:playsim
fc05a3bb2f602182d7195cd7cb7603ce018b2e84	f:map f:playsim
5d3c2f17506813c3ff0b4d51ff763f7b655c42f9	f:main f:swrender
e04a3c094af5c324674bf657fc8806b511feb54f	f:bsp f:swrender
4f00aa3957b2e8dd835f010439635bf98c684cae	merge
cac266b5dfbe329be5161a8b259bcf1e8b2a5536	f:playsim f:setup
2df45598d8f816aa9e504fd31ba72256b503830b	f:acs f:actionspecials f:bsp f:buildmap f:defs f:main f:plane f:playsim f:segs f:setup f:swrender f:things f:udmf f:zdoom
83c8f44cc4b32556c51cb9e3e946d9eac27e7047	merge
465d9ab89a288e9194b5143eb6a54d92692ba5ea	actors f:codeptr f:constants thingdef
b6c5cfb9efc8f398d09cbbfde3da653bdb968eaf	f:mobj f:playsim
8bc890c99565732d8dfe707301ebaedfedbf6345	build cocoa f:cd f:dikeys f:hardware f:input f:movie f:start f:statusbar f:system posix sdl
ce70a7c66e7aaf76ba3671bbd5f2dbd400fa6ae9	cocoa f:backend f:system
9d135a05866d26d6ee03f513ef7aeafb5fdfb9f4	build cocoa f:backend f:gui f:main f:system f:timer sdl
6410428715cdcffdc4727ef31ca3549d40105f00	f:exp f:expression thingdef
3f3aab42f1f1f20a522411c163800a78472b24b4	f:exp f:expression thingdef
8d16c2e3c0d4e90cd45702ed81e12f2200347721	build cocoa f:HID_Config_Utilities f:HID_Error_Handler f:HID_Name_Lookup f:HID_Queue_Utilities f:HID_Utilities f:HID_Utilities_External f:IOHIDDevice_ f:IOHIDElement_ f:IOHIDLib_ f:ImmrHIDUtilAddOn f:backend f:cd f:critsec f:dikeys f:hardware f:input f:joystick f:movie f:start f:statusbar f:system hid
785f72d6eb257dd3392a5962c3310503890b53ba	f:exp f:expression f:man f:namedef f:sc thingdef
8c5a8c54f01a00d9ef691f60574c15d45400c13a	f:exp f:expression f:man f:namedef f:sc thingdef
0cf8c1baea821bf6d88c19645d3f479db77079ad	merge
9837721d7f882ed2e86206f36e7b10cd5352a79c	f:sdlvideo sdl
6241f047a89e3064d99e84969671f5b45181e0dd	cocoa f:backend f:system
b14eded8d8f6d4e756299f43768178dbe188b4ec	f:steam f:system sdl
8ee0554d567a693f7bff81e3fe8503b15ace716d	f:steam f:system sdl
86372fce34d84e75ba424e20af677cfcfb5cd488	build cocoa f:backend f:iwad f:main f:steam f:system sdl win32
da8f2185d8fb69df6e012c24add8b01dba2a1f59	build cocoa f:backend f:cocoa f:iwadpicker f:main f:system sdl
965d602d26167fdec3e6d5c5f6d7f12063d22128	f:input f:sdlvideo f:system f:videomenu menu sdl
372f7e7002410e33b477aa275b74a74c920f861b	build
b2a06f6ccde2dca8934760d61701dd3db560a7b0	merge
6afe9cc048f6483a9801f4f811d680f1d95d7860	merge
c339bb33cf701a983784391ee6bd2a6051a4f68e	f:game
a7b33a8ce3fd644f27a408b9747a5e1049464c95	build f:gui f:input f:main f:sdlvideo f:system sdl
533ae959336a4cd7a2e5c2580c70c3bf81294e70	f:actor f:data f:mobj f:playsim thingdef
e5340ad6375a2311c11335d2be9df9367ffa0a34	f:actor f:data f:map f:mobj f:playsim thingdef
4aef69600733e6d0dd15e702c0a7057546412e55	f:sdlvideo sdl
d625caf03c7d5a7cc673af432a8b6d32787c3bf1	build f:gui f:input f:joystick f:main f:sdlvideo f:system sdl
b2452b806ecb60e620cb2600cb2b9840f4a1a77d	f:properties thingdef
95bed868d3e320342ce3d3152f35acd1abe2167f	f:dehacked f:main
8a98be00dc1165564910a4f416a6e956d4311665	f:dehacked f:main
e6de24a7dee333fb73b3a35682563f3008261053	f:actors f:artifacts f:properties g_shared thingdef
eaa82492e664d0b0fa2aee07a87f04a5c985537d	merge
fcc491f7351cb1732c5defd6641657b7d755bb91	f:mobj f:playsim
fbe14d59bba9f82a3f8968861a813553ecce3752	f:actors f:artifacts f:properties g_shared thingdef
c631ffc5fd1abd604432ce050ec3f31d192febd1	f:mobj f:playsim
689b39ed30182bacfe1b3eeecb64338d1c1cd1b5	merge
3af08f19839db4d285d18d746f4f17ceb6515b2d	f:sbar f:shared f:swrender f:things g_shared
8b88f14c96dc7a70c601fbd08c9b9cf8de546496	f:console f:cvars f:main
717c82ee4a05bf00e78913635d53fd1cda5ea6db	f:interface gl system
ed5b0d902a1cfe4fcdcffe121e7c06adcae2d251	merge
e7da849f77765fc0ddf8db9ba4453b0f6e553f74	f:bot f:func f:mobj f:move f:playsim f:think
020b02e073c6a67f86dfe951c91a2f0b520aab3c	f:brightmap f:burn f:func f:main glsl shaders
a418f564e98eccfbff70f29156ee61ac7d72304a	f:acs f:console f:playsim
3e2b0e4c71a844de8b2fda75ee27aaf040c449fd	merge
94f08aa593b180c22318e88d1ae925f91139f2b1	actors f:actor f:codeptr f:lnspec f:local f:playsim f:things fn:A_RaiseChildren fn:A_RaiseMaster fn:A_RaiseSiblings thingdef
e1fdcdfb93c532e5f32d53a02ccf36773bb23784	f:nukedopl3 oplsynth
ec627d94dd7016506c6b3983d7d57bbf7cdf020d	f:portal f:renderstate f:skydome gl renderer scene
eb753a0b7c921c07ca903bfc036944e9b14a180d	f:flats gl scene
99d81621f968674a28b788d193f9ec648b367233	f:flats gl scene
1389cd03ca53039d453e6088d12a18a4fb0545a2	merge
60d78bcdf6c7d6f2aa31613ee60e483556821582	f:asm f:hq2x f:hq3x f:hq4x f:hqnx gl hqnx_asm
b2fdd32b0ade56f01ce485f0aa2d2e589c5f70b3	merge
08570ec48ead6dfd77a9f58dc3897ff045a64a34	actors f:actor f:codeptr f:constants thingdef
629f3c1a8acd25affcd201ec36d9192d1c66565d	f:map f:playsim
8fbed78c21b2b8dce13fa3fbc1b434d34c7d71e8	f:map f:playsim
a67ac5d940bf204e677a163de019dc1ad74258b7	merge
cc4e66f976ab93c6d88d8721b3011238a551fe26	f:map f:playsim
29ecbac96378dc1e5b43d640e12d5f27819b2620	f:game f:misc
6665ac583728033c6cfa09eb9ec4dc1c8544ac7e	actors f:crusader f:strifebishop f:strifeweapons strife
a7a2d5569536ecad590250f41b5f798b2d2facbf	merge
4a3427fe50e3e43a3da42b5d39f1b0d41baf1d4b	merge
b6ccc79ca3d4648795e9dacebc2461be360c91d2	merge
7f8c0b4f6474cd22c61674a9de4e70c818b341b1	merge
64d88166ccf3f338aaed853f60e382e42aedd05d	merge
5ae5d2e7eb9dcfdc38a9ab9f25fcb43bab1be76d	merge
ad5c5af6f2eab3f861671c891730aec60df26659	merge
46eb5ce2658a62be579cc81669fae01019b77561	f:gui f:sdlvideo f:system sdl
0123279a1f3dd844bd7fc6e34537c8b225a1b97a	cocoa f:actors f:armor f:zdoom-info g_shared
7e579a0a2a962669dcfa2cb71607b18ea0d90a87	f:interaction f:playsim
eacb9aa10570c505e938d1b547a7d860941b9b44	f:gui f:system sdl
877bfcd3280c3feceebd39838bde80d09cd6c43a	cocoa f:backend f:system
b4ff34dae51a45744432ce74955b8981fb463257	cocoa f:joystick f:system
e9b24a10a1f00bfc429876aa14b68a663d3b4d3a	cocoa f:backend f:osversion f:system
5ed70d97a6ca00891cfa281734d1e370ea2aec8d	f:nukedopl3 oplsynth
88f4305e7e985e8bfaa954c7d09bc85a15efc26e	f:nukedopl3 oplsynth
e9075334a3cb515c88f1bb4822cac53affde46fd	build f:io f:menudef f:mlopl f:nukedopl3 f:opl f:zdoom oplsynth
3e1bb9017b91af4413b43d86cafac3bf784df7fa	merge
c494063eb926cb73811b41457cea7fe5fcb917b9	f:version
3437f4fcaba244a290a6abe4f8dcccc8c35a9862	f:acs f:playsim
e303833e5fb2db4c0c84fc8499ad2ec1ecf44f0d	f:interaction f:playsim
99b2cfa14715f6b470ac8531f6b396f88d24d413	f:acs f:actor f:interaction f:mobj f:playsim f:version
52acaa07a274da65afaf380c3d8eb88e0c6e79f7	merge
601852d22439bc753b1cedd5269c1b899aaa7c37	build
64e34d883b74db7a3868cd81ba9556dac4ce9138	build f:system f:timer sdl
1bda54f3cd8fc97c6a1624216dc2f9d8a21a31d4	f:acs f:playsim
4b2af7074e038ae442e8cb8a56858ecd90cfadd2	f:map f:playsim
fd85e116e54a91553e243004d208cf2411031957	f:midi f:music sound
93a732f0cab3d95d23ec99712b13ffbf8bf67ee9	cocoa f:backend f:system
a7f4185981713510beb0c5243c67b0c6b797542a	f:game f:level gl scene
c25325efa4dc18321a08925156d5b637e8868fbd	merge
bcdf22b910b69ca66a203a8f96fe54fc8df5cca0	f:cocoa f:iwadpicker sdl
9ccb839ae2c34399417b2dd2ab7c29dc0aff3859	f:map f:playsim
bccfdaacf7163a5feb648819bf4f498e3940dc47	merge
65ce06f274a2ee5ed19cf010aec5d7527666440a	cocoa f:backend f:system
398b36064b44084a0dbab99d143e2a4ab38e546e	cocoa f:backend f:system
cc8d8928ae416c846a9f077b0c115518dcf9ee3e	cocoa f:backend f:system
92143f90fa7bfac8be7a6e0c145161da4f4e4d03	f:interaction f:playsim
2d5cbe1d8b166a0ed8e929a5a647e957c5f9eacb	f:interaction f:playsim
21e7beb21b6c5ed475fd26e603c3bdb445a7cc95	f:interaction f:playsim
06764c6aae21d22a7b3404bb165975a5b606e668	merge
b63bd56da8bb27ad32a36eb1ecc522f60b2677ac	build cocoa f:backend f:system f:zdoom
4b5d7361cd9389f24506e562b563fcc3f5298783	cocoa f:backend f:system
e38aee070ce3dcbc394ffc44cf52d6f0fa5fd6cb	f:actors f:bot f:func f:game f:interaction f:mobj f:pickups f:playsim f:statnums g_shared
23bb12b0b87753d6cc8250284a87c9fdc30e8415	merge
ee977f94d73567aa3538b3a9b940b2711cf38aa3	f:actors f:bot f:func f:game f:interaction f:level f:mobj f:pickups f:playsim f:setup f:user f:version g_shared
fd354dbe9a9059ef539738f3abc0c5c9a5f47770	actors f:codeptr f:constants thingdef
9e4a262c87765018c706db5648b89bc093ba5e83	cocoa f:HID_Config_Utilities f:HID_Error_Handler f:HID_Name_Lookup f:HID_Queue_Utilities f:HID_Utilities f:IOHIDDevice_ f:IOHIDElement_ f:ImmrHIDUtilAddOn f:backend f:cocoa f:iwadpicker f:joystick f:sdlvideo f:system sdl
b54b18c8c581a05a2bf60b74bafe992f6865123c	f:actor f:data f:interaction f:map f:playsim thingdef
e0eca1e0f5fc0f34a97e5a41c31e325e62202547	build
d53e860d2841eed1146ee07d6346147e47e5707a	cocoa f:backend f:system
936ee41e413ca408febf6111e4ead1026c8d3e9e	cocoa f:HID_Config_Utilities f:HID_Error_Handler f:HID_Name_Lookup f:HID_Queue_Utilities f:HID_Utilities f:HID_Utilities_External f:IOHIDDevice_ f:IOHIDElement_ f:IOHIDLib_ f:ImmrHIDUtilAddOn
ad33afb8c1c65053c8c8abecf91b3af50a1388dc	f:main
16e0f79fd7c31ab5a3b942c2899adaa2827e7fe3	f:doomstat f:game f:main f:net f:sound
b08fcbf6b3ce306e851227b57b314e1b157e8537	f:compatibility
a37459af2ca711d48775c6737b9fd31cacf9bd5b	cocoa f:backend f:cocoa f:iwadpicker f:sdlvideo f:system sdl
c024b30e9d3c8913b0138774a9b5ea9b073e8969	cocoa f:joystick f:system
660ebf2c6cf2796bec39242ed0ea8dc13d65421e	cocoa f:backend f:system
70bb80e2bfda676cef9cdb868bb785ecfe4ceed5	cocoa f:backend f:system
a40eb3443b2363606dd6d12e45e7ee8d19faf979	cocoa f:backend f:system
fa1d62ffbf509a4231a58488a53676c7c2a0558e	cocoa f:backend f:system
fc8f2603750949a389ddd4368119c7434d840b3e	merge
62d72fb7511816be09c93145b880b27483502715	merge
5e6c375974254dfaa2f56ecb895e599b7ee444a2	merge
22b5d0af8a87f7c23f840adf91c58801136b9d9f	merge
d273cb414f06e8588ccfc649cb69b3846864b753	merge
2ffff5763b2fd0361500ade4101e7c82c28537e4	merge
d64a4a17ff9a306e55d451190d96a46bccc29a38	f:console
b0a6c94fa4f60b6641ac5169175118ddc2c3027d	f:drawinfo gl scene
a5993c4e2d3d57d4c4b71ba38e983f12d67a2ca1	cocoa f:joystick f:system
5170abfeed08d20826abe453638234c4a1fc6461	f:acs f:playsim
d061adfbd666857bf861739e4232e18e44295621	cocoa f:backend f:cocoa f:iwadpicker f:sdlvideo f:system sdl
e3640b5bf510cec6ec726c5060fe709d97fbb8c0	f:acs f:playsim f:version
87207bdb6d5c02c332c30ab941cba19951cc546e	f:codeptr thingdef
8b85e6d00b2545b6e8c60c8edacd1e84d08d2e68	actors f:actor f:codeptr fn:A_FaceConsolePlayer thingdef
8532b52ffb38f99f8f1374fab0d99ff85e4a1cec	f:main f:net
a613da43dd99ce21b4ceab325c7bfaabe9783e94	f:bot f:game f:interaction f:main f:mobj f:net f:playsim f:version
d2d6d2a7f8c1d501953d0ea4ab97d457c9c99d68	build cocoa f:backend f:system
f0f0f2a24dcc818a8547905676c7ed2c8b6d7c73	merge
48fbab819bf03566c5a22ae77a21fbc2aa060d88	merge
c28c0b8f0b54c05dff75abe440f94a4ee0be4657	actors f:actor f:codeptr fn:A_FaceConsolePlayer thingdef
3976de14044c744407d9de6be2f4174ef24cd2a6	merge
eab971500b43b6bac77af29aec1c299d68f2710e	actors f:actor f:codeptr fn:A_FaceConsolePlayer thingdef
364d9069bd9a68b8f08d8714df4e92f2bffb018a	actors f:constants
848225e9ee01621357dc7ecee9e6c27f990d079d	actors f:constants
71ce4bcf06a09ad2bc7b903ee8082946b3de96d6	f:map f:playsim
95bd6bde9a754a8f696ba470e28c33d2edb14bc2	f:actors f:doomweaps g_doom
c63adf920a5ed52c4380c8cc32449a1b06686863	f:interaction f:playsim
88ff33c26e44f21a90ae7e710048191ed94e4cfd	merge
32cd4eb7c647242f810d71f9903299294aa4afb5	merge
eb98a999b25457e1c1f54d0bcd3e49ae4590c561	cocoa f:backend f:system
63eedf9e26229c0f4ea985f3831dc3b7971689a6	merge
1074a031a24ed8dce43344938a1688a9126e6d01	merge
8f915c9dcc0f1874a4bbdb92418e29f67933e534	f:acs f:playsim
c0ec1d5114693c4053f091882af8b675a18606d8	cocoa f:backend f:system
2f59a8792af1c08dfc0acac424e45ab9ab0feb89	cocoa f:backend f:system
d8be168474e47a8a9060a8a9bad920d0894c00cf	cocoa f:backend f:system
0569acd5d6550788eca06e80e40432d13785c205	cocoa f:backend f:system f:timer
043b28f4ba69f681a279ae02f752f33e10e6b54d	f:playsim f:user
147e05673d800dcfe6bbc0cde9ae26c15025eb5b	merge
4c470ba5c1a8f6e189d7d9422a6edbad6c1cd414	merge
2e085b23188b3472f1595340fe04eb85bf19f459	f:actor f:data f:interaction f:mobj f:playsim f:user thingdef
eceb37aa64d2286ab181768aefbab470de17f257	f:doomstat f:event f:game f:level f:main
938b54ccb5f62f864edcc1edf26fcd42304ddb84	actors f:codeptr f:constants thingdef
0ff65bb43089fcae61c272b65a43987a82e11820	f:mobj f:playsim
388454255dfbd753b91f668209e85d0e0e38e714	merge
c85105f5520f873f8c32bfddbf612260025b2ae4	f:menudef f:playsim f:spec
2f11a59be0d743b04d7a7885624ad7925a8f545c	f:playsim f:udmf
1a8da5185753d60f42c6dd83975637d1166cec49	merge
31611c17d572e2aab109099d047e157fd51682cc	f:codeptr thingdef
301092217f42c4db048abcf2b00cc1b6ae495588	merge
165d2887fd8bdab5e4f388c5db54e99c83e27488	actors f:actor f:codeptr f:constants fn:A_GiveToChildren fn:A_GiveToSiblings fn:A_TakeFromChildren fn:A_TakeFromSiblings thingdef
5977cb04d9d24265b823168ccbb663e9ff9c65a2	f:enemy f:playsim
c1a0ee9623637984ad01c75521b80bc410d895d2	f:playsim f:things
978667143c4acc49e323cb68cad0483a0b665ad8	f:playsim f:things
3fe8dbf66088fb56199ab8a5e41bf0f12f0475a1	merge
65cb662678c29c0d66e817a0d77a18e516994cf8	f:playsim f:udmf
6073adbeef6cb497084bad8371134648a18fe1a3	f:actor f:actors f:data f:interaction f:ironlich f:map f:playsim g_heretic thingdef
774db445ec815be0099e7b3fba08c4ffb1bc3eb0	f:actors f:ironlich g_heretic
c01d1a8003dcfb90abd3170545ec3891e5f67f79	actors f:codeptr f:constants f:interaction f:local f:playsim thingdef
f802d7a44c172709daccef7364a237960c06d748	f:actor f:data f:interaction f:map f:playsim thingdef
5638aab63c72906896ba8dec1a844a758b5423e2	f:main glsl shaders
3e50db9bf059debc6366f79ecc6e84a16276e433	f:decal gl scene
3c7664a4608ab6f6e963a2b35e971a32245bd80b	f:sprite f:texture f:weapon gl scene textures
bd811bea87c208681687c634b5ebd4b6fb2c105e	merge
be4b253215be99ae0de90b7b53bce267db9a685f	f:sndinfo f:start f:statusbar win32
ebbaf2f1b733b59504c90c9eece36810b01f3400	merge
b58595734ded02258c269bf4fc42677a74932a65	f:gi
82ac6c999ef0edd7d2123205252ac152b7d34a41	f:game f:level
85fae623c89d38d2404bec17e50ef689525210bf	merge
1b7c07df652b1142853706b7b296546f122a4907	f:bot f:game f:main f:net f:playsim f:protocol f:saveg
d1c4215fb541a5aaa08b86d7938b57fc449c0828	merge
fc0025963b1adc922be803967f36d6eafe7fbbb0	merge
0124d419310416d93d4373c81d159b08be0a05da	merge
d4c50b1662706b252ecbdceb95cf61a1d528d7f8	f:actor f:enemy f:mobj f:playsim
9435cdc5c9d18100fa8a8a7cbe37cd705080220b	f:mobj f:playsim
2e1fa70cbf45e3b3bd89c686265aa9753ce41e96	f:interaction f:playsim
ad2e16576c078ead9c67219af691f4754d527969	f:mobj f:playsim
edd53f22a1d67fcc3d7bf2114543e852bcebc540	f:actors f:artifacts g_shared
dcc318fdee62eec607978a8864c780ec4575ab62	f:playsim f:states
ef5707d73ba453968f61ac10f2bb31f80152697b	f:compatibility f:doomdef f:game f:main f:mapinfo f:menudef f:sound
fc40e9723a2b907e083783705a7b17106773c905	f:cheat f:game f:misc f:playsim f:user
cfe97b0f0f596d19bdaea88e4571ee95f25967fc	f:actors f:morph fn:A_BossDeath g_shared
0d3908a4f38bd9618fa5cbc150808daea0f423c2	f:playsim f:trace
8edace83c5b089530f6c34814ba08dbb2e748feb	f:automap f:common f:gi f:map mapinfo
313245dd77e7bd56cda09da105302e1ce51ded81	actors f:actors f:artifacts f:inventory g_shared shared
a19620968d92123eac5788492b57fa76fbfb7e0a	actors f:codeptr f:constants f:local f:playsim thingdef
d1dc6fd59aa6ff64fc3b39924b173f3ac7f55172	f:actor f:data f:interaction f:mugshot f:playsim f:sbar g_shared thingdef
b9800693679a860477713ef06880edd8ee4d0d09	f:cheat f:cmds f:console f:interaction f:language f:main f:misc f:player f:playsim f:protocol
1c500cead6c06d56416f27db414f5f247869c54b	f:codeptr thingdef
5513966165ce6b773558fecfddf6d05dd42b4dce	actors f:peasants strife
aa338a4dc674128db4899942bc92e03539f8f53f	f:game f:interaction f:level f:playsim
83be901ad6f3254b1cd470ec1bf5faa7e60a36ea	f:interaction f:playsim
5ac7e4fc386ed7850a18b9b9d2f1a748553ef062	f:actor f:data f:map f:playsim thingdef
b6f4862024d8c9b09145731892a11d9f39aa3548	f:codeptr thingdef
e81c404b0489d16049066238ce6e4d53a41abdd3	f:console f:cvars f:interaction f:map f:playsim
e28234a8b847e2701a596caf40261a8d615e0c29	f:pista0 sprites
6f7b83faa1383be3eee2ca841c67850568093c65	f:actors f:alienspectres f:crusader f:enemy f:floor f:lnspec f:playsim f:strifestuff g_strife
15b1c712578351fa523597216fbebcdf9de682a9	f:main
e662e4321ac114fc507da48075ea9e66a990419e	f:midistream f:music sound
9402bcf6cd654091f9ae2fdb848b04f9654d08dc	f:actors f:artifacts g_shared
5a91fd0ad44ef9c7f748ad8b6478b9ceba3a0e3d	gl models
f8016bef86910830da3c9fb65c5e7e71009ec8c3	f:voxels gl models
e5cd90f3230b7b4b73499f0d85e525381a54bcef	data f:vertexbuffer f:voxels gl models renderer
44968853668a6388e8de520e317121c4c0ea2baf	f:actors f:data f:pickups g_shared thingdef
68246051548602182df480cc280384246b5b2b07	actors f:GWANA0 f:hereticweaps f:language heretic sprites
bca47bb9bce19e9ae361b5b160bfb15a8fbd63e2	dynlights f:flats f:lightbuffer gl scene
f907de15b0dd15f0573a23dffcd67219159936c4	merge
d6a33a601d76748afd636ee77235a9b3cfe95601	f:3dfloors f:playsim
36b35e85f3fc067d0a8316b15bbb4cee91a5d0de	dynlights f:lightbuffer gl
066e53ae4ca179b9200c94b323d5b90fa5868801	f:sprite gl scene
618c23303f18cc33f50ef2a6707c29b19fbca96e	data f:vertexbuffer f:voxels gl models
5302a10a7d0f9ad50bcaf3975dbe09212288a9cb	gl renderer
111205a0f5da3ce721532188279cb932a095bd28	merge
89ce0b8cb77073ed3a18dedb8325153a6f0a4c41	f:shader gl shaders
acd4a71de2c9cdc12fe37ac88cdb413b01169ea9	f:bot f:game f:playsim f:user
6166e83d287136ecc9d68de4beae4b2d2644ec99	f:bot
c9bc9b427ca3238324b3f89b690c1c1dbf4be1cf	f:bot f:func
fafb0a672c2ae13353b9c287b3ffaf9da5634cbb	merge
ccbdcfea81b15bdd544661238a0fcfe1878e7cff	merge
09e0758507a9d36b5ac460482d297f93fbb85ef6	merge
20b740d5fc44418647aff7a5775aee2d6dc16a8b	merge
ed5108357269f07964a876ba0e893090dc3b3f67	f:net f:system
759f1bb81bd0c91cdd4f8df72bb3a44f18fc4acd	f:net f:system
82255c4dfd0a7a8bcc92cda6958f4d951147157b	f:acs f:playsim
b2110db1f5ff6fdc93113ea48243a22ee53dac88	cocoa f:backend f:system
949325df685c0e3671dcbe7e4caa217d311345da	merge
1715b25a3e8c5936d42420412498c64b8d119465	build
c29772de255dffc2cd62b8744b92dd668b07c906	merge
a6f64500bfa45b1155b805302f9c6cc3baa9de42	merge
c400dcf7365f5624d8a18881244b6675c64389e4	f:bot f:game f:level f:playsim f:setup
db323643f81cc3649782b5f5995187d2522a69bf	f:acs f:actors f:bot f:doors f:func f:game f:interaction f:level f:main f:map f:mobj f:move f:net f:pickups f:player f:playsim f:protocol f:pspr f:saveg f:stuff f:think f:tick f:user f:version f:wi g_shared
c9252d1919fb7f522667c14e5d77aef942380090	merge
57895d69f9ebdc133e29afde77ec94c17d299759	merge
9f1f17c306222ffb186eccfccb89fdbf78ba7ff1	f:bsp f:walls gl scene
29cf6b0daa63012611cbfed7cee1999cbb1506f0	f:main f:net f:playsim f:user
83d84eaae9e4e13e92c1ec585855fddd276eb2dc	f:acs f:actors f:bot f:doors f:func f:game f:interaction f:main f:map f:mobj f:move f:net f:pickups f:player f:playsim f:pspr f:saveg f:stuff f:think f:tick f:user f:wi g_shared
952d03da7c608ca483dcfa6f30d0d12ba62bc18e	merge
5de6b535aee1bc152ed2aa7461eaacd0b1d3bbfb	f:actor f:actors f:bot f:func f:main f:mobj f:move f:netinfo f:pickups f:player f:playsim f:user f:version g_shared
0cd736b48736d6bf8ded7e18acb8eacdc40baf29	f:playsim f:user
3e4446e46b56eb3688491b7cd601b88fe5038237	f:game f:mobj f:playsim
98904039b77a1c8afa0eb2d2477ea908b72f766e	f:menudef f:playsim f:user
25b808cd823a7654edbcdcf8e54b44dccbaa1295	merge
3e6ad8c1a8944800ad928b6f9b534150eadefbd0	f:game f:local f:menudef f:playsim f:user
0f19356e2481055dedb2dc508392e59aab33889a	merge
2228dcb32f7b1b76e34aac15799dc1db4a17545f	merge
e6f3007befcb653059a78a6bea69cbf630857fd4	merge
f766a1ab388d40769e299b733d0b72e8d6484b09	actors f:codeptr f:constants thingdef
47029a3efca0b61f05477a05ab28f518a61507c6	f:codeptr thingdef
3eaebabdf114c4ae9d6d8590e4e8681692af704d	f:playsim f:teleport
5d032f3fcfe3317c075778a7c74e0723252a0724	f:weapon f:win32gliface gl scene win32
3e2a17538bef6aa291a0b32ec274501a326fc73f	f:weapon gl scene
e1b8b4a8716e92316d4228469913ab2deb6dcf2b	f:playsim f:user
9fe2857dc14697db84d1a3f2c35a6195bc852da1	merge
ead8a2874d3b2d9ea4a2b988b8a025352b1ef591	gl models
fd3128a1645bbe3990d822d5183ad7830b906ceb	f:lightdata f:main f:shader gl glsl renderer shaders
71753743504660e73a25ec29c6328a0818f8fd42	f:net f:system
c9d603d1c3313b208d83fc9a3c5a3de54f1c33a3	f:main f:net
0c1fde81ad9097421040cfa5445ed987c5395e7a	f:main f:net
ae71f94ed2679ac7c8ba45ea83ace50896aa222c	f:game f:main f:net f:player
0f9a8176f54185d6ee1b73f1819788f2c92491ee	f:playsim f:user
f54a59fdf8e6d54f6cae8b9bd92f90b81bbf26c3	actors f:codeptr f:constants thingdef
20dea78ce9a16668061cd21d268103f33f96d32f	merge
c6e1ea864f38cb1f267f33fdd5ade5a9903de8f3	f:chat f:ct f:hud f:menudef f:scores f:stuff
981b5f32e0d3acbd5effa5882b163f77f66b96f9	merge
5030832df0141a7598f5a6d4363f3febf3711829	actors f:codeptr f:constants fn:A_RemoveTarget fn:A_RemoveTracer thingdef
3050ea9a6d3a85f89bcb27c5254e26cf0304a3b7	f:codeptr thingdef
7a6e704af6d4074bc774c016e5fbbc7daf4da981	merge
c66c49781114286734dd4482eb561de055e6ffbf	merge
cfb623d51783e093742c35ba27d17c6ab4d25ade	merge
82656df8c84e54406456486db3176f0fc50f8f32	merge
81076abba23987f163d1e59b42a02a5020e3157b	merge
770547e6618588a47c1c5d4b65bd3603cd59873b	f:3dmidtex f:doomdata f:namedef f:playsim f:udmf f:zdoom specs
96c6e7d9bfe5b466c85e01e6bee65cf62dad22c2	f:codeptr thingdef
43b86288c76e50c1eac79257714b5e3243b55be1	actors f:actor f:codeptr f:constants fn:A_Remove fn:A_RemoveChildren fn:A_RemoveMaster fn:A_RemoveSiblings thingdef
c4f0f95ec8bc0320f0d50be2b55bdc55bc016843	actors f:actorptrselect f:constants
a2f7b86a0f460c88821ddfb2463d2c9de252cbd2	f:acs f:function f:namedef f:playsim thingdef
42c1ff2310a1b0d03c03bbd7fa345b1c8ea075b6	merge
1fe5082eacd40adc0fc8d2312fc0f5dec77e7391	merge
ee09f8c72d2574e51d1d20a1c2bfae88408e1a76	merge
c962c56079480acff87afc078d23a4019b304492	f:gitattributes
97d5d614c481150b20d3c874b59024f2af20cca7	f:codeptr f:gitattributes fn:A_BasicAttack fn:A_BossDeath fn:A_BulletAttack fn:A_Burst fn:A_CallSpecial fn:A_ChangeFlag fn:A_ChangeVelocity fn:A_CheckCeiling fn:A_CheckFlag fn:A_CheckFloor fn:A_CheckForReload fn:A_CheckIfInventory fn:A_CheckLOF fn:A_CheckRange fn:A_CheckSight fn:A_CheckSightOrRange fn:A_ClearTarget fn:A_ComboAttack fn:A_CopyFriendliness fn:A_CountdownArg fn:A_CustomBulletAttack fn:A_CustomComboAttack fn:A_CustomMeleeAttack fn:A_CustomMissile fn:A_CustomPunch fn:A_CustomRailgun fn:A_Damage fn:A_DamageChildren fn:A_DamageMaster fn:A_DamageSelf fn:A_DamageSiblings fn:A_DamageTarget fn:A_DamageTracer fn:A_DontHurtShooter fn:A_DropInventory fn:A_DropItem fn:A_Explode fn:A_ExplosionDamage fn:A_ExplosionRadius fn:A_FaceTarget fn:A_FadeIn fn:A_FadeOut fn:A_FadeTo fn:A_FireBullets fn:A_FireCustomMissile fn:A_FireProjectile fn:A_Flags fn:A_GiveInventory fn:A_GiveToTarget fn:A_Jump fn:A_JumpIf fn:A_JumpIfArmorType fn:A_JumpIfCloser fn:A_JumpIfHealthLower fn:A_JumpIfInTargetInventory fn:A_JumpIfInTargetLOS fn:A_JumpIfInventory fn:A_JumpIfMasterCloser fn:A_JumpIfNoAmmo fn:A_JumpIfTargetInLOS fn:A_JumpIfTargetInsideMeleeRange fn:A_JumpIfTargetOutsideMeleeRange fn:A_JumpIfTracerCloser fn:A_Kill fn:A_KillChildren fn:A_KillMaster fn:A_KillSiblings fn:A_KillTarget fn:A_KillTracer fn:A_LineEffect fn:A_Log fn:A_LogInt fn:A_MeleeAttack fn:A_MeleeDamage fn:A_MeleeSound fn:A_MissileAttack fn:A_MissileHeight fn:A_MissileName fn:A_MonsterRefire fn:A_NailBomb fn:A_PlaySound fn:A_PlaySoundEx fn:A_PlayWeaponSound fn:A_PlayerSkinCheck fn:A_Print fn:A_PrintBold fn:A_Quake fn:A_RadiusGive fn:A_RadiusThrust fn:A_RailAttack fn:A_RaiseChildren fn:A_RaiseMaster fn:A_RaiseSiblings fn:A_RearrangePointers fn:A_Recoil fn:A_RemoveChildren fn:A_RemoveMaster fn:A_RemoveSiblings fn:A_RemoveTarget fn:A_RemoveTracer fn:A_ResetReloadCounter fn:A_Respawn fn:A_RestoreSpecialPosition fn:A_Scale fn:A_ScaleVelocity fn:A_SeekerMissile fn:A_SelectWeapon fn:A_SetAngle fn:A_SetArg fn:A_SetBlend fn:A_SetDamageType fn:A_SetFloat fn:A_SetGravity fn:A_SetMass fn:A_SetPitch fn:A_SetScale fn:A_SetSolid fn:A_SetSpecial fn:A_SetSpeed fn:A_SetTics fn:A_SetTranslucent fn:A_SetUserArray fn:A_SetUserVar fn:A_SpawnDebris fn:A_SpawnItem fn:A_SpawnItemEx fn:A_Srcr2Decide fn:A_Stop fn:A_StopSound fn:A_StopSoundEx fn:A_TakeFromTarget fn:A_TakeInventory fn:A_Teleport fn:A_ThrowGrenade fn:A_TransferPointer fn:A_Turn fn:A_Unblock fn:A_UnsetFloat fn:A_UnsetSolid fn:A_Warp fn:A_Weave fn:A_WolfAttack thingdef
68a5db3c8c429736c001d412c6a90703a2aa2288	actors f:codeptr f:constants fn:A_SpawnItemEx fn:A_Teleport thingdef
29c6e61afdb88a6611f8e594fd8ed12f71316119	merge
68c481945ad95098390b75153ea14b83e13c2cb7	actors f:actor f:actors f:doomweaps g_doom
e025f4090221746fc35db4065a2d1455117d737b	f:codeptr fn:A_Kill fn:A_KillChildren fn:A_KillMaster fn:A_KillSiblings fn:A_KillTarget thingdef
afaa88a4604028d968041bcd708e4a42354a7ae7	f:codeptr fn:A_Damage fn:A_DamageChildren fn:A_DamageMaster fn:A_DamageSelf fn:A_DamageSiblings fn:A_DamageTarget fn:A_DamageTracer thingdef
0735cb95502ccebc354295e2d38c506ba86afcc0	actors f:actor f:codeptr f:constants fn:A_DamageChildren fn:A_DamageMaster fn:A_DamageSelf fn:A_DamageSiblings fn:A_DamageTarget fn:A_DamageTracer fn:A_KillChildren fn:A_KillMaster fn:A_KillSiblings fn:A_KillTarget fn:A_KillTracer fn:A_RemoveTarget fn:A_RemoveTracer thingdef
5b71ce6dcb631cbfa8b902e3c3eac658e22b1eb2	actors f:actor f:codeptr thingdef
c5db63fbbb3eea6e98f1ee6e0537fd6b9ccc27d5	merge
54ccf5d44d0facf13f6d1af8c5ef9531daafad1c	f:swrender f:utility
0f62983aee83f0fbf7f7f9515af5b72cb63d42ce	merge
80060cf1acc62f15dd16fa39e2f85309200d7b27	merge
6586fa29fd67323978a15376fd91c5a3945938ea	f:function f:namedef thingdef
422e83a1b91dd749288f1314689db08f722ce340	actors f:actor f:codeptr fn:A_DamageTarget fn:A_DamageTracer thingdef
e25b91d5a1abf72f172a311fac0ed19882f4a1a8	f:main f:net
84cf79980397df87594816452fc917fdd2da6899	f:main f:net
8f82243f4c5a3ca729aa5e400b3447b64d8965e1	f:main f:net
9e68983b4469906102b7d810fe02e1756d5a3540	f:menudef f:playsim f:spec f:teleport
53b6e7d4d537c204646012bdb03b8f607402f6ee	f:main f:map f:playsim f:spec f:swrender f:user f:utility
ad0a1ad86576a5b5fd0205f9eb6de895dc4feccd	f:main f:net
530f4746731ac6d13c7b86646b84f4b996dd7d1a	f:main f:net
c661da299592b16981425edbf06914e5f4dcbc2f	f:main f:net f:system
42e6737803adfd3984ea3481667c0d668165f92e	f:playsim f:user
4db8b3e421d2018ac9d57abf5cbdf249adca4004	f:hud f:main f:net f:scores f:shared g_shared
6cd4fd81518f8e608250cf7c5004208164653392	f:menudef
c585eee82ba971ca92ffe18d53dd164238f38673	f:main f:net
78f8bf19d2f60ffef414a30ab004c082599d658a	f:main f:net
4041f56cc8d9d9105ff86e7d1f7b6d1b0ad00900	f:version
ded3bc73be14c7606c1970a8cffc0c04bee40b5a	f:main f:net f:system
97586c317ebaba058d25e981b968b90787516a83	f:hud f:language f:main f:net f:scores f:shared g_shared
542b8a7171a8e5daec4a0ec206c88c9bbde16a9e	f:hud f:main f:menudef f:net f:shared g_shared
b1f87295b86487686b789f9cd730be525bc6fbe6	actors f:actor f:codeptr fn:A_DamageChildren fn:A_DamageMaster fn:A_DamageSelf fn:A_DamageSiblings thingdef
79d9a573bb2520355d387f4b02fc6fc455b1c146	f:acs f:playsim
bb3d2fa5350cbb3b37147be73ac45a5d9c6fd3d5	f:acs f:local f:playsim f:things
b8e3f99ce6b4e9e0564e4679bc60f464c126b2eb	merge
0b44b51b00d1b21d5273fa2dc16e5b28f4287c50	merge
48da2f87bbba5beae46c89b865e43c551929338a	gl scene
313b2293193a7ba1d55cd85ffe52797f0e07d093	f:acs f:local f:map f:playsim
b2cf7d651256d9d02cf16352c4d7dff1046aecf0	dynlights f:actors f:dynlight gl
7359631a43274e3c8850b0a53a9a237aaa970b9c	f:weapon gl scene
468273658521ba20335a43da4e2c1d6ceaf5ceef	f:interface f:main f:renderstate f:walls gl glsl renderer scene shaders system
da87a34a6f37c6bf0787d80797e27c1b771070fa	gl models
a93cb0bfabfb9f4219e89fc5ed51c109a36f8db2	f:win32gliface win32
e14756e8106930d1e5de86331da00ff9ba2ce657	merge
f92cdb0ce799901e54795dbc70fe383f62b2ad27	f:advsound f:sound
cbf72fe9922e221ab441f7579c229382af72ab27	f:parse thingdef
cbf353ca527e5e19912c23bee87c6eeaea6a3772	merge
44683657f22e29330f302cd80f82e71e7012e617	actors f:actor f:codeptr f:expression fn:A_SetSpeed thingdef
cf5d608eb5484bbdbdaf220520d8175de42007fb	merge
49dca4d9cba994150e49b8b07fdf617a354b1f79	build
e8ca4fa94e9c92306b4da2566ee460d948df3029	cocoa f:system f:timer
0f602fb1ce3e84607d1b97f66286265a6d2f929e	merge
835dbe5bd030b7eac11f65cc57990b9616a4b13a	f:main glsl shaders
43e2d704a3dbfb777445d88f6078a23c3e5ff90a	dynlights f:lightbuffer f:walls gl scene
16a380f82ad5ded598640f12ac498e3b7cac9d04	f:acs f:playsim
33f83cc7f92b9b814f1bdc8e166da01d9386f453	actors f:constants
5c4ad9be68a09a08a1c328f346faebb5fc169e12	f:codeptr thingdef
c2377ff8e1cb5869ae0a10ede48db191859b049f	merge
0787f73cd49acc974d99a72fc922551ab6f4e563	merge
7a62459c00c6ffe8ff500ba20a5c55321b52f93b	f:codeptr thingdef
92dcf2e5efff356143483fe7db81bdef8a1613ff	data dynlights f:drawinfo f:lightbuffer f:vertexbuffer gl scene
c5e00dbc533a30e9d14948dbeaae7e5e3d0b4308	f:samplers gl textures
c773a500f29eecaf167ef768d33ed2b6df5c89c1	f:interface gl system
df1364e2d7bc3f23a1a3b7afb4c0be731fe080f8	merge
134c9ade21c23b0b775ffce2927b5a741b23c76a	merge
8ef16b72ee1efd7a9cb1a06683a8a4c93d304831	merge
864adde92ef98245551d2ab01ac222f332b36b0b	f:mobj f:playsim
1c96039d7a1146a50b52335e0af8623f97f98415	f:acs f:playsim
94123d5ef40e6843beb27a653f5e01dd3181a375	f:system sdl
a25ed3c80768fc2c85bdb7cc2d5781080ab62f40	f:sprite gl scene
77c4533e4b0024cbdd1adfc69aaebaf8a5837fc1	merge
2ed287428cb44329c662831950dd64202f8ec921	merge
4be9a716361c119c4d81eb1571f58420ca333b75	f:system sound
1b13e6be983c4befbdb2d78d050eb2da4753f03e	f:sound
8e7e16f73a8f14945d8e4aacf28aa4c359eb2676	dynlights f:lightbuffer gl
07ef7d3d5985a737facaab0490a9714e56624192	merge
60ff6c5f07ea280cad6ace3b75937cbcd154f9ec	merge
32f08adaf366a30d9bd091139211fc72555c11b3	f:framebuffer f:interface f:texture f:win32gliface gl system textures win32
5cc43137a12fa5868729b7c5616422401a6ec9bf	f:interface f:shader gl shaders system
cfc8f3dbbf7ed1938d2fb70a0d6c7d4718a89e93	f:framebuffer f:interface gl system
1a70a6aabcb6079a08222507515f3be3515e95e7	dynlights f:lightbuffer gl
ddf58b43c984384ff4284c8a63b9a9eeb3770c0a	f:clock f:texture gl textures utility
4b68891de75fd209dcfe656c9c6441d48f99b64c	f:oalsound sound
1529ff7730858118e1315885dc854013ce62e0e5	cocoa f:joystick f:system
cd46f95902eeb76368bd670ddac1d3644a8facfc	merge
ce678caab60f3cee8510ce5e596024b6ba83d6c5	f:decoder f:sndfile sound
c7fc44062edee00df4f50872bfbd66edfc1335b1	merge
1e3e94f8ad6073c6c148d7719668905eb668fd58	cocoa f:IOHIDDevice_
ee6e87d94bb5de1531d8c0614fa6fd2549ef7132	f:actor f:actors f:clericmace f:clericstaff f:fighteraxe f:fighterhammer f:fighterplayer f:mobj f:playsim f:pspr f:version g_hexen
f9741f1047468085851bae08370ac40b0f0b3770	f:compatibility
de68361f27bcfbc4613e5291ed3872f93441f333	f:dehacked f:main
2ada3fe00eb07330c0a1a15bad4a3a9f51e24463	f:game f:level
50a829720125a8ee4a865094a075591b3c03e9a4	f:game f:level
87472bf002128a1c3ee2fe1355535b9356c5188b	f:cocoa f:iwadpicker sdl
f0e9fde33662a6ab65ca0ed6ec6ef611bb8f4b7d	f:enemy f:playsim
7286ee96263cacc0059b7c5607fb4c7439105e77	cocoa f:backend f:system
b6f829979afeec70c6231317b99b7282f9811f0b	cocoa f:backend f:system
2be3b776d88c79dfc3fecd32e9f9c96dd0d83db1	f:codeptr thingdef
46ec364443d681fedfdccf89f7cbe8db967f3a91	f:playsim f:user
1e82d72349fa6df6f5a07ee39779c3b361962b3a	f:game f:level
a0f507d18f5d04695b66bc35e3412bcf8a82e25e	f:sbar f:shared g_shared
1baf355ecd3d8f8b2fad918be5f9cf724fe6263e	f:decoder f:mpg123 sound
3c2f1952fdd468da35c52eca4738de2e4f3295e1	merge
5a1ad75402c452e93a629f9d41d28223e848a610	merge
109da206a662eae371db104238a990b4c51d5109	merge
a2c81f1ca9f067c3ac557b5fab079e62f07f3fb0	f:playsim f:setup
1dab120e1571a14ffebe16dd0268363a4efbf94c	merge
0fd84bc8536cbaeb3cd72559c5873e7aa7539491	cocoa f:backend f:rbopts f:system
628f2cd474e1a21c33e081293c97be55ac061ca6	merge
713846f27a05c2dbe1ce5475fa34327ffc825e70	f:decoder f:mpg123 sound
27ebfa783e99559ce855a6c1feeb83ff9446d5ac	f:commands f:sbarinfo g_shared
0223b7f4601e0018c8479394108ee0f86dae8244	f:commands f:sbarinfo g_shared
ca22f2dd3f1fccbf89566a7141b99f1b40ef247a	f:midi f:music sound
25951362fc3522cf1d9224215a56b81587763a6e	f:fakeflat gl scene
77cce303eff2cfde5e1e9bae4170ff2223e66895	f:sound
ff6eb6df5c53d577e46889dec3ad42f2b91b92b7	merge
acf6c259d84d3c7670d6bcf81bfd29a37b8efb27	f:bitmap f:hwtexture f:interface f:lightdata f:main f:material f:renderstate f:swrender f:translate f:wipe gl glsl r_data renderer shaders system textures
4bb320a27c461af3e99ad92e75dbf9679148df62	f:decal f:drawinfo f:flats f:material f:portal f:renderstate f:skydome f:sprite f:voxels f:walls f:weapon gl models renderer scene textures
d5633701b4587ca38e838f53de18a91bb8845fba	f:burn f:wipe gl glsl shaders system
c6f4c0b6f0c54bb27911f198a64a681da537d8c2	f:material f:shader gl shaders textures
62880f113be972a97255af4c1e9b2af484278567	data f:setup f:walls gl scene
9b8869e78d5e1d7e55bbafc7f918f1ef6959b8ae	merge
86d9c7ec8ee84bee60a459c975f3802d158d2b70	data f:3dfloors f:compatibility f:drawinfo f:material f:playsim f:renderhacks f:walls gl scene textures
e2c2f635ac564d93267d50899bfca235a16cca4e	merge
5e34b78451869558b38e8f08fba8102da40d2a0a	f:compatibility
0ff061b928af4a480646926fe9c66d839e1ddff3	merge
580e580c429885a34d2770fd8a10426510e0eef1	f:compatibility
3d2646cbaefd1e6411bd04f31c9ac3747ae08aa3	merge
cfd24f438f0d1f1bc84882d3e2bf9b072bb0881e	actors f:actors f:constants f:doomweaps g_doom
4659a87292cbd512fb673dc19c8008d8a2ec1b04	merge
e29fce6951c70e5c2036e6dfc4ccf0fe38f24f00	f:texture gl textures
e60d181e874bc1d04ef4f5a0ba2d19027987b08f	cocoa f:backend f:system
45a88780b0db0b2da5839bbd5078236db7fd498c	f:cocoa f:iwadpicker sdl
4d799cab702cf67ad5d3a101e39b4dd4530555de	merge
49382a2a146544e95f4278fb824b3531aae1202c	f:game f:iwadinfo f:level f:mapinfo
b96dd6c42142fcd1683e5349480ecd0286522c8f	f:flats f:main gl glsl scene shaders
fa3a62e954f6f106e598f0721a5e264a0c77221f	data f:setup f:walls gl scene
a280c20b4eb7b378ae8e404d5d80112b47cffc3d	f:hwtexture f:material f:wipe gl system textures
12160bd29c7efd09f92aecd4a025fc6f77ed6b85	f:decal f:drawinfo f:material f:menudef f:walls gl scene textures
6a3cd6378a833e15dc0af76d14d1602a34049824	f:clock f:stats gl scene utility
49ec7beb8f1211cf76191e117f49e63fb70e9b66	f:drawinfo f:flats f:walls gl scene
8f238f8d3269b579a2d46efbffd4f03095643dd2	actors doom f:revenant
1d2aa3df0c6881c74e1ef350b8c9c19c5fc561c4	f:console f:dispatch
a903cbe12e9122ba0b325321cc2ad8e241da73ac	f:drawinfo gl scene
bf03d022280a82f27bf947b5854a8f4edbf2d741	f:interface gl system
904cc2e158593ca26dcf9698dfc42aca694c0f53	f:bsp f:cvars f:threads gl renderer scene system
51d7340288e477d8f44af7992ec2fee439105f6e	f:midistream f:music sound
5364116354303317922427a8f12764b0846c49ca	f:acs f:playsim
bf6079af4693bb1e486da4620c4629d9bee730ae	f:material gl textures
1050013017a5c37814269f6823cafb0df5b0d49d	build f:decal f:drawinfo f:flats f:hwtexture f:material f:portal f:samplers f:sky f:skyboxtexture f:skydome f:sprite f:texture f:texturemanager f:video f:voxels f:walls f:weapon f:wipe gl models renderer scene system textures
7a727b68079c94441b759a8fdbbe5c7bae1c879c	merge
816999109ea28871c7ceef09aa72861dae7a7d0b	merge
eebd5c9d4da705d6fed48cafd21b38a90c54ac7b	f:base xlat
df0d3543a85076168fa73b26486ac9a105e69a7d	f:actionspecials f:base f:ceiling f:cmdlib f:lnspec f:playsim f:spec f:strife xlat
d794d9651fc95ccd842c08ace2ec416e8d991200	merge
274a4216ea2b65d1d086884933adfb08bf8d1a0d	f:load gl system
78815a960195bc095a0041764e060b034ca280ab	f:wglext win32
e132fc5eed66fb4403c70055e500e2ffa727a337	build f:framebuffer f:load f:win32gliface gl system win32
07d7f690e8bb83f87e48d30f2842ec7b28d795db	f:swrender f:things
6f65bccf1c805ef001294b86f604cd49d7a291ec	build f:asm f:hq2x f:hq3x f:hq4x f:hqnx f:hqresize gl hqnx_asm textures
86d37e06f961c55d4ad02d5aac8788cd15e5190b	data f:interface f:vertexbuffer f:win32gliface gl system win32
a2dc4afe3f7318c4d5650b77b1277e5e26d2b640	dynlights f:lightbuffer gl scene
00d7707aef51582a391edb9c9a546a92ad1dd051	dynlights f:drawinfo f:flats f:lightbuffer f:sprite f:wall f:walls gl renderer scene
38796e7714730ba4836720ef4023b3234fb53e03	f:framebuffer gl scene system
9479a89b667af93028e1ea7690431a15f0f48b25	build
cbe6cf2d411bd3efd5e32de3722aa41768493759	merge
b461000795f3c52beed13f90498c2cf80d1a839e	C f:CpuArch lzma
5d6ef5cb16780f018bcbfdf153c95af1821757e9	merge
c30cfb3190c08ed866362926e458b8b2be936c55	merge
f482dc094df50a6bf4ae5608dbb564a18bc864fd	f:maputl f:playsim
48163de8e2485116e3007cdb0245bc975e8eed80	f:cmdlib
f0eccb9d1541ea1fefcc82cdd02a0b7b2dc73fbe	f:acs f:actors f:armor f:pickups f:playsim f:version g_shared
259466c3d462f55a7f8b07abfe850c619d0076ab	f:cmdlib f:commands f:hud f:sbar f:sbarinfo f:shared f:statistics f:strife f:stuff f:wi g_shared g_strife
96a3e0f7298b75d89b01aa7b4c1118db8817b13c	build
2649b4c26afdbb587535f76193b03b1e6a34057a	cocoa f:backend f:rbopts f:system
f8dfdbd4a45ce6fd303f7ed519fc351685502120	cocoa f:backend f:system
406ee9234aee08b65450dacc57ffc027fc15c562	cocoa f:backend f:system
efdfeeec908357db63de431bacb264ccada5d507	cocoa f:backend f:gui f:main f:system sdl
b6404180bbc013daa75537aec64d328c7bcffb69	merge
18c9caf68d764759d35182dbf86b4bfbc873862f	cocoa f:backend f:cocoa f:gui f:iwadpicker f:system sdl
82e8c514e993910dcd351f4227a7c8d5c42aefa8	build f:cursor f:gui f:system sdl
1fcde912984c9a5628ca01737b24c9787153c1de	f:acs f:playsim
bf0856aef5e55c7b10eac2cb7ac4e9d0489a163b	f:bsp f:segs f:swrender
891b3da1038a0a3cb759e39678881d480c2bed82	f:bsp f:main f:swrender
fefe6aa2c105e38056cf35668bd51f5f5b4073be	f:map f:playsim
75dc7de632a90fa03a2c14acc0946962350a56ea	merge
46592f5f6d3c72938911df920a9afb4391964a33	f:buildmap f:playsim
fbb5689f298348003c5fbf90956656e1f946e30f	f:bsp f:swrender
e6a1d6b516eb45206e8a688de26dd70c357799ef	f:buildmap f:playsim
9659b894a3663aceb640d61e6950e1ac7ef256b5	f:swrender f:things
7b02027ba72879a95261d353f1155c0e8d33a823	f:swrender f:things
6303935ad61bc360dae646ac052a784b1d68e782	f:swrender f:things
0aa67c68ab44ee79dbbad27765ae41e18d41256d	f:swrender f:things
e1ee80661e285f2be6d3ef58e5ec0e1fe8d554fe	f:bsp f:segs f:swrender f:things
8c4c011ca217210a2806ef9f9847215644845a75	f:map f:playsim
5400ce1a218d3391b20953b9837ae356ac7c163a	f:map f:playsim
b9ffb51d0c7d61693982fdfe7e7d5803d29c853f	f:wall f:walls gl scene
00e4d4e2df612ccaefc8aff68a52c8dfb626e835	merge
09a68e8c9372f47920036d60cac0b9139f714a7d	f:shader gl shaders
370582d2fad3429d99dcc7811cfed454709f2eda	f:version
19cfffebb3a141f9fa3a5a167e96cb3ac8d6582e	f:wall gl scene
313173aa32fb869bb038ad73f48beabf8b9e6201	f:system sdl
4fb1e7517c8586cbd6db4ea935ac2bd191ebc520	f:sdlvideo sdl
177112603dd4d146a8e33879ef2a742e53a9eaee	build
e12f860f1bdc63d5f4835b568cb4023f7d72e15c	cocoa f:backend f:joystick f:system f:timer f:zdoom f:zdoom-info
fecd1b640103640af70fa4135f5ffa6c515708fe	build f:cursor f:system f:timer sdl
d6cc6ee452633ebfe7f587bf8d51edf38652ee54	f:main f:system sdl
906102c3b6112e83514dc0a58a8b1bf1026da796	cocoa f:HID_Config_Utilities f:HID_Error_Handler f:HID_Name_Lookup f:HID_Queue_Utilities f:HID_Utilities f:HID_Utilities_External f:IOHIDDevice_ f:IOHIDElement_ f:IOHIDLib_ f:ImmrHIDUtilAddOn
2efb62e8ef75e53229ad277fdbae57dba139e09a	f:nodebuild f:utility
0a5dd940728ed9f94a74ddd92b394aabc23f20c9	f:game f:level thingdef
39e2ebe42502f674c1ea8d386355c6c47a606a11	f:gccinlines
32af6cb0cff91b4eade5eb9f7cdaaff60c92484c	f:bind f:chat f:console f:ct f:gui f:main
c98e3ca99d3f3f30e4f40b92d124b7f6c91a749c	merge
b3e0d93385ee801c1ee580e886504041f8591d83	f:playsim f:setup f:sprite gl scene
398d902e7e527f78d109ff70eed53676ce63e9aa	f:playsim f:setup f:sprite f:wall gl scene
1b55c17379457d10c273a4bdb34afc3dc406c446	merge
1d02ad3aa208723d64ff1e7fd837afb33de663db	merge
d0043bed78082c7faf749236c9939d90a081b25e	f:bsp f:segs f:swrender f:things
a1b579e5fccd16b7aaf73d0bb0c8c4018fc11830	f:menudef
eef4d1fac18e6918fe8f82c180d846c01e49894c	merge
cd5e429d3b0251b3d6da23e64e2a0d59cd2b9499	f:version
a63871d1709beedb4a8ec34a2f81733e491bdb3d	f:renderstate f:shader gl renderer shaders
a97b58fa27e648afff6f6097896957ba6db0f4d9	dynlights f:lightbuffer gl
6ef67e1d3e078c193245e3d9bc96e1931704d4f6	f:acs f:playsim
e35fefdc06b9a185899df9f3d3bcdaedfb0d2895	f:shader gl shaders
b2860a1d63170ed4ff4e1db651764dbd64af6b1e	f:interface f:shader gl shaders system
9716a61219d7cd26225ccbf18605bd2766a29632	f:hud f:shared g_shared
a8e9c1832f371853f2698d2ab82bcdddd61a79cf	data dynlights f:bitmap f:hwtexture f:interface f:lightbuffer f:main f:menudef f:shader f:vertexbuffer f:win32gliface gl glsl shaders system textures win32
7967082e603cb13fe45f14d40bd2f4485bcf4e1c	dynlights f:dynlight1 f:flats f:interface f:lightbuffer f:main f:renderstate f:shader f:shaderdefs f:wall f:walls gl glsl renderer scene shaders system
15251e7a2167ab4e8ff54f6a9a9910ccf3140f7a	f:buildmap f:playsim
a600a816c3587db91a06b71ec3cbff6b40f4360c	f:bsp f:segs f:swrender
b0b9c57e8525bdfb2a0cb8d5c152168c8b52ca96	f:segs f:swrender
fc63e9db3ca384e8d6228d56739f7bc95646ffc8	f:bsp f:segs f:swrender
bc450808b29e2ebfeaf7f2e2aace8f87aab3f7e1	f:bsp f:segs f:swrender
bbc3b69a7c227e319bbaf24bbccd9350ef4136ed	build f:main f:polymost f:swrender f:swrenderer f:zdoom
4cf468452cea77af73cfe137c890192f87172d51	f:bbox f:defs f:man f:map f:misc f:playsim f:polyobj f:setup f:swrender
e55e7b9a38134be754b8b5b6d05477818a646b12	f:buildmap f:playsim
01a1e100845e82ddcad49622bc657f30e3e9f43a	merge
09ae52e26bf1fe85420f0081c737063ba1d73357	merge
1ec58011d2dc761043d19e9b098b3969cf26ed55	build dynlights f:lightbuffer f:shader f:wall f:walls gl scene shaders
ef8f66c9a1acd6df65e5d6700305e4e391b8cb26	f:hwtexture f:interface f:main f:renderstate f:shaderdefs f:win32gliface gl glsl renderer shaders system textures win32
a922ae04cca88ad5a46df12784f4965fdb7e24d0	f:buildmap f:playsim
449a17c2f4e33f64e1f9f81e1d9d68634085fd19	f:advsound f:sound
e0e00c4f8c0f964f01c3ae9f48a3b097581bf882	f:advsound f:sound
4296e9caa2558bfc27aa5baa2dd1d7b36e8dfb87	f:advsound f:buildmap f:playsim f:sound
d602b272b50ec4b2f25569aaf0d79763aea07dfe	f:glnodes f:playsim
00854dd09e72cf11dddb1a0042baf02513f1c240	f:playsim f:setup
02e7c56c820d464286dbad216a987904c49d1b93	f:sprites f:texturemanager r_data textures
f3d8edb4d87e2cfbf9f998172929cc82f7cccb41	f:buildmap f:playsim
a1dfdf0fc7f97a9887144c078f3191a7b74e1ca5	merge
ea7ba9dba3ed1301e52d4e6f982dc31874827b82	actors f:acs f:actor f:map f:playsim f:properties f:spec thingdef
0f8a0020ed0e8dcdcbaebf9dc19a08ed6ed6f0e7	merge
cd28ad78a3258a6e54f9139e547741e12579cf55	f:zdoom
7280d278d90eaed2c9f216ce767d9e5202e7f18c	f:7z f:file resourcefiles
4c6edd5e58e5b61b601d39a4aec271e1ec2d4747	f:acs f:playsim
6af441c4d7509b1e194fbca053338940ed0c2db5	f:main f:net
beabfad29354d38f6ea19785293d9d4b52b89afc	merge
318aebc4ad9ff6cfc490ece5051b8e49b16c5235	data f:setup gl
183d0ba82a62038b108c5016599a02137e200699	merge
355dd1c2f5e958bab31da71068e1ab2c53c9f69e	f:defs f:interpolate f:swrender r_data
993b6c30665f6ef11d5808dd574a824c07b58a63	f:func fragglescript
192daf1d5a97878691dfed6fc016c9bc48275f8b	merge
ece10bb57ff0c5b1a708af9c6413af38059098f3	f:sprite gl models scene
c9c93a58a2129f79a3c53f7bc4102d03f9ea9e69	f:flats f:framebuffer gl scene system
3d24f58bf05ed4eeaa6e84d2bf9033712f45d51f	f:interface gl system
29a56fe01cf23a1466f6da476baa0281076ec261	merge
925305aa051157709ae6a98f21c6d2497ec4b9f9	data f:defs f:menu f:setup f:swrender gl system
754c96a540c1f84706a169aac22f5c6793730dd7	f:shaderdefs glsl shaders
7e7219a84ba5822baed56117b20204e000bbff43	merge
4904abfc1cfc54c54b82207958dd20862c410674	f:interface gl system
97341fcb31b0e0c11f592882f4c4e98fd099e31b	data f:interface f:vertexbuffer gl system
c1d8f235c25e9caaa720dbb47f86eb7defd26fab	data f:matrix f:renderstate gl renderer
77d9d9b2a588c5902dfb26ebb8affe3fdab2bdd7	f:shader gl models shaders
6d4eb7f62d73cd9ea7ea7630b5af3d588a45b5d6	actors f:actor f:data f:inventory f:mobj f:playsim shared thingdef
e07d06fa2ab92df1301f8088d9d48333a6a8bf27	merge
7ae25906fd343f1b61dfe69929ef8c1243ffd13b	gl scene
bdf5bbd34e0148a4f8a5085b6761e9b72ccb3213	f:material f:renderstate f:shader gl renderer shaders textures
637aa9d77e8b0abce6b49b0ca4d085fe370fb8df	f:cvars f:interface f:menudef gl system
0e647e0f2b741a7b14ba354c91d32dfab04dd11b	merge
8465a5f5d7c278900acc39ae9a2ac3896b35d250	merge
6c9a818220d7a7c69b3b8848340e8153a07e6f54	data f:vertexbuffer gl
79f39843464370d5782f62412d2b8f42dbcd31dd	merge
5576892c013039bbe5d9baec0019f39ed62b706e	merge
e7f844b61af03fe7f1b9738ba60e6d1c0311eac2	merge
a21f01bc5f9b656f2a35376cf850808bac5ea792	f:actors f:doomdef f:game f:level f:main f:menudef f:pickups f:version g_shared
ff257a0300271da8c55a5d664ee482ffd71834fc	f:lzmalib f:zdoom game-music-emu lzma
0276760a2d45dc5928e8de5cd51446af17b4dfda	f:playsim f:spec
ae2f7b87071d7dbcd2e0d274485411106a7a70b1	f:playsim f:terrain
484eb347ca9f2fc0d565f7f8f9bf27dc0d06aecc	f:main
e0b756e511974a9bd603deccd5bcd0f8deee8ad2	f:skydome gl scene
f64428dd2a986457bfc2cbe36756526725726fff	merge
b78b566b0ab7de5d678a183106760b0c7c5cea7d	merge
eb9d2d99171e0fac2fb99770f4330b57708ab5e1	data f:fogboundary f:interface f:main f:material f:portal f:renderstate f:shaderdefs f:vertexbuffer f:walls f:win32gliface gl glsl renderer scene shaders system textures win32
f99a84b498976c82e7410f94e9fbaced45cb6c31	f:console f:main f:net
84cb49b074962fd114c1dfd5268ece46ed5b0f4f	f:acs f:playsim
b6bbdf619573fceebfb14a37d7ad0cc3177145d6	f:main f:system sdl win32
e8233d7e878810835f422e7a82e6a1a87fd89dfe	merge
d43226631d0bc01b0bac242d5f1297774ea326e9	f:oalsound sound
bd5bf2a40afd466245ded5630a66352ccbb524ce	f:language f:main
bfbea404156633b8d9360995fb9250c5f78a0e1d	actors chex f:chexweapons f:language
fa5dfe79aec92b0876ad2c325b6d3c84839d1ea0	f:fmodsound sound
20207699671531fd95cd7d01ff39dc7ce9ed522e	f:interaction f:main f:net f:playsim
6b9d6787d9e674f579b214af94ac3328534e9be1	f:drawinfo f:sprite f:wall f:walls gl scene
b8bcbe819be221b9fed81615158fdcc0dda2e861	dynlights f:actors f:defs f:drawinfo f:dynlight f:dynlight1 f:flats f:gllight f:portal f:skydome f:sprite f:spritelight f:swrender f:wall f:walls gl glstuff renderer scene
fb6b4238ed32e82ff1dfb1f08cc49a9bb972e8d8	f:flats f:interface f:shader gl scene shaders system
fc0cf4f998ec4721a7c44dd9f16bdcef45ca80f8	f:framebuffer f:interface f:main f:win32gliface gl glsl shaders system win32
6046b11b4f38b8657a41666b8a8985955c09e1e5	f:burn f:fogboundary f:main f:shader f:stencil gl glsl shaders
eedc5a69be772ab045d79539c8bbeb0f253cdc20	data f:main f:shader f:skydome f:vertexbuffer gl glsl models scene shaders
1b7f5a2e6aca704711e581259c335ba05f1be662	data f:main f:shader f:skydome f:vertexbuffer gl glsl models scene shaders
5a322742c350007b5f2b715de7e565673e78a635	f:main f:renderstate f:shader f:skydome gl glsl renderer scene shaders
5193f6cfef8dde32d0b37005d94c726c09a6d01e	f:brightmap f:burn f:func f:fuzz f:jagged f:main f:noise f:normal f:smooth f:smoothnoise f:smoothtranslucent f:standard f:swirly f:warp1 f:warp2 f:wavex glsl shaders
ed8a21fd86d5f9636e6bb47f81c3e320166a4b61	f:decal f:flats f:framebuffer f:main f:portal f:renderstate f:shader f:shaderdefs f:skydome f:sprite f:walls f:weapon f:wipe gl glsl renderer scene shaders system
84a49e37eed36e939e05536bcd9859a751452b2b	f:main f:walls f:win32gliface gl glsl scene shaders win32
ed5ee4e8d196a27af348a769a55e11140786767b	f:framebuffer f:hwtexture f:interface gl system textures
4df25d951b1c4ddc557fded4481ead0bb3bd9473	merge
4297bd9a518117240dceece3530c908399c4d186	merge
1f2f7616e17e93b52f2bddf93433ffcb58038a88	f:renderstate gl renderer
150135a07d31a2fd5471a2d9907784ef705f0aee	data f:vertexbuffer gl
ce3653f6e1d2ccba096e2e9f0f59b3ba1c1be715	data f:flats f:renderstate f:shader f:shaderdefs f:vertexbuffer gl glsl renderer scene shaders
2214c0ac06081711244beb529703ff381d3b2223	data f:framebuffer f:matrix f:portal f:renderstate f:skydome gl models renderer scene system
dbb05c5f339d6e7ca40bfbfe19f96e4709c8b707	data f:drawinfo f:flats f:matrix f:portal f:renderstate f:shader f:shaderdefs f:skydome gl glsl models renderer scene shaders
9230a20f18a22d7880813dd045854e02e57dcee2	f:portal f:walls gl scene
00fcf4bc06d1af43990bb08ca51c5fa1f3986f05	f:fogboundary f:main f:portal f:renderstate f:shader f:shaderdefs gl glsl renderer scene shaders
60dc2e112214b623562744d0918a8dd43f635d59	f:stencil glsl shaders
d868f60f6c21c8df307b569e6dd947449870da09	build data f:fogboundary f:main f:matrix f:portal f:renderstate f:shader f:shaderdefs f:stencil gl glsl renderer scene shaders
004cf5748c6a425fea717635c7269608d52c3c61	f:func fragglescript
400a573e6505f4759d98774726a40ac701187d04	f:acs f:playsim
e1130b860ea5c56b0c0ba2218bf81851e9b5be4c	f:mobj f:playsim f:version
7cbffc7c14e0a3e7b68891bde39263db5e8905a8	f:shader gl shaders
a936629cec470e3c4bdf6bfcf9481c6bae39e5ec	f:burn f:main f:shader f:stencil gl glsl shaders
e691341541816122ba09aac8b40d4fd3c50d450f	merge
e1729a9ec206b20a8ea0b9c2314d2652c697cd0f	f:hud f:stuff
1aaaac900dc4ae1f452a6018d5aae4dcce9a6470	merge
d83f048858c6ca3be9442dce658a4dae542ebfad	build
92185f96ebf0e7afc8389ba9fb8a0c165082deec	f:renderstate f:shader gl renderer shaders
9a6bc64381434e631c96358cba19159697b873a3	data f:skydome f:vertexbuffer gl models scene
5ee626459d1926fe96e11d3fb7bc47c9520f23e8	f:voxels gl models
f7105189036de62db1ddef10be818c21c20d18bb	data f:main f:shader f:vertexbuffer gl glsl shaders
6efefd9b7f4098c878a04637dedd7bbd93413d58	gl models
54297acde4a3bd826e27656387657dab0ce9cfc3	build dynlights f:drawinfo f:flats f:lightbuffer f:walls gl renderer scene
9c5cec0056ca64544293657acb05ce60b7289f74	f:wipe gl system
1efc2938b77925bb931b1063e6aa2814aaae6dce	data f:main f:skydome f:vertexbuffer gl glsl models renderer scene shaders
dd05e564cf1c0d1eb6b878c9690e4a3e2fa6cf1e	f:3dfloors f:playsim
2cd1118aad8580365e6c02bb0ac5c9b08dd68995	merge
a33b49c2c2ef52701a39bc3b2c4cff97e3a6e9d4	merge
9d1dbf4eab1ad27390f44e729b1e99d6bc522bd4	f:main f:shader gl glsl shaders
d0e551060dd0f5a78dcce5a013dc29110874047b	f:3dfloors f:playsim
ffcb6cb70a5940b45d483a506b5ce0d25b4a3bde	f:framebuffer f:main f:renderstate f:shader f:shaderdefs gl glsl renderer shaders system
08054ddc34d42635338ed210b90adfc0e8315100	merge
90fa215da2c797ab02c9292a598dbd5a3ccfdb6c	f:oalsound sound
48df515dd12ec445df6285efe8b49a48404b0f79	merge
77277f4f7509ada7d6874fa62266f88024e77d22	merge
7d7f146ce1ed2edda1ef9f0a345ac6d5456ebdaf	f:codeptr thingdef
ae95a2d5cfcc0f4ee7de04158d8c64925e42d990	f:oalsound sound
c4bc5f7b97554f9e5a1f3e622bbe6cfd2d6aff6e	merge
6e64545725061138a45bfad04fc33688d56f2836	f:sound
7f3be7bf14eddcec82e89e01f0a25b83b1a64ea1	f:oalsound f:soundinternal f:system sound
65203760a841629f642c91d92103adbb554837bd	f:properties thingdef
7b69c60af13235f8210644a6173bc3b9d038913d	f:main f:system sdl
e6d468eb3824266f2a068394a8edde2911c20584	f:misc f:swap
afcada4a3b094bc6275a55a135b96dcbd8d04631	f:oalsound sound
7908116fefc035b173ff7826d3be7b550d0bf362	f:oalsound sound
c73d97af44c306c8df7f940bb305b2b2087ac40e	f:oalsound f:tarray sound
a630c47e6a8692fb03e03cbf1a9a52d4b079e4f4	f:sound
d55dfcdb1dd2dd834bb1598709d6dba97bec4eaf	f:sound
6f8545e694ae334184dff5181e24ddce0dd41683	f:decoder f:oalsound f:sndfile f:soundinternal f:system sound
a16f9d061ce05582faa94af36f29c8936bf0256d	f:decoder f:sndfile sound
d941203ab0d3c583700b8a91c2686ff89916a9e2	f:system sdl
1a40c95f84eb0114ac25e1b4b7a0f77eddb4eaef	f:advsound f:dumb f:menudef f:midi f:midistream f:music f:musicinterns f:pseudo f:sound f:system sound
28afd04aefe52c3fbc5ae376c2bdf09e37167cdd	merge
19415668ecfc6b79a9d7ddb72365356db3e33a61	merge
1ae53473ff3953f6a337efe09eee60cb5eccf598	merge
cb9877e7ffa2f48876a4c076398bec2851d92de1	f:7z f:file f:files resourcefiles
0cb15478908a11fe4b59bd724afa22b9cca17aab	merge
270541f9422038c829f673de30a0b4e4562d05f5	f:7z f:file f:files resourcefiles tools zipdir
0adfdf31dda641827a69557ef67da3795b8b9b05	f:oalsound sound
a6900b48baa584d83239a9234ded3b6f42eaff4e	f:oalsound sound
c6bb52c866dce8248e6a136f3f59f21708530bac	f:decoder f:mpg123 f:oalsound f:sndfile f:soundinternal f:system sound
fd25ec2a625459c2fed7b34a5a28a1e860dc94e6	f:oalsound sound
d761dd1ff69f30239ed2866cd951a5ec495f814b	merge
3d33f565a458ab586d0ffbe49611332ae4bbdd6b	f:fmodsound sound
1a3ac9d0b36fa7dbaefdf2df1246cb8b246026cc	build
8aff59e7047b4973013c34ff5b55dd611c152e85	merge
0be30c782cab1cf2f8ab18db1e96f2d8eea8fa3d	C f:CpuArch lzma
7f5b5381101512467617be8da623633d94f5b80d	f:oalsound sound
9c12abeb2d17ff4de8796d122c33c71cb061818c	f:oalsound sound
0017e1e6e833ef2490ba16dffafde57aeea7b39e	f:cd f:decoder f:dumb f:files f:fmodsound f:gme f:hmi f:mpg123 f:mus f:music f:musicinterns f:oalsound f:opl f:pseudo f:smf f:sndfile f:sound f:soundinternal f:stream f:system f:xmi oplsynth sound
f4afc8cf1ae8fe655090a3c77bbe78f101669d9d	merge
bdddea541f4513999e4a77ec5a2ac4c280b7e68b	C f:7zCrc f:7zCrcOpt f:7zVersion f:CpuArch f:Lzma2Dec f:LzmaDec f:LzmaEnc f:Threads f:Types f:history f:lzmalib lzma
0e3bee6f300b9e441161a3f642354750ff603f0c	f:system sdl
e15f80f64048a37cc4300d7acf9efd0554e98875	merge
e2e71e072e33a49e1a20277426120b5359323377	f:shader gl shaders
075c5d872dd93cc6c44978b6ce0594372576f21d	f:oalsound sound
b2f9430fb15fe4c95f9faf73e74c60338e04f622	f:oalsound sound
a434af92ee6b59a61ba9b9e987791b4bc86cad35	f:oalsound sound
4f599b7b4d029d7438f0abf835ac8f1fcc471626	merge
e56e525d0ff9b946031058278013bda688bb60d4	actors f:codeptr f:constants thingdef
6164807e97764047ef39699a7602ee9860d4d5c7	f:zdoom.exe win32
640a6156e57eb70e53e4498b4d76aef1c2d67a50	merge
1f0c69a0e9d7ab988497e2cfaa0501cb20a33045	f:hwtexture f:interface f:wipe gl system textures
2925c96b596ce71a4e01463a611318465e8c4661	data dynlights f:dynlight1 f:flats f:hqresize f:hwtexture f:interface f:lightdata f:material f:menu f:renderstate f:shader f:skydome f:sprite f:texture f:walls f:weapon f:wipe gl models renderer scene shaders system textures
d5dceb68748e93d1949136104e8b8a17a21bf84f	f:bitmap f:hwtexture f:interface gl system textures
845e369b875114b0a14cf30fc6810435b620237d	f:oalsound sound
f0c9aae6706c770327788599739e50eb992850ad	f:oalsound f:soundinternal f:system sound
ef7ce41d0786c8c56b1cca7e5e4317fefa593ca8	f:oalsound sound
fb07f7ef076dae6fd4f3c2da7742a536d72ce7fc	f:oalsound sound
906b828d877b14efa2fc10570d10a3a3b5167c8b	f:oalsound sound
42fdc3c0593682288f296fa5da1bd68fe37a9649	f:oalsound sound
0f234fb36dc29af4e37111f990901c6a0870c49f	f:oalsound sound
4f6861d7984d1737103f64fa00aab77d9c4e0667	f:decoder f:mpg123 f:sndfile f:soundinternal f:system sound
e2708c8b3e056d8bf39e79035721ab7d900d743d	f:system sound
9f493fca5ff6dad77739362ea676082e5ec7316e	f:oalsound f:system sound
72ddc0d935c588e26dbbfa7cab32a3f7c389f41b	f:oalsound sound
a661797aa87d19e6346fb4cdb8ec6a4d87fa4257	f:oalsound sound
73d8659f231fd6cae35fd68af4aefee8bdaabc3c	f:oalsound sound
07a50c604e34d1808ecce5b34def000dae6d5a60	f:oalsound sound
e39165655da2e06612e2818bf0aa8aff93be9332	f:oalsound sound
364065f1217eb6ca38817c7c3edfb80e35005ae2	f:decoder f:mpg123 f:soundinternal f:system sound
1310a4a8146819ef5b45f1335c21942abf51575c	f:decoder f:sndfile sound
eeae36fbf7f1b980ed7abc47e7631ec679025e9a	build f:audio f:decoder f:mpg123 f:sndfile sound
b1c98acf33c962c7c05be1152fa1ae4bd5daaeb5	f:audio f:sndfile f:soundinternal f:system sound
73d51a4446d038234b17bf7636a2bf9f8f8fbefa	f:audio f:mpg123 f:system sound
ca76c2525e63fd9ae5fd6586017bdc3511fff74e	f:voxels gl models
59448941389c01f1b7fcfc2d9b89f28d5e8781b5	data f:vertexbuffer gl models
77b1febd0eab6458b55a37a77a2f6b3beb88f277	build f:audio f:mpg123 f:soundinternal f:system sound
3e9b9c280bcddadca4c2b7854535ef4deb3884c5	data f:setup f:sprites gl models r_data scene
412d6499d967c9ab660c76756df39c1ee7cec0ed	f:voxels gl models renderer
03916d75de18162fb7efb1bb6c6ad25b7b60b4ce	f:voxels gl models
59522f7065f6d32fb75e8d966e36f88380da51e3	f:interface gl models system
14618cbf30da671965269303445375b7c7ff3d94	build f:oalsdlsound f:oalsound sound
b38589e2dc404fc22897fab5d87ebdccee96a67d	build f:audio f:oalsound f:sndfile f:soundinternal f:system sound
6457ced53fa30a2a39eff7f6ba9e9ce7027c51ec	merge
7374cd34cf204fce8eb0ff5ffce3a87fd580ff8b	merge
d30bf6768eb4f01acd7de3818aa6ffc0ee90c969	merge
7757755e40c353b931c69fe5ed58af2685f56974	build
5370a1cb46fb795f94601924be8f06a5e7e2de3e	f:soundinternal f:system sound
b94a2949e5f63909597d999104dbfe6d7a440b26	f:menudef f:oalsound sound
34c9a4743597f50c474de82ac41778ca53b6f9b8	f:oalsdlsound sound
cd550cf9b6390e5946564447264a84800818d8c3	merge
2d896d2b47b9c752ae010049bb21e7d314d7b2dc	f:stuff f:wi
a3a7ee569f97499df524ba17ad33552daf4cb432	f:hud f:language f:readyico f:scores f:stuff f:wi graphics
13c4e993ba831a64f437c92a81d402bf878c0ca1	merge
5a0f1a882a5b1e10c31db0bcdadf5703abbb3bfc	merge
965a2a2d791c9f966f7e0eae4f63eb931d83c176	data f:vertexbuffer gl models
7ff7c151a8a0c390a5eaf1b914a6d0499c51af85	merge
82de7e6357fde023c81ace8b01574c25ec51dbcb	build
e6f14b055a6b10aaea80a952d79b9ec2ee91a621	f:cvars f:flats f:portal f:walls gl scene system
0e21057a2a3b4e01975a978929dd6535fba14f70	merge
160e70f8f27394eccd7d757fd73c9665cdfe1d65	f:oalsound sound
2838c4b25bab4ee375e282e0f7e6aa137f1008bd	f:local f:playsim f:user
1aaa1b7bad8a83ca7689d37b94c4c55e896d969d	data f:flats f:shader f:vertexbuffer gl scene shaders
ea332383a8de95e3d379ae171a6983f023ae8747	f:skydome gl scene
6b038a5daed5a4db7e4452d835957b827f53158e	f:portal gl scene
2abf1644a443e72bff06ee5afb68527a2850ff57	data f:vertexbuffer gl
1b91a8f88cf7cf2fc5dc802f6d11d28918c2b600	f:portal f:wall f:walls gl scene
3644073bbd57161c571b666b0cdcade298637c8a	data f:decal f:drawinfo f:flats f:sprite f:vertex f:vertexbuffer f:wall f:walls f:weapon gl renderer scene
5b302ed3a6157acb56820c0871b479aba7abd072	data f:clock f:flats f:sprite f:vertexbuffer gl scene utility
0ce6b406725407420df2a1fd10bd549d3b0e312b	f:interface f:skydome gl scene system
5e22c82e79a600c7031d2c86442ab38d857db597	data f:skydome f:vertexbuffer gl scene
4ad1e0b4cb38cfd553c99315ffb9bae2acdf4c1f	merge
8d9a90cd229edb2ba04e1c82cfd9e24f82be229c	data f:interface f:renderstate f:skydome f:vertexbuffer f:voxels gl models renderer scene system
67c6690689b98b36bffecf557dffe9dca875a810	f:interaction f:playsim
3c0ba494f99bb309135f776bb90c5990f146ce1c	merge
2d8813a1650e6bb2e12a13e275b75444523409f3	f:hexndefs static wadsrc_lights
842ef86e73efc3819b61289db0cba5e6c66ff364	f:game
20adcecb1d480724ebccc9448d2bef562c3ba59f	f:glnodes f:playsim
3e7b0c29165114d543669bb00793920412f37c08	f:glnodes f:playsim
9cd074ddf3cf65fd2192320d34b8e5a05357deb6	f:playsim f:udmf
96e4cb90b7e48d40ae07353a34db60318b87b19c	f:misc f:specialpaths
2ad47935efac562bf1b1edb3ac014e2a183fc1b2	merge
7fedaf92215a3407a558d267ae03d6d98d470a55	merge
a26fbc74f091270bd127cea737d4135074de94d1	dynlights f:actors f:dynlight f:hirestex f:material f:shader f:skyboxtexture f:texture gl shaders textures
90ac160b70be7217425e34769dfd107816db6a19	merge
f1661f1419d1d9026651caacf881415d6a973415	merge
3817bed0b3dcbc1dd85f6c1c745e5de9ba0b0759	f:actors f:weapons g_shared
e8513a64edf92bb767560b2239c8f91a80ba802e	f:compatibility
d925279befed7d9d3c514ec9cf55c4900c3370e2	f:skyboxtexture f:texture gl textures
98c25deec19039f61d3ea11e510e4628334c7da5	C f:CpuArch lzma
3c5d07e9c6b27d7eabcb74fa10d5ac2f6c1a5701	merge
c39318f406a12c48d997d6169177edef91e3d320	f:portal f:vertex f:wall f:walls gl models scene
8f5683e23d61825e77b2c7b68312a01cf4354d61	f:actors f:language f:pickups f:playsim f:secrettrigger f:spec g_shared
75cde0b2219fdd798eaa30e1d41ce33dd696b9f6	f:actors f:keys g_shared
72bbb19cc7b313c03a77c5edb3a1c689469f5d5c	f:actors f:hereticmisc f:hereticweaps f:iceguy f:ironlich g_heretic g_hexen
b285cbebe4fb7f3a84240eabeb4276761565567b	f:animations f:jpegtexture f:multipatchtexture f:sprites f:swrender f:texturemanager f:utility f:wad r_data textures
9d846395bc0e78a3881ea8530502125191a5a4c9	build f:console f:consolebuffer f:nodebuild f:text f:video
a1ec6ab1ba62361e3f9c35ba706369c6953422fa	f:shader gl scene shaders
e813ddf251691299f490c6930045c07a62f6a9c2	f:material gl textures
01e909070a29f64cb2aff37b7eff15bbc82d2fa9	merge
12c038a234e5ef81e881d4ccfa9c549c8cdb2077	merge
360e7d17f29912fc64b6becf58d6a0bece8f0481	merge
39775cc904b34b7470abaef6c483eec5709c1471	f:main glsl shaders
54425ee2efd4de0e8cb501dd214b3c9d6b1ade9e	f:main f:renderstate gl glsl renderer shaders
0cf37f2e512b4467b9826d54fff623cf5aee2d30	f:renderstate gl renderer
f5ea31b51810d52642723e626344b5bc05f37ca8	data f:vertexbuffer gl renderer
09ba62fbef5a858ea5ed35f5926baeca74988441	data f:decal f:drawinfo f:flats f:vertexbuffer f:walls f:weapon gl scene
23fbd6996390dc134f8e0d1098a5b4da34542613	f:drawinfo gl scene
261bc778467ac07657b35ca92e0d0f69a092a32e	f:playsim f:pspr
8ec95dc58eba6a0197b733ff2a6f7a3dc5b6b36b	f:game f:level f:version
582b1990b7f342601a1976c85d0ce2b25343458e	f:multipatchtexture textures
d2b0596cd44a2092a39071888d7f1df188b694b1	merge
59885b856deb34fe11928a3ca1277ad8315af028	f:buildtexture f:canvastexture f:doors f:imgztexture f:multipatchtexture f:playsim f:sprites f:texture f:texturemanager f:tgatexture f:wad r_data textures
6e6be8ed5b877e2a511b1d933b4ef2ca996b6ddf	merge
e84dc994755b09c8039d231fe6230eca4d577f4e	merge
4acc04ce68f37a1340de81f0d754fe8951fa47ca	f:game f:version
cfef89486740cdfca0682dcc60caf2b3cdb5bbc9	f:main f:net
26b1abe3dab611001b49ce717853b0accd8c5516	f:main f:net
ff7913ace8156cd8bfda3533f3afcb77897d1646	f:game f:level
ae8995e65b6308c53762f61615d93dc7d3a8ea5b	merge
8443de3f33d173b64a4b6aab10b11d1952b0d32b	merge
e92032e8ffe73da1ce3fe61c94fc2f7e447a09d7	f:doomdata f:playsim f:setup f:udmf
76b4ff143f83f7b9f12b252c1f6a30a7320af3d7	merge
d3dcc04666f8179b16ef4fd8624ac68ec441f3b8	f:main f:net
25f4af734fa73006fa48c6463ce09c9b84aa1368	f:acs f:playsim f:texturemanager textures
49e0eb03cc377a0decc7d10a0cfaf75c47425ad6	merge
bf6a193e5bc3806131e0f7b9493274003c142bed	f:game f:level f:mapinfo
03d4f23a6e94b9c6d89ac3dcea2b187014d1384c	f:clock f:material f:skyboxtexture f:texture gl models textures utility
4e64ad847bc0187509c3679995769ebe0003e28d	merge
bfb59445175c34a7d0f3434a61022c495bd82661	merge
e3cd144af9692192accb853691a6ccf4a6d5ae2d	f:game f:mapinfo
adcdc11360c9672105c9c8fabb989247d1f2cd40	f:main f:system sdl
2944e4f6ae8601ca567baafbe9b6e80daae138a3	f:main f:stuff f:system f:texturemanager f:wi sdl textures
802a47876602251c9c7ec6bd7f63da21c3d24165	f:heretic mapinfo
85fb8c4326a0f5ca010f0495275d04ccd4d8860e	f:nodebuild f:x86
51ed68dc7243cf00c285526a8009a2fa2d4c427d	f:chex mapinfo
388f09f786d5ab3927d3bb6d76895b043a18bdb6	f:chex f:gi f:heretic f:mobj f:playsim mapinfo
47a9dab56d74fe021f454bccec91e57715f6db94	f:namedef f:playsim f:udmf f:zdoom specs
8c052818b7acdc428a590a0c0cd8922d5c7aeb94	f:texturemanager textures
fdfcb728a970113548f6aafb425fc77eacecdfad	f:multipatchtexture textures
a375454474266fd753863ff09271947d20dfb4d1	f:acs f:game f:level f:lnspec f:mapinfo f:playsim f:setup f:zstring
24886b6734523df3c5b8847afb3465465299f839	f:acs f:actors f:cmds f:commands f:console f:game f:heresiarch f:level f:lnspec f:load f:main f:net f:playsim f:sbar f:sbarinfo f:setup f:shared f:spec f:statistics f:statusbar f:stuff f:system f:zstring fragglescript g_hexen g_shared win32
e49e926bd95a95f963859878fbb2d2fdc074b60d	f:actors f:defs f:sectoraction f:swrender g_shared
30f57c0b8e31dbc703d15180614837a43de08177	f:acs f:actors f:artifacts f:namedef f:playsim f:properties f:renderstyle f:udmf g_shared r_data thingdef
ca4179caa3486052a3faac818225cf3dd0d8849b	f:animations f:commands f:font f:multipatchtexture f:resourcefile f:sbarinfo f:texture f:texturemanager f:video f:wad g_shared resourcefiles textures
ebd6c18bef6ed7e2508d8ee14cb3b65d1fe587fb	f:game f:level f:mapinfo
a22670626c1b81a7bb97a2742741f50d7541cd75	f:draw f:gi f:sbar f:shared f:video g_shared
a05e62f3f7b4d690ebe5398a5c76c7c796bfad36	f:actors f:armor f:console f:draw f:gi f:main f:start f:statusbar f:stuff f:video f:wi g_shared intermission win32
a05e584b81e4f4dbe4df414f6ab30e65e08408f4	merge
60f0ab5f1b4de47ae4bfb01830edee896b490774	data f:vertexbuffer gl
e718a72b4d3891f1207ab66fe081eb8c733af23b	f:game f:level
fedf9c6a5ba40e4166b9da6874a7454a174d38fc	f:colormaps r_data
65e8563cf44235725ef0f198f48956eca9f467cf	f:acs f:automap f:cmds f:console f:draw f:game f:level f:load f:map f:mapinfo f:playsim f:readthis f:texturemanager f:version f:video fragglescript menu textures
579eff5b9648d671579a4c68c8d4aa0e58496485	f:decal f:flats gl scene
cf45f2d718eb9548f7eba91565fcaa860fab780a	f:burn f:shaderdefs f:stencil f:weapon gl glsl scene shaders
b514a815f4341c29ab05b075e7b3e36c7aa1f668	data dynlights f:actors f:dynlight f:sprite f:vertexbuffer f:walls gl scene
9c659b948c8b857dbb56d26e1d367003a6324826	f:material f:renderstate gl renderer textures
55d4c89753d96a226f739febf9e57e0fa2d7968d	f:renderstate gl renderer
4d005bdfa0aa769331241005f59b66130266d425	f:bitmap f:brightmap f:colormap f:defaultlight f:fogboundary f:foglayer f:func f:fuzz f:jagged f:main f:noise f:normal f:notexture f:renderstate f:shader f:smooth f:smoothnoise f:smoothtranslucent f:sprite f:standard f:swirly f:warp1 f:warp2 f:wavex f:weapon gl glsl renderer scene shaders textures
98cc7eeb99087e3e2976c9474bd05d08ed3a926c	f:decal f:drawinfo f:flats f:lightdata f:portal f:renderstate f:sprite f:walls f:weapon gl renderer scene
b9a6fe80a466fd39afa063a5f245d944919d8ef8	f:colormap f:decal f:interface f:lightdata f:main f:material f:renderstate f:sprite f:weapon gl glsl renderer scene shaders system textures
506798f134c857557e5cd15b093a2976490ba3b2	f:flats f:shader f:walls gl scene shaders
c47c7421a36f4594f1637367607ba09666c44b35	data dynlights f:actors f:colormap f:decal f:defs f:drawinfo f:dynlight f:dynlight1 f:flats f:lightdata f:shader f:skydome f:sprite f:swrender f:walls f:weapon gl renderer scene shaders
978ace241c43562fb805530a9f8fc271d4b78a21	dynlights f:colormap f:cvars f:decal f:drawinfo f:dynlight1 f:flats f:hwtexture f:interface f:material f:portal f:renderhacks f:renderstate f:skydome f:sprite f:spritelight f:texture f:voxels f:wall f:walls f:weapon f:wipe gl models renderer scene system textures
887d35d559820d9ffac14f17e09b9c1557a2c09f	f:bitmap f:decal f:hwtexture f:interface f:lightdata f:material f:renderstate f:skydome f:wipe gl renderer scene system textures
7793bbbcc978d766c1ac0621e543005ed96a9b84	f:colormap f:decal f:interface f:lightdata f:main f:sprite f:spritelight f:wall gl glsl renderer scene shaders system
607be91c4858244ad49ed4cb3c384f2b97a9eb47	f:lightdata f:renderstate gl renderer
8ae97bc3e10930da267fdc61e748d41f7607ffef	f:lightdata gl renderer
52056a05bda71b47740ebc5567fe367df8d2f5fc	dynlights f:dynlight f:dynlight1 f:flats f:lightdata f:main f:renderstate f:shader f:skydome f:walls f:weapon gl glsl renderer scene shaders
53f4cd010837e3bbdd4c897daa97d44a7ee8a911	dynlights f:colormap f:dynlight1 f:flats f:func f:main f:notexture f:renderstate f:shader f:sprite f:walls gl glsl renderer scene shaders
f3a9cb0cfa7a9ade4878f2fed84ef1a9f20d8552	f:lightdata f:renderstate gl renderer scene
5947584bffe691ea7bc3dbfc0ccb18ac7ddffc63	merge
cd6d653b59e8821f376e8aca6929f8091ff032cd	f:renderstate gl renderer
09f407143649616bba8c35755dced5711481504e	data dynlights f:colormap f:dynlight1 f:fogboundary f:foglayer f:framebuffer f:hqresize f:interface f:lightdata f:main f:material f:menu f:menudef f:renderstate f:shader f:sprite f:walls f:weapon gl glsl models renderer scene shaders system textures
92b98144607907fa391828d91662f282437447ef	merge
a42cde0837598afee01ea0cc6df6d1027e194362	f:interface gl system
f7404d20fb77b6a2fdcee179e54828e1618c27fd	data f:flats f:vertex f:vertexbuffer f:wall f:walls gl scene
7d3beb665b7a3e802ef57091ff423dffc7bf29b5	data f:flats f:interface f:renderstate f:vertexbuffer f:voxels gl models renderer scene system
b09405a8bd2f3cb5918114d903d24abf00a34fd0	f:main f:renderstate f:shader f:vertex f:wall f:walls gl glsl renderer scene shaders
64d991b9b3e29ac03c65bf8042acf2d8be4b8c67	merge
7c180e5094ea953c7e575c4aaa99ee09d7a7872e	merge
458e1b1be2a7e76045849050f32c76b2e5c28d44	f:playsim f:usdf
a7f8f7c18b5f9b1dacd194ad3d941f0a69d7b254	merge
ea7fb936a83d66d520ac45b110b0d74f9f29b136	f:7z f:file resourcefiles
6988156d0f6ea0a5fa143a4fe08065ddc364db2f	merge
1d4ea9f16286c600514982e6d22f2ebc36b6192f	data f:bsp f:fakeflat f:flats f:setup f:walls gl scene
2223c12938ab24995a798443bee841b1fa249563	f:acs f:actor f:playsim
63a0e01c6a62b92256b2d94535d7ef3300b1c70c	merge
67ebbe3ed4bb2028c8850157d9e551569cc0aaba	actors f:acs f:actor f:codeptr f:constants f:mobj f:playsim thingdef
890e9ecdddd36e1075098a3dcbaf0a93f73ddb51	f:mobj f:playsim
fcbb72a4d45760c3f4512cea6d535b7ef12ecb15	f:enemy f:playsim
90e9937b71b6d846edbd7ae245189e9aa3353039	f:main f:net
93aa1ea2c4da75918f19b97d9dfead98952b1bd5	f:actor f:enemy f:mobj f:playsim f:things fn:A_FaceTarget
a4076ffe38f22328e348f1f2606d361f56a7d310	merge
a9f1b54d2db91a3ff28f7198b4c8c5420dc73c42	f:actors f:thingstoblowup g_strife
34360e7975f231f4c1d3e320abceb53214fcf406	merge
104a07d461bd8f75622a8674a7cb390174c41b9b	f:main
6183f8125fa4dc00db087b683bc08b8deb68e3d2	f:game f:level f:main
d6af8dc352f2f87bcbeda11f932a6fbc574fe883	f:game f:level f:main f:misc f:random
314225f1b0b8f95433d4099f35b90dabd4368e62	f:common f:hq2x f:hq3x f:hq4x f:hqx f:init f:mystdint gl hqnx
cc4305e86c37d46f62ff56dbcf43e25164564de9	merge
04c5a38ac639e407b375a5961784337ef63f550e	merge
76fdb4905f37735956c1a03d7ad9e7e9a86762d4	C f:CpuArch f:Threads f:Types lzma
64d4ddf559e7d66b20e11c1b3aeaeed361886dd7	f:lzmalib lzma
94c4f38c584bc679f2c278843ae42f85f74a98c1	actors f:constants
3af7d8a245a3d8c310fb8077a14ecaec36df1714	7z Archive C build f:7z f:7zBuf f:7zCrc f:7zCrcOpt f:7zDec f:7zDecode f:7zExtract f:7zHeader f:7zIn f:7zItem f:7zStream f:7zVersion f:Alloc f:Bcj2 f:Bra f:CpuArch f:LzFind f:LzFindMt f:LzHash f:Lzma2Dec f:LzmaDec f:LzmaEnc f:LzmaLib f:Threads f:Types f:file f:history f:lzmalib lzma resourcefiles
6b26b710b84110b4f96e27da59dc9c8329948e86	f:7z f:file resourcefiles
3fa89b4e9fb9579b2b77927997dbc41c4cc876e8	f:7z f:file f:grp f:pak f:rff f:wad f:zip resourcefiles
a0d4bc0a895620ca2122cad7e248bf0ddda111f5	merge
3f8c7239af9301d6bce955b2595861e3c82395d7	merge
7c3660087ed7fc1db18c0ae38285a14f6f5a5c9f	f:properties thingdef
265917c923bb33bac32d91ad15ebbf79b1d169dc	f:acs f:playsim
1c50b5dd6f764eb70f29624cead70a929ffeab9c	f:playsim f:setup
c7354c571fcbb4f0e8c85eb327a680490cb3ab3d	merge
4517079e82603441b8b45f40137e0fb4a589df8a	merge
97c7f2c5ce8a1e088bc9b7d6b6cdaf86e2bfedf1	merge
7cb828d7633eb8e8b56da18ef7f0021968014721	merge
60fe07df7451176803f4fe28b42160d02a72bd9c	actors f:acolyte f:crusader f:reaver f:stalker f:strifestuff strife
584dd78ba9dd67c7f3045eae87089e8e4024bea6	merge
897d87a6a3841a0e484cc5de1e1b411848a3c6a8	f:enemy f:playsim
d855bd66b301ebd8ad969e6816a4c190d9e3ec8f	f:enemy f:playsim
29231fa3b79de17253f9484b169a726ed5b9e0ec	merge
48b926e5b47cf2380db412b6c08e8c7aeec1138a	f:cmds f:console f:dispatch f:main f:system win32
94d47efbb5fa2b7269b50858a9dda9307c436ebb	f:strife mapinfo
83182b703de94b7645026db155e979bf0535d778	f:actor f:game f:info f:level f:mobj f:playsim f:skill f:states thingdef
017c919f3991cd927b0a7ef442c29641bba7f4f9	merge
361341e07ef6dcd7533275ccfdbaa20ea4e0bf66	merge
c54f5571ea174c19022354eb35dd3704d08f5ac8	f:playsim f:setup
6f2fd8edbfec14a62a6a96ddf3b1050ab3ad9bcb	f:playsim f:setup
8e3360453fa5d90cbfda05e28817060d8f98dde3	f:playsim f:setup
e5578934ad711fa2e38369f1bbe9e1eb36fc191e	f:mobj f:playsim f:setup
745b147d185f38d710649c61aceac68a93fbbc3e	f:defines xlat
94b06900cbcef33f5404ae007190aaba6f246af6	api build data f:glext f:hwtexture f:sections f:wglext gl textures
6a3a159e098d5a5a6993f3f045f316d9093111db	merge
dbefac81d8e3d4575390d20070190a6f7b76d410	merge
4e683d360d0852df3c8505f6339ed27c0dc9e954	merge
2205ca606fd5302eaf3ed35661d4660b09cc378f	merge
42708386138aea39d712df72b80a410e92243b4a	f:enemy f:info f:playsim f:states thingdef
101107b1e5ea3f498747f31291d10694d7dbe09f	f:playsim f:udmf f:zdoom specs
4cac599b8899abd3385eeef4bece05c619d8aedc	f:actor f:doomdata f:enemy f:mobj f:namedef f:playsim f:udmf f:version
580094a7924ea586bc0c789e55d51aa3dc3f2287	f:defines f:doomdata f:mobj f:namedef f:playsim f:strife f:udmf f:xlat xlat
bbb41e869c67cccec3c177e2cfa06b7fa7fc6b46	merge
ca93e04de37cb9f105c7c8d0106868013b403395	f:acs f:playsim
69af73d9b98b1f8b8f0a4b81a0c5f3dcad448f40	api build data f:framebuffer f:hwtexture f:interface f:material f:portal f:shader f:sprite f:vertexbuffer f:voxels gl models scene shaders system textures
878dcdc0a46315227ee1d558ead5dbc538f34e55	f:directory f:file resourcefiles
d74f0450041a2219dbffce58a00e9d1d1934d50f	merge
940794929c2a0d31a3bc8d82354e19ead8dee8df	f:acs f:mobj f:playsim f:x86
f429510cd1ca373f366422761800a55ce4490d8f	build
1d52d75fab2929dcaac4e75ebadbed253e410d40	game-music-emu
138e7ff749281ee33960a16b34163db4783f4919	f:Ay_Apu f:Ay_Cpu f:Ay_Emu f:Data_Reader f:Dual_Resampler f:Fir_Resampler f:Gb_Cpu f:Gme_File f:Hes_Apu f:Kss_Cpu f:M3u_Playlist f:Multi_Buffer f:Music_Emu f:Nsfe_Emu f:Sap_Apu f:Sap_Emu f:Sms_Apu f:Snes_Spc f:Spc_Cpu f:Spc_Dsp f:Spc_Emu f:Vgm_Emu f:Ym2612_Emu game-music-emu gme
fc97584c696ac4b7ab988b978f9fa5798ad21a5d	f:doomtype textures
43fe317dbe81545685807423784e945bc1ae2a74	f:plane f:stringtable f:swrender textures
47406a3406b0048e976edb9d92d69592112ec014	f:common f:init gl hqnx
e446a8eb30102ab5e5f231500d1520111be5dd7a	merge
0aba6e09f3c53b012e0da38552e42253935aed52	f:common gl hqnx
fbddfbe57658cc3d94d32dc86ecc3b3903ce1858	build f:Ay_Apu f:Ay_Cpu f:Ay_Emu f:Blip_Buffer f:Classic_Emu f:Data_Reader f:Dual_Resampler f:Effects_Buffer f:Fir_Resampler f:Gb_Apu f:Gb_Cpu f:Gbs_Emu f:Gme_File f:Gym_Emu f:Hes_Apu f:Hes_Cpu f:Hes_Emu f:Kss_Cpu f:Kss_Emu f:Kss_Scc_Apu f:M3u_Playlist f:Multi_Buffer f:Music_Emu f:Nes_Apu f:Nes_Cpu f:Nes_Fme7_Apu f:Nsf_Emu f:Nsfe_Emu f:Sap_Apu f:Sap_Cpu f:Sap_Emu f:Sms_Apu f:Snes_Spc f:Spc_Cpu f:Spc_Dsp f:Spc_Emu f:Spc_Filter f:Vgm_Emu f:Vgm_Emu_Impl f:Ym2413_Emu f:Ym2612_Emu f:blargg f:changes f:common f:config f:cpu f:design f:endian f:gb f:gme f:hes f:nes f:readme f:sap f:source f:types game-music-emu gme
1d1289722f14bea9f32fbaad3a0c7a151f838c66	dumb f:readokt it src
4406578522f991e7f1edcc54a38aa788993edec7	dumb f:readdsmf it src
3670acbe63f07583d03c165055303f3e76ddc398	dumb f:itrender it src
072db7920df86da942dafa4e438ad92e2e037fa8	merge
59eede6e6ced01c08c9e9af4d7f7d02386313289	merge
7261af1d9ff3de3d600e8e1815bb19f7e99608e1	f:hqx gl hqnx
546ae759fdf3abb27f01f0b70ff550e703d917b0	f:playsim f:user
be33d2894ac59be3d8424f145113cb8248645b2f	f:playsim f:user
3e41685536b1ee3de64ce905b6770bab54a95bfb	merge
a9bea7d77403fe25b3e6d93ab07011864f551d3a	merge
edcc2576673d09f353441abd4db096251877d0bd	f:acs f:playsim
bd3bd0ed227a1e580ca8ebdec763c2b9ac68a7a8	merge
e983649731ca693465d324403239b88ca8610528	merge
639367df8d650758b1fecadb3bcfdae6736b79d8	merge
55844e00e53f6c97ab9994bc6c353d6687079c28	merge
016cc7ba9608f528a4f57261d093aaf89f3f32d6	f:mobj f:playsim
79f6e77e2ba617e3496f7178a94811dbabad3092	f:mobj f:playsim
c47d77228d08840503aeeb7c4acd9e431193b9e1	tools updaterevision
a97b068ed7df7ff0f04d521b69f5d81392a3e8ee	actors f:hereticimp f:mummy heretic
6e87ee80e4e5b4cac6e03fa75e955d924c46505c	merge
8f97e96af187d44ae095f35511b6b94491668ddf	f:colormap gl renderer
bf0b85008835451507d71e4d3e83270fff9cd4e7	build
4909aa750fa44853e88647509dac2049522182a1	build f:Image f:common f:hq2x f:hq3x f:hq4x f:hqresize f:hqx f:init f:menu gl hqnx system textures
d7a2435703f56ce36c00892f31c3a582bb947b7d	f:acs f:playsim
697ef02871d10c8cd01be7f445eb6f46681fd73f	f:acs f:playsim
6a958b032c2d060bf07530aa314c1173a457c9f6	actors f:heresiarch hexen
d7e81d2cb4621ba47a944ce28d367ce7956ee2d3	merge
5789ac624549907a7ff4c86edce5142083290876	f:nodebuild
3c8e9b6dc06cc0fbd2cfeed77e48f58c5438d327	f:sndinfo
f96f4cb0a2312a672fc848824ecdf514c9e82d77	merge
6aa56202b635c7928c1d7601ac43a8d6340d7e6b	f:glnodes f:playsim
40771d22a53dec3f023eae8252f3aaa204267fb1	f:map f:playsim
55362d229639e3231c0226b25951cdd19abe834d	merge
9dad8bdbbed9a7d8c0779b926613825ec8a92374	f:game f:level
f44dc926e6880777f96f884b42e4dd95f665b097	f:mobj f:playsim
79abe2d4e9e4b913c43a05c84396dbbc496441b1	f:main f:player f:playsim f:user f:version
6d89fdbd5327b1c48bda6c1de471b0fca5d05dde	merge
8924ecbef9c4335c1ba71029387275a5a829d50c	merge
1fb757f6f120e2b7d09213b5da3f4976e1443868	f:font f:game f:level f:video
4a23b97963d8e57d4c62efa41323910df903d36e	merge
8c6b4c12b689875bfce1469d96ec1c489c20338c	merge
e7f427aa60ac3b6b2eb6ef089b14321753b230f3	merge
1d4f4b25d74fccc8f4c5e42811707e0606ce7adb	f:multipatchtexture f:texture f:texturemanager textures
5a5fb9b3d19372d9323ba31fa5689fc95f94250b	f:playsim f:slopes
a60918f601aa6bd094568340b26906f0f03772ae	f:compatibility f:doomdef f:map f:playsim
db4763b14a0bfa0196ce41a96e96f5e724927291	f:main f:netinfo f:player f:playsim f:user
8644a9443a4cbb189aff83fdb958141f602be247	merge
7052d4e14e31328b5f14803b3aca20860f9a7e45	f:main f:netinfo f:player
0f7ad00d9a0ab45b75840f98df059712b48ac394	f:mus f:opl oplsynth
a72c4bc6428537f8fc5254e3010c37f22860945a	merge
d430c18574fd6d72c751f869c4b3cd3312990b46	f:mus f:opl oplsynth
c7301a0fbbb738b84f4281308bdb06380ab256b8	f:mus f:opl oplsynth
eda6632fa57912b353c179c258dab1b8ca61d18b	merge
3437b08c1ad452f460a8fa416f36a43b23f3d46d	merge
d0782d779d1b955e69811fa6052997ab153ed366	merge
78f85340d8ceae58c5da9166ed09982466ef307e	merge
3111f8f93d7a9247b98ae96e67c50e9a6be7bd3f	merge
9dacc9cc8d466e53d3f946dffc1e3601d1cac120	f:mus f:opl oplsynth
bd2334a2d3fa5bda4ae957e408be6301c9ec48ff	merge
732ee11da1a539fdf68074c2e748d84873728a83	f:mus f:opl oplsynth
5c2620986ea67646a45bf1f0cc7f5e8fee0aa251	f:iwadinfo
18f2644162734b98b1aa83798eef9940deab32b8	f:codeptr thingdef
5c23ffb7bc2b6f2c56dcb23a0caf19d3eb7c6f65	f:actors f:entityboss g_strife
24903246520dd4121728de044112eb83053201a7	merge
d7478bcd683d609404ae664342de6e6b7ed94ac2	f:iwadinfo
3e318e45552f4c88b8c385a16a5a700a4f4a0a32	merge
861a0f0f0995d9de7ecc324216fced54da3511c5	merge
02cd6eebf443579bd9ade2e1396400ab49bd398d	f:codeptr thingdef
dd5f2731282a27f811f1c8a5989028dd7922d52b	f:actors f:entityboss g_strife
0db82f02cfb7bdd555a2a45d605bb7af600163a0	f:mobj f:playsim
3cff307e7756aae6e0f8c255f5a8a6eaf28270ec	f:acs f:playsim
8b02bb55aa3561eeb06bf4cc6320b609f7af26b4	f:fmodsound sound
5e68e5873c0e0fb9f88c92dde62f92f6a64f891f	merge
4e53df8bca5e0dad98c6bdac9b1b5d9acf479d1d	f:main
7b63ee8ded88dc1593fd2a0a7b9acdeb2901b218	f:gitignore
0442c51d54d351ef0f497191be91c7410cc96e2c	f:gdtoaimp f:zdoom gdtoa
efa9e0c3eec49f3a2d7aae11d8e4e4e2b4a067db	merge
811a75ebf659fc81969126b8bd1ece82a3e23371	f:joystick f:system sdl
27f6b3c9f37e4fe9cb1fe0b3b308fe9083215a60	merge
75fd674d31c53aa68a2e84ad74c0b2310069d084	f:console f:doomdef
919b9283005a7431cc8c78aabaa1fe0181f6f275	f:conversation f:playsim
ebcd0e9c49fc7eb4b284e623244fffb5417c638b	f:plane f:swrender
7af8b78b9fa5ec066cc6ed7a01d041850e36b07f	f:main f:netinfo f:playermenu menu
e5d7077d743073c5780087ee1d0b3082674f5f5d	f:hereticsw f:mobj f:playsim mapinfo
6f7885210ba804d6f2ad6f5e8c03467ad983fc82	build
70717cd2fab2183ce27e7eedfc03e77806d76d24	build
7954263f5c2ebd864c2cabc5415159e375bd7b2a	merge
dc8f81c2a7ccb53f4e6aab22f5f2dac51c6162d4	merge
6824e8c93147313be8d3db342214177afae52546	merge
1fd1ac9babc1d779318452614bde76ae3ab5ded0	merge
b329a34a583933394788bd464ffaddfb0375f169	build
e126c3ec2f2b0517b80decfa124f2ed4523b6a17	merge
9a74f96702bd14dc2f8a6bff3ca49e2940e2f8ab	merge
2d3a80fbd91c9e0d90b460488dc97ce26335bc35	merge
884928687dc12967bbb336ee27c09c5396c42896	f:game f:swrender f:utility
aafea851f0fa334efaaafe1271b15dbdb5330854	build
f51fcd90b3f08333fc9c2935cfedfc4c8026a7d9	f:system sdl
af3e619232c05279c7317b5ff74fcccf9b5cd99a	merge
2501dc6df68e749094b4517a48c81f9a7b4fe1d2	f:acs f:mobj f:playsim
812f2d92300f5f49701dd602fab605f0979ee2ce	build
725d3e3f530be44aea34a0ef1acc3915b913c051	merge
6db974918a67fafd081954714b922e7b2e1d4d30	f:net f:system
db4a23e3c45dbe6db1b4164ad3c18516c9e1e200	merge
44c4736de3d49dd0c451504c5544d5692d30828a	f:main
fa516c5ee6a1d13ee65484e309a8b3d8a492f1b5	f:cocoa f:iwadpicker f:system sdl
bbd3106cbb9f44b13694d29e1f7e4ed64a1e888f	merge
d8ff4ec281f97310ac40644cff488b5a7062c256	build f:__autostart f:acs f:autostart f:autozend f:cocoa f:console f:crashcatcher f:d3d9 f:ddraw f:fb f:files f:fspic f:interaction f:iwadpicker f:joystickmenu f:main f:mus f:music f:musicinterns f:muslib f:nodebuild f:opl f:opldumper f:optionmenu f:optionmenuitems f:plane f:playsim f:sbarinfo f:sectors f:swrender f:system f:video f:win32iface f:zzautozend fragglescript g_shared menu oplsynth sdl sound win32
b3f5de356f14e2026cc9e5738e8b58e22e7daa44	f:commands f:sbarinfo g_shared
cd3f5db16a8866d7ed2e97a05ab74e1f631feaf2	f:README f:arithchk f:ddfmt f:dfmt f:dmisc f:dtoa f:ffmt f:fltrnds f:game f:gdtoaimp f:gethex f:gmisc f:hd f:hexnan f:init f:misc f:qnan f:smisc f:strtoIQ f:strtoId f:strtoIdd f:strtoIf f:strtoIg f:strtoIx f:strtoIxL f:strtod f:strtodI f:strtodg f:strtodnrp f:strtof f:strtopQ f:strtopd f:strtopdd f:strtopf f:strtopx f:strtopxL f:strtorQ f:strtord f:strtordd f:strtorf f:strtorx f:strtorxL f:ulp f:xfmt gdtoa
005313c00e61c0ab4bb3934d8dad03fc050c4507	merge
b0f40c07338cea851f03720e7355b4ed71d55705	f:mugshot f:sbar g_shared
4770b9b27b0aebf29117ca1345db0cf0d0ea04fc	f:mugshot f:sbar g_shared
a62996386dc5e4835ff5901f1b159876238fd645	merge
511bdc7208ea0589b059a49b2b43c5f761a53e7b	f:parsecontext
50cec119a08d048fc61a38f639a0acbdc1f8f0f3	f:parsecontext
1e50a0af9ea70967bb4e2d5f343eb23e31e979df	build f:gdtoaimp gdtoa
49edd7c60c53376a09c385adf841960f71b81662	build
853c1c4f1ec963bb28ab6e02b7f59c763b2806b8	merge
455145d611e0707fbf4f6fbcaf9cf7b82cf1b94e	f:main f:net
